{"_sessions":{"Ba2lfTSGPgfhHxsDu1R9EHKgrFSts7QKRiFwVy0m/dR/":{"registrationId":303798718,"currentRatchet":{"ephemeralKeyPair":{"pubKey":"BScJJK+MdZvP3pIqHqg/K1JkguK3wB5hvsYWfdLL6DFR","privKey":"INQLHlCKXMtN2G5s2VhKtjKnvIFraDVzVEJf7FDluX0="},"lastRemoteEphemeralKey":"BX97q6Dx8FP2Beq3W8nXDcvvt4bVbMe3zelSck0vpW8y","previousCounter":0,"rootKey":"iWH2LWMD4pyJ22TMzn6dsTd4FWJkb2LBmX8TojSuN/E="},"indexInfo":{"baseKey":"Ba2lfTSGPgfhHxsDu1R9EHKgrFSts7QKRiFwVy0m/dR/","baseKeyType":2,"closed":1701165762110,"used":1701165761533,"created":1701165761533,"remoteIdentityKey":"BVy3cBWaKdWsVUy04UT/IEP5+shJkq2itfHGD1dsrKc/"},"_chains":{"BX97q6Dx8FP2Beq3W8nXDcvvt4bVbMe3zelSck0vpW8y":{"chainKey":{"counter":1,"key":"Xi0ewVAvtU5ub60y04N2xv9YymRrIrV0Y1hhYrLoUOg="},"chainType":2,"messageKeys":{}},"BScJJK+MdZvP3pIqHqg/K1JkguK3wB5hvsYWfdLL6DFR":{"chainKey":{"counter":-1,"key":"h1Dm3p/fOopKnpIa8aJI0DheaysV2FuO12xydnb9S2k="},"chainType":1,"messageKeys":{}}}},"BVPBhfr+1ubCOQVkxKgyvTUHpvnKOf17JxmcBD98nlpy":{"registrationId":303798718,"currentRatchet":{"ephemeralKeyPair":{"pubKey":"BZOk/Rwca9943uQ76Z21mUavMIysQHE+UAatTJ+Mb8cg","privKey":"uKLZq84k3yCgMtdDPHh6M0YCLwFWW2gbzmdLTfefFm0="},"lastRemoteEphemeralKey":"BW3P7XoM5dKjQbl56xXyi+V9hMTw8KWb+NKlr9nnM9Yy","previousCounter":0,"rootKey":"z0gPLs3mL/oH4lG2AGj0bAkv+MEV3SaeUXKlABf55z8="},"indexInfo":{"baseKey":"BVPBhfr+1ubCOQVkxKgyvTUHpvnKOf17JxmcBD98nlpy","baseKeyType":2,"closed":1701165762686,"used":1701165762131,"created":1701165762131,"remoteIdentityKey":"BVy3cBWaKdWsVUy04UT/IEP5+shJkq2itfHGD1dsrKc/"},"_chains":{"BW3P7XoM5dKjQbl56xXyi+V9hMTw8KWb+NKlr9nnM9Yy":{"chainKey":{"counter":1,"key":"IR6NTW0O6xT4SIlylAxGxNO7UTKSc7adJGtzt3rroYc="},"chainType":2,"messageKeys":{}},"BZOk/Rwca9943uQ76Z21mUavMIysQHE+UAatTJ+Mb8cg":{"chainKey":{"counter":-1,"key":"YGMZCdQSo8yYK6Lls8OUsKh2XXxyiHJRjaHZhiK0vhI="},"chainType":1,"messageKeys":{}}}},"BdHYn2uLVChFVgutLLcu+lZC1XO307YWQYLnQHSwCOoj":{"registrationId":303798718,"currentRatchet":{"ephemeralKeyPair":{"pubKey":"BS9B6bx66mCGMnL4hw9zvqkVBjj972Bx73PW7xznmCAw","privKey":"kDaF4yRyvZ2kgHJ1XXVCP4M7K2zuuBI+7JXrIdJhKGM="},"lastRemoteEphemeralKey":"BbJXw4wXK/iTlYP4CGgwypsyiLpn25Yoorso005jr+0P","previousCounter":0,"rootKey":"2w5i7q5Ml6RP/8yui+QvtrKYj9ZxYIEM47KaYtD7Q5Y="},"indexInfo":{"baseKey":"BdHYn2uLVChFVgutLLcu+lZC1XO307YWQYLnQHSwCOoj","baseKeyType":2,"closed":1701165762983,"used":1701165762705,"created":1701165762705,"remoteIdentityKey":"BVy3cBWaKdWsVUy04UT/IEP5+shJkq2itfHGD1dsrKc/"},"_chains":{"BbJXw4wXK/iTlYP4CGgwypsyiLpn25Yoorso005jr+0P":{"chainKey":{"counter":0,"key":"njMVH40At/zBJkODkh2OzlzE4TfOBH867WxBtydSDzQ="},"chainType":2,"messageKeys":{}},"BS9B6bx66mCGMnL4hw9zvqkVBjj972Bx73PW7xznmCAw":{"chainKey":{"counter":-1,"key":"PyCMjsp027Yj05fL9Dv308pNOaVLnuRKFiV31iveJSg="},"chainType":1,"messageKeys":{}}}},"BVvt9eOTWqzoAvWeamptMnbSPcBPJsGTlq9qxE8myHku":{"registrationId":303798718,"currentRatchet":{"ephemeralKeyPair":{"pubKey":"BdIkoXzWyA4y5R1AF/nExk3TlRAx0XNaBjTT4zktTXZT","privKey":"AFAVKXag4ok2VR0EYqzPZN4L5/YRL7rel/mF/yPW/Wc="},"lastRemoteEphemeralKey":"BUXpoFe0gD5qqbp97k0lMB5oiRaxPgo0PT5n+piyRoUp","previousCounter":0,"rootKey":"L7YRIlJyVjFmNumRbafYWvRyCDxYWFeUWw7J3c7P31k="},"indexInfo":{"baseKey":"BVvt9eOTWqzoAvWeamptMnbSPcBPJsGTlq9qxE8myHku","baseKeyType":2,"closed":1701165763536,"used":1701165763002,"created":1701165763002,"remoteIdentityKey":"BVy3cBWaKdWsVUy04UT/IEP5+shJkq2itfHGD1dsrKc/"},"_chains":{"BUXpoFe0gD5qqbp97k0lMB5oiRaxPgo0PT5n+piyRoUp":{"chainKey":{"counter":1,"key":"O1rNzlu9IUlej89uiT9tx+3W/m24gWjjSDZd4ymTpJM="},"chainType":2,"messageKeys":{}},"BdIkoXzWyA4y5R1AF/nExk3TlRAx0XNaBjTT4zktTXZT":{"chainKey":{"counter":-1,"key":"6/zW7rcriFgrE9cf/d2NVl/VC/+tDu2KG/DhvME04DE="},"chainType":1,"messageKeys":{}}}},"BdNRNTtexSm7tq+jfHNZ55yBYvoskkXE4567TmeU2rN+":{"registrationId":303798718,"currentRatchet":{"ephemeralKeyPair":{"pubKey":"Bav/giFivDsPjF9fLPAhXPXjg2Y4SRAubppc0DvSeD5h","privKey":"sFCZSZNxL9yUJDbJMFFwQDdzQk/v3XBNFvViljXTtkY="},"lastRemoteEphemeralKey":"BQMDIrKO9ZVZjU0lqSrrmkciePtbo06kJFmOJGrvZpcY","previousCounter":0,"rootKey":"WYX1fDdgnZE3P5it8aQ00AF+HoYWhs5Opx09nFbDW18="},"indexInfo":{"baseKey":"BdNRNTtexSm7tq+jfHNZ55yBYvoskkXE4567TmeU2rN+","baseKeyType":2,"closed":-1,"used":1706612600869,"created":1701165763551,"remoteIdentityKey":"BVy3cBWaKdWsVUy04UT/IEP5+shJkq2itfHGD1dsrKc/"},"_chains":{"BVSDrSzOX7ep3tlHXhu/ja+kzWCPCrktnhK0QQzrcRMP":{"chainKey":{"counter":0},"chainType":2,"messageKeys":{}},"BQMDIrKO9ZVZjU0lqSrrmkciePtbo06kJFmOJGrvZpcY":{"chainKey":{"counter":155,"key":"U3bWPt2E8d8CvPDeiA9Wrfms4U2QgUDi1+NqxuD1ero="},"chainType":2,"messageKeys":{"15":"x2pFk1W8g/kCq6af9HHVWPQ05BE6frv2VF2mm2GcvyU=","45":"9DIo3+PPmVUMLbcUDeGgHX933FFr4+cFgaKsV6iyYGg=","88":"jPOgydQY6JCsBV5ZDQgdwFiWzqMHe7tIkULLH2M6Ug4=","96":"tsq+GTla/nKbYclJGpj4PFjNL/GVx/HA1lcplQ8oV3o=","97":"Xb9ibZxJANyvCtPOMfkOm1jbJjHTSc5l1QuJzfHZJYo=","138":"UMLvXHC31IW4iakdql5IldeXOiS0g324VaHOrUBU2dI=","142":"lMXF03krRXcYX4lvpPWxsy9XdZTnBjAQ6oThSxuUTbI=","143":"HzpUPoK+2PmIA68MuVApdmJUfrfiFcvcLSESLs+K1wM=","146":"HzhnYZ+5v0FUC4z2hE7vf7xHKYLmmgnQ9QVmxcsQKIA=","147":"Gx12iLvwv96ez40TH4OR1UR/vyaMCQLF7dUHI9FPfMs="}},"Bav/giFivDsPjF9fLPAhXPXjg2Y4SRAubppc0DvSeD5h":{"chainKey":{"counter":-1,"key":"JMZ5lyWOANG+dtRl/XvSElIQSy1kkMvllu15r+E7x7A="},"chainType":1,"messageKeys":{}}}}},"version":"v1"}