{"_sessions":{"BRc9jhnnYDc7clLL22UBYHqD1PROc9dH3r80D+nfrDgT":{"registrationId":341884671,"currentRatchet":{"ephemeralKeyPair":{"pubKey":"BRjt4YACIDcX/ujPrYVKGLEjn7G6IxBIvoFLxDYHl2kj","privKey":"aBRKTFviTEnFWSJMrccQCSJ3cjMhwIaGdegwldTSvVg="},"lastRemoteEphemeralKey":"BUPtWtkhqcBiENIXxLRjsMmWllmV5Pjr3sw+sNUCD94o","previousCounter":0,"rootKey":"xTn+E9oIy11KQWtu2/o51sTDl5qjmPoRzodORSfyTqU="},"indexInfo":{"baseKey":"BRc9jhnnYDc7clLL22UBYHqD1PROc9dH3r80D+nfrDgT","baseKeyType":2,"closed":-1,"used":1704752401391,"created":1701296619490,"remoteIdentityKey":"BUHt1qyxoYGjz9yCjfeODLZkTD6mfWxeWvBaEV4sh0Z/"},"_chains":{"BS0pCQtadygfGWRK0vk+1YIQG2PrOkBg5d70rPB0UmZo":{"chainKey":{"counter":0},"chainType":2,"messageKeys":{}},"BUPtWtkhqcBiENIXxLRjsMmWllmV5Pjr3sw+sNUCD94o":{"chainKey":{"counter":28,"key":"rSp/AvFcEaWZy35EjTNml9mNxN3r2dNqFUPXV0E5hLU="},"chainType":2,"messageKeys":{"12":"gQus3ZwlpiM0wBiDF6e4bp57fMTfPLDU1OWRFGHwLpo=","14":"Igs0RZuIfqeY0lPPBB2haebt3XWbrw0tn7Tjv4Urp2I=","15":"VZLbnJBYUJ0PFtOhnSlyiRHt1uy2xs45vaReDnA54BU=","16":"4ujzozgTLrcoZHvwMVsQeKbOSA6Tp2Uwz2WwM3RoOzc=","17":"alqCjZUDWgGvtag+9K/sckY5yN3amwWh49dvgn9flZg=","18":"VGmKsFaIntpfTdQozAxgNFw2lSqwjkBCKnaWjgWN9Ck=","19":"LT0MjjkVQPTNwSWWW4x812pHqTj7uDh61MLNGlzbOKo=","20":"nvoakVRT5RBHq5obFHKMTP+29CIQpZFF8h7CNL9jsrc=","21":"c/JVz4iamqahGUttkk+Uc2SWFT43QLaLki6aPXuIqkg=","22":"xVVpxKu2dSucxmizxssUrcKx0Em51EQtlRydBi2SyIA=","23":"jdKQm1g/tgFpqe12QsOiXknI2lMf0QwvvA44AzcuWXM=","24":"nA4DQcv0RlUl03eOV4THZbRapB33yaJ5gtGmaRR9pm8=","25":"w0zQnyWEUudb2dRjZIYdNyf2bN+tCgJzgZllYXCyW54=","26":"TaMlYSXX4MipIVGPEpgK0ycZBJtBjUNNXi7Y3IMjVng=","27":"EECNAPBuXSieN4U3YhtJ09Phn/NkS3KXBevxqjK7dNI="}},"BRjt4YACIDcX/ujPrYVKGLEjn7G6IxBIvoFLxDYHl2kj":{"chainKey":{"counter":-1,"key":"rUuz07s6eQEYiXAspJ2NozCziIeR4PyuEXIlATHum2I="},"chainType":1,"messageKeys":{}}}}},"version":"v1"}