{"_sessions":{"BWBhVveE3WgQ4kiBtyiFHT1zWculz+On2P8rvlpApa8d":{"registrationId":329917444,"currentRatchet":{"ephemeralKeyPair":{"pubKey":"BXP1oXJhYxmOAE1DZh1eH1hf8O3Q+r/BsEFQCHmr5W5o","privKey":"qK20UZugOMWKMdhy/tl3Zu+p5bmSM6Ut/SNhC9pBHEg="},"lastRemoteEphemeralKey":"Bfus5LSf7OTOs8OOHfnOjNEOhEtiyjKWykEO9loAX191","previousCounter":0,"rootKey":"0hFT9jcntRqDyYN9SuY4P2xz1y7p9TakaUaxAWWBBCM="},"indexInfo":{"baseKey":"BWBhVveE3WgQ4kiBtyiFHT1zWculz+On2P8rvlpApa8d","baseKeyType":2,"closed":-1,"used":1701170066799,"created":1701170066799,"remoteIdentityKey":"BTHv7wAYU67C4nn5p/YPpLdWcSVnSdgoNWtdCNCIkDIH"},"_chains":{"Bfus5LSf7OTOs8OOHfnOjNEOhEtiyjKWykEO9loAX191":{"chainKey":{"counter":0,"key":"CW/nP4gT5QxT67J8L6yVA3ToLqK994rWhtscLcQpZQE="},"chainType":2,"messageKeys":{}},"BXP1oXJhYxmOAE1DZh1eH1hf8O3Q+r/BsEFQCHmr5W5o":{"chainKey":{"counter":-1,"key":"XZLYb1g04oLbVP1w20QAIPuRlb5g8JWMYxgeF7ii1Tg="},"chainType":1,"messageKeys":{}}}}},"version":"v1"}