{"_sessions":{"BdZO4kEpX0rZnt0uCVJz/uoxX+NXd/9o7zXvguRcU3gh":{"registrationId":752826828,"currentRatchet":{"ephemeralKeyPair":{"pubKey":"BQOk8ZOEv1t3LXq30wAnUGxU74mYM/ZEubFXu7KO4CsZ","privKey":"aA9IkPrXZdRFF2UY8OXsLg/it6dZDc+bGN5lVd1IrGA="},"lastRemoteEphemeralKey":"Badaz8DMtsKaukCBVvb4iBmwzbw43vQ3/5jpsH/4uw1B","previousCounter":0,"rootKey":"USlV9Fu6AYK5hjMalrOsEAflfnBEheftUhLAEVNcjWs="},"indexInfo":{"baseKey":"BdZO4kEpX0rZnt0uCVJz/uoxX+NXd/9o7zXvguRcU3gh","baseKeyType":2,"closed":-1,"used":1701487298015,"created":1701487298015,"remoteIdentityKey":"BfQ7GbhYoKj9+tBgvtejkln0jPVqwX6MI/uSRh47048n"},"_chains":{"Badaz8DMtsKaukCBVvb4iBmwzbw43vQ3/5jpsH/4uw1B":{"chainKey":{"counter":19,"key":"t00GYuxMVfMVMqE5oh7XQZNtOQTNpyjWyU5Oj3MJgF0="},"chainType":2,"messageKeys":{}},"BQOk8ZOEv1t3LXq30wAnUGxU74mYM/ZEubFXu7KO4CsZ":{"chainKey":{"counter":-1,"key":"eJLxhzl8DTmcwdgqf+JdLN4I8qwIFZDRBsMYMr0H0y8="},"chainType":1,"messageKeys":{}}}}},"version":"v1"}