[{"senderKeyId":1155235179,"senderChainKey":{"iteration":1,"seed":"PhDQGinpbDLYJKbVF2A0PY9PU4T9Q2/hIKf3xJX9HWE="},"senderSigningKey":{"public":"BZ453Pr7DO0vibHO9CgJ7T/WLteKwI/pcwsBs1B4lV83"}},{"senderKeyId":1822003265,"senderChainKey":{"iteration":6,"seed":"tBsZsfFp5QtfwoxC3pRi7mOBcOnd002b+i+cfMC91mQ="},"senderSigningKey":{"public":"BVY8y9NcRT4wjRPYUD0u/aM5VOyvkWQ0j1a+Hosnp5oK"}},{"senderKeyId":1717866947,"senderChainKey":{"iteration":34,"seed":"YiQ5ccOw14wx9mHD8p0cslli6WmxWqD0xWQ1bGPMUE0="},"senderSigningKey":{"public":"BY/flRcJBvUbetPKfRyM5bTFDkCnzC5TXGXI/yeGj5dX"},"senderMessageKeys":[{"iteration":5,"seed":"n78PCnzPbf6qalzm77VADYUzJ55aJGm167RJoOCRLz8="}]},{"senderKeyId":329857954,"senderChainKey":{"iteration":16,"seed":"mJubvS9oLgx7qBT15s6heTror5mSSE2wFLplkWd1WtY="},"senderSigningKey":{"public":"BYvhX1tv4GqfgYYKzMSYQk8k+I8+y6zVdQfySaJnh5Er"},"senderMessageKeys":[{"iteration":14,"seed":"QC1ZtSKurkxgS3mWpfRgHygqcycd9oZWFsC4OqQB6/Y="}]},{"senderKeyId":1143024686,"senderChainKey":{"iteration":14,"seed":"AwwZXN7WaMoyfFO85AdfbEOwlXjmDWLs1yowGXnTiGg="},"senderSigningKey":{"public":"BQrEgA2aikFJZIy/n9gnfNAtbLRzCnI0qkZ2ESO+wccl"}}]