{"_sessions":{"BXEuxXFfz67cHo/9+GN7uuO1RPoVBTThNuAHhsOQRVIv":{"registrationId":480559438,"currentRatchet":{"ephemeralKeyPair":{"pubKey":"BV6shiJuQAZl7VhQ4r6QvGZKBHM6UJyqAhqYW5DITS0O","privKey":"2Ghv+ODlY0u2NQq7qMdTYOpfd2MRW2DtiI9NuPjsFlo="},"lastRemoteEphemeralKey":"BTBBFOIU5p2ZknmufVi4YenIh2JRxkqDMlhkel6cowFn","previousCounter":0,"rootKey":"wML5fpzq56K9OK81J1fQlIBdUNc3CuJQuCQhM7NAa5o="},"indexInfo":{"baseKey":"BXEuxXFfz67cHo/9+GN7uuO1RPoVBTThNuAHhsOQRVIv","baseKeyType":2,"closed":-1,"used":1702289494269,"created":1702289494269,"remoteIdentityKey":"Bc5T9HcY81Uq/aCg0PELGtjiVQgD/7XHG1d3SjTbRuEk"},"_chains":{"BTBBFOIU5p2ZknmufVi4YenIh2JRxkqDMlhkel6cowFn":{"chainKey":{"counter":20,"key":"6wj8zhl1BNJq4x49jQHPl9p+5siUXou5EJcgCZHBw+c="},"chainType":2,"messageKeys":{"7":"Kh6gpuKl77bIYp+xAQkImUrt91JDB/Zx9/+zh5x9Yuo=","12":"gmv5Ow4TzGRL2o7MsAyzrKp/CzF7nKHZyRfJan+sO1U=","13":"94b1CyIcpwd1E04RxW/0XGK5ypGlZFp4rKuEjpswObY="}},"BV6shiJuQAZl7VhQ4r6QvGZKBHM6UJyqAhqYW5DITS0O":{"chainKey":{"counter":-1,"key":"FpW43U0eN0LwXdFPHNsKKxjZlzaoueoS/gwPw+t6QfI="},"chainType":1,"messageKeys":{}}}}},"version":"v1"}