{"_sessions":{"BYO8D2T3Php8D7BARdOkBm2L0ZqpyW3LzGTqWAmMnzwq":{"registrationId":5336,"currentRatchet":{"ephemeralKeyPair":{"pubKey":"BWIiwB0tyBI43tZMGw3gqYTvr+PBsKZUkMPXh7llDc0R","privKey":"qO3zHXEwJ/SSqFKPNJy3pIYWrrXUEvgqHqAKj/jLFm8="},"lastRemoteEphemeralKey":"BSViZSVclIPh/rULql54kGpaDI9cRePsjKKT/F/peyMC","previousCounter":0,"rootKey":"R+uwBd26YPlRk/MYTVdHEaJkMpPuMPTrTTfzFSCzQbw="},"indexInfo":{"baseKey":"BYO8D2T3Php8D7BARdOkBm2L0ZqpyW3LzGTqWAmMnzwq","baseKeyType":1,"closed":-1,"used":1701296653398,"created":1701296653398,"remoteIdentityKey":"BflicSGbMULMYbXlTLfhBdb2jnkLzSd2wWayme+lhSMz"},"_chains":{"BWIiwB0tyBI43tZMGw3gqYTvr+PBsKZUkMPXh7llDc0R":{"chainKey":{"counter":0,"key":"XEpcE1AKrGy2nGsP0WVPMHUnmoUgmssADHqIPUwLgCQ="},"chainType":1,"messageKeys":{}}},"pendingPreKey":{"signedKeyId":1,"baseKey":"BYO8D2T3Php8D7BARdOkBm2L0ZqpyW3LzGTqWAmMnzwq"}}},"version":"v1"}