{"_sessions":{"BcnmdWPYQ/79eBRpswctMkjSMrbKHL2yEcBFGV+k+poZ":{"registrationId":786869166,"currentRatchet":{"ephemeralKeyPair":{"pubKey":"Bc0hrn5NJFuGVWc8Tb8UAwd8yqzXGO9KOTccUQPQ7yhs","privKey":"cAqFYZ3Yy/4iw9xFN8BOiwyWKFhyz+BkWmJAb7Bd004="},"lastRemoteEphemeralKey":"BaJ6UZAeJgjzo4A/1l7wTB3S+bKVj3GELEiLe+S6lr4J","previousCounter":0,"rootKey":"AefEZ3f+WFFUlcuSW3FA3/YRoQ4X6Fyxaz6eJuLVPgU="},"indexInfo":{"baseKey":"BcnmdWPYQ/79eBRpswctMkjSMrbKHL2yEcBFGV+k+poZ","baseKeyType":2,"closed":-1,"used":1701155835574,"created":1701155835574,"remoteIdentityKey":"BYRNNgbtWshkKiF3i1E49pqfFe9/AuDCsmsGPSbPKb0y"},"_chains":{"BaJ6UZAeJgjzo4A/1l7wTB3S+bKVj3GELEiLe+S6lr4J":{"chainKey":{"counter":495,"key":"iDfcCe7z3qph18+NQaaiZpdiOHXrH5qSElvK2ZBGL8k="},"chainType":2,"messageKeys":{"0":"nIjAdeZ2m3CjmxvfCtART+5JIJliH6tVizT9xkwlYUw=","1":"gF4w8CPiAXx+NJwH/Mxij2e0jeZrP0ZJrIi7oXPSjBw=","2":"RZXCdYc2kasAmdVZ/gpwWO06njBabp/fTvv/U04WZQo=","3":"1MSobAyCx2RpTBAfugQw5HTY8CBJ+yd/qEHuhJJ7tsM=","4":"RM2TmKTG2p24iKWTsoHPMlfV5F9jNgBPVgpgyBePS7Q=","5":"ABDhKvW/+N2F6JgUY72tqf0mnaWguWqhf/GCQxnvhIo=","6":"ZvGsJ8qgg1rrsSivwvd8wzZKOVQKzUl63KMhTThUKq8=","7":"yYy5rIdcptFmKjoO1sjQydEkT+YqTnCXwKOGoVIZlsE=","9":"1JPOPfBYgkuMCpNh3AApcoSodBs4Jwv4HziFJUMqERY=","10":"kIeMdhDFvPQMNs70W9IOqPUWnge49AUP6WbnIsk19EE=","11":"oxKDLGTznTOxUkW8XzOzXbveU0viZTdOHZbudG2fma8=","12":"C0W2e9PrqJGHghJPZmDYeRNM/vsQC5Dm6YzENuM63p0=","13":"5yFjL4REraH2d5+DZ6BqIpT30vW5korkXBBd3xW01bE=","14":"Hyl+xA+AXZNoSYIJvWxfNaSvEnX0hdXWyQb+gAEa3I8=","15":"hvtgy/qvtTVS2MlZgljdMxa1MQXkpQ+meobKho+9ZQk=","16":"d/CdYshCMJRYrcsA3QOg3kSkN0nZhqkBJYvmryC8MEo=","17":"d3sRWfpEbR3A5Md/mMMB6P27jD2uOfRfGIfqDGOdC5U=","18":"IXBtbpLViGld+I+UnP4diiaWPJ1T7OQWfCSZPTenFus=","19":"dhkQ4iyAv3or0z4vhDAPRDIXEF2GS/vDLUKrdAPxs5w=","20":"a2wysw2rqy+lW7M5WNuRYH9749ULJ81mQ10xuVZntKo=","21":"ylapeu/vQEJ3cheg3VozS/8CoMdpNVY0jW9JY8y4aFM=","22":"SaDPNfXXQeYkg94hwT7OyZ3jjwiNJ83BHM/1Nu7xaZo=","23":"R/T+I7wl2RMqF2Zb4hnn3PALYOC1GyA3GkXkyK1UnSs=","24":"xYbnTuf/FSVI0M2PsQ09kuSM42K7JhJznizC9McygLc=","25":"i4BjZgNKpJHnQYOBUsRrEg3V+vDa9eRzXEjdFS9Xeeg=","26":"64jIisdsnwuOIGioQtK4zBMy8OcTdj+dJt8gneY+5YI=","27":"VSfT0KjJQ37APOTY/ABEwg1WwtwprhZ/JXSaLQsy9Yk=","28":"f0kcLBWVOVyzz2ew+gchU4UyAtaRisWnxDjKFp7l5aY=","29":"kEmzqyEjlmUwjx1BPQlWZKko7vRv1RpRJWx9QijHOOM=","30":"1LhwvNkK5QmEDVy+BTnNQNhsy3FexLyttEKsKvoCud0=","31":"Z23p7c+tirjD3WWl/fE+KleCsYMLhptVXFxLlOnNZMk=","32":"KQ6XbfoAO8fBZA7GVblCHzmrPtChkGQebAGWxkVnQGQ=","33":"qMP9qZhlOQ6IgzBoiYnkDXP9E8of46l8RtNMcaMKf9M=","34":"XAp645Jbj3d9l/S/p7YN2zdX3dPSE2BgTzk1bxPt3S4=","35":"5EacE7ZqqmlnjqWqAGFvdeddB6JQTGQg2mBzHj2F3tk=","36":"w4p1tjyvzxzQGnj+GSnQfc4eRqV+OW7G+1OoKkck6Pg=","37":"oqj4pRBH3ma3ykBsvQbzRMhg8Phh+zXT6zTkxPGdQMg=","38":"HbOX+jeEERLQ/5G2PDU3jB4eZ7yZVVKpv70yY3Cq6G4=","39":"+tF/GMaoSfyvJiWBLIY3udhcUJIyxzqu518h/e12Id0=","46":"vFThcgrhnfuDZ64Bglu/p5KLsMQgowB2eKxeSb+CXcc=","47":"ZYm4/gIBBD+EbSlJ3RhZAHaDKgSV26RgI+knTzCa5CA=","48":"d19qXXmTKwOfjWgrL1gy/ueaPTmC/QzuA9v5TwVAvcQ=","49":"Gl5xH66T2uRQ2Qjfu5a3BKfDev2nv+LyWO0bJvim0v4=","50":"jFNdaPxyv9Natj+nuCUEaODuhhMtQl6yZS3UlvfOT4Y=","51":"+hPOYq+X1BbIBLaEtxJjEBw2y+LaLqzpj1ePWj1rFJE=","52":"rMJ7mfiu/u9jsxaW3aw1lOuz0kGCCY33zg3bpaBxf5g=","53":"htJyPKQXrAio0pjtvSyBvE05+7zk2DLKjbiX8mZsHRA=","54":"Jk6SFAW3ZoRWIHSrkbWIkJNnXTveVhX/M27ef8vzy+E=","55":"5bfQ77wVQfUCwiGZFTQUjvqyr7uc9rhjlQnCWp1YmlM=","56":"N9UB2PwasDA8aX2w4HCs1gb1suThxLG9YPKvZ9zRLcs=","57":"/OeVUa/RysOzdu0emxId/Aa/Qsbv3ksAthamlw5ZdAI=","58":"EiOKzl/pYf2jWzJ1h0WD3rBJgTiHV0WEuiMfJaIrM4M=","59":"CbSFYUBhM1E7sFSgaFR9G71bCBaCKytP5u12C2UEK5w=","60":"SfoUsb+H/UPri9YRwQfEnShlbd/rJ5h98RHlFZ9GbrQ=","61":"ra9YP9c+SA6cY0BFpcBkkCmHW1Lcj2DNue/IuuSbib8=","62":"GF2WFxC9rv8O5V/dCeb+q8F/C1Alvv72tppW5N/36AE=","63":"95KXRIEcGDKOFegs6Cabk7Bb3hxshEsG1J/w0p5f4LA=","64":"HhmBl9EVohts+NDZpn6VTRRs7gH7gWe/er73Dzm9MYM=","65":"68DbiOoxXOFzHW0lSkewgO/Pp262BMEIqMXc1EpGYEw=","66":"/15mcHzo6Jk3lSiEd/0iuMSj/MERB0VXz8VjxxCdLmU=","67":"nHpBrTCWEzbGoA8UXOyrMtW9cz7MjrqvGuhQOB/z03c=","68":"vGlPxTsHI4NlCU9MQ6nPjxVTkQrVY9DAU9/XtIszQZE=","69":"O4dOerAUhJ5EkeYJenx8MLyzA87on6+pO5mQ4RXRIc8=","70":"U29LEm4QycObtQQDuQdr60ld3mi4iuF68STcz8DkW/k=","71":"CQTUjV3bDtULooqcuiy+UuVLWwoVsqQjSOJ6afQbg/Y=","72":"P1ouPM/rAZryI7+CZaouyoIWhDIq9u1K1fOpBbEO/Pg=","73":"oXNB3n057rk++4JelkeaXGwAs8qQFL+f4KofXrrFBo4=","74":"QP4J0hmKMLZHJEbUCDUYKOhYgOy5VRp6sWVNQp8p+yI=","75":"vs8znZlkvBe8pAlN5ricLPiprGEsA5ivZiFS+1TiSLs=","76":"1A6Wu3gJm56LK6oLi6hSTLCFx3wnPhvNwi0hscLUBM8=","77":"Etd9/DiemlmR6jsngGVfPrce4uaWCag/nIN1iEXHdxM=","78":"bqqWvsCQu7wQlH4LPLPhs+1L/bX7PoRrgaZGdOIoAoo=","79":"xTemsMB5jydMItKmu5jdGsXuD9deMNmGKPOpt/nCqkw=","80":"AYU/lUBuae1bBHM/IpwtgLNqn/Diw51y9E7zm+WRnpk=","81":"mnrFNT2ucJ+s3Lojc4fKfg8gMtjkYPglYq9pLSb2dS0=","82":"OEHwjM6EiGUvTwLZSTaTUOORaHzLdUGeo388TqmbzHU=","83":"YeKmBDR+Jd89DHvo6E3wKBdxhK2AwKcmAieLZbCuiOk=","84":"LnqQQoHLYTqvJIhepEoLE6kT5DX+QHmJvDqfsoE2dtM=","85":"E02mthXBmyc3mSig7oLXsGb2rRku+88XoYeXNL1dHdo=","86":"9VXxLtmF1P64fnNW5wTsSPxC+iHnfqoo03mE9pWIFAg=","87":"OC7Jy7yX5WRpDN8Yy9cVCQ83wN4rx2fX5DimLKIskTo=","88":"VVrjfKy4JxLNvsCyVUcqVdAtPCyZ1aDQUlrNtysACsA=","89":"i91YLKzENNqFjd86IjZDEbIrzZbzIn9LRKKRTC1ILzg=","90":"ksKfYzjaE7PeFMYf7WSJRrM8Gx3IZuWygg/d18DSEY4=","91":"+jNxBC9ynw6IIaYsj75f8fndf1nhVbLwphioiFHtzLM=","92":"vdzVaHhzAf9ttDJHqwWm4wR9ZHehuigSMIw1Lwb6wuE=","93":"rrzTeIXSL7ig5hr3g5/p8aNUQxVJRAi7nvXHhO3ZBZ8=","94":"8HgNqi2A0Dc6K1pFgSy8eqU8qLwrKuJwVPhbAs5gT0g=","95":"dJm4am/Z0HZjAgIAoSEP0jJrDQV6jD+8RSpLZ558Vds=","129":"bzZj3r4bIpM26YHGpyoV5GrlWPPgBayNK7F8yHN6H4Y=","389":"0WY8hZ+jy4I9IycKuEM1oMjBoL5w90PC38dVqChj7ak=","492":"3wLYzJpxWSHujE7iytjV0yQLl6jQI354rJJuNkQjco0=","493":"C8SOssS42IGX+zT9Tll+M8Rn/+jiXfLP8Ujrv7zV3fQ=","494":"8wS3j1D1yA8VcJHe0m1V80zsYceD90K9PCGKf9bYHbo="}},"Bc0hrn5NJFuGVWc8Tb8UAwd8yqzXGO9KOTccUQPQ7yhs":{"chainKey":{"counter":-1,"key":"V3wiqrnSKf4gnuqX6XBJuAuuTsTgPhe3UgzF6s9pdDE="},"chainType":1,"messageKeys":{}}}}},"version":"v1"}