{"_sessions":{"BTOky656//wTRXitWo5rHe9tBQkEtmSUbG8YEyMo0wgf":{"registrationId":964249131,"currentRatchet":{"ephemeralKeyPair":{"pubKey":"Ba6wiL9/GAINdT3rRjo5UE09GgUnsyWonqS8HoVS/YMF","privKey":"+CPzES5s6WKuCIFyRZO5Q2ndCihSwX0JtbR6/2SKilA="},"lastRemoteEphemeralKey":"BVNF68qaFAwGuKlkm354mEDZjmPitMWr7rmPC4L/MRwq","previousCounter":0,"rootKey":"F2rbA61r/5XczoMkIQpqa3GKyQLwJgkAoDUPphxNJkg="},"indexInfo":{"baseKey":"BTOky656//wTRXitWo5rHe9tBQkEtmSUbG8YEyMo0wgf","baseKeyType":2,"closed":-1,"used":1702289592613,"created":1702289592613,"remoteIdentityKey":"BSboErCRYfgVhuNbf8o9h2OqLxJAu4tzcubjdeh2gvom"},"_chains":{"BVNF68qaFAwGuKlkm354mEDZjmPitMWr7rmPC4L/MRwq":{"chainKey":{"counter":3,"key":"fCL6uxJ0tyO8fVl1Gd05ilhde2GmiBFSimy34YQRzgw="},"chainType":2,"messageKeys":{}},"Ba6wiL9/GAINdT3rRjo5UE09GgUnsyWonqS8HoVS/YMF":{"chainKey":{"counter":-1,"key":"E7N8Ig4iFCsV1wxqTNEPHHFn6vu3Kykrh+0NnFWg22o="},"chainType":1,"messageKeys":{}}}}},"version":"v1"}