{"version":87,"hash":{"type":"Buffer","data":"AJ4T1TnszZSZDv//p7pNmsIAuqryIn152qD/eCaT02gIXqDsS/1t2OFukCLj7MTbSPzNg8mscaYbSTtFNeaTpA6zBmqiMaFym4vUrVxOG2/tOIGQKOQoiYcPZFr47QZI2Au5G09gvMsvMuWfWGbh9WL0VuqSHad+rLfrcrg64gY="},"indexValueMap":{"AgC0EUf7RnwbkEF7gHnfrvlmVNPvzYDvfhepLpF9GFc=":{"valueMac":{"type":"Buffer","data":"U6DFPD9gAiOudwLa6eGmaNM0f0WEyNyB42E8GBz1wq0="}},"BXTx0jDhQE/Vjs8ctxzP9cpYZr+qWah21cihyr9JgzM=":{"valueMac":{"type":"Buffer","data":"uWIlMLezuoy0ee4iBNuQuOo/mdvl9FnpVe91WdGWwE0="}},"EZVHc/2RJ5Gu3gCC5F/zgWLkzeb1fmpUivXv0VyInzk=":{"valueMac":{"type":"Buffer","data":"nZdZNT08cGjco7gGYwviosQGpQuxveanWeckLm1PU6c="}},"EmgnA6sAQQtfg1lfgbmRnaV0VmLh4lMkPhQVeAuIzzk=":{"valueMac":{"type":"Buffer","data":"AwNSSeQrdT7VuvCyALvQA+tU/Mggg8hllAsXDHwNwS4="}},"FWn9vkToG8diXg8cLL4hPGw9ICMC+Pkxpf2wHSdD/sA=":{"valueMac":{"type":"Buffer","data":"Q6Q7pHszr0atcOiJWcarQNY90T4rRvt0IqK0upOlJr0="}},"GD2z8aN3FCuOU/Gd5omwd8cwOiX2RaNAJbqzuytSFgU=":{"valueMac":{"type":"Buffer","data":"NC7PsvdMVlzoWGDBCtpqyEWk1hsDxExtZYtBCeXl5Eo="}},"HVN2JghPeORGgSA7lF/OMH0mM2NTrcN3CcAGgA4b7BU=":{"valueMac":{"type":"Buffer","data":"V10vila6F1B7DRYxNjOkenOI3QuyOxKzgGSknj+mokU="}},"HdyA8DeoUteXGKoHtifoNgA+2bhRpA3Y1LvJDi5WB9g=":{"valueMac":{"type":"Buffer","data":"o6y/lX8wJ4xhpkzzytGylqjL2kzEpIKTMFhP1fcfvoE="}},"Hq5ct8a0k9Spwx4zQdHfxTAEwVZkUYXsWp6Pz9vM2FA=":{"valueMac":{"type":"Buffer","data":"YwchniCnUdnFiXWWN94PlGs7eIY7DBW8mcyoBsfdEec="}},"JOykyMP9EhTgVJJ9pgqlHZtotBiO8tcR468PcYp8OUg=":{"valueMac":{"type":"Buffer","data":"yQcA8USV2c9T9ZOZCRAW9sR3PZGTe5EwOXa2cqkJuRw="}},"K3ZKo6CT2TPWwNK55jHHGcbw5EDEuCVc+mxay/7Khdg=":{"valueMac":{"type":"Buffer","data":"4KSPNGWfMVj++aL1coCLo3F4r63bZ7VDdNKRUlmHJKE="}},"LegNUt1MJvv9qHyE6Mprhxo7W6Z59zzC5M+gfip3gB0=":{"valueMac":{"type":"Buffer","data":"0YByXZ1yfSKxphW0adDA8qpNb+9M54bLwZZC35H4ypw="}},"MPrOO+WPokus6mLKQ3KNht9WKllfxcjIYr9cl94By3g=":{"valueMac":{"type":"Buffer","data":"fCuSml/tAizwZZ+NCTybFtcIvPuKPhREKY4mc6EIxLY="}},"NQ5/F1iSRU2KdZk7nF2Rn7ZuNkWcbbSROLvGzYOX5D4=":{"valueMac":{"type":"Buffer","data":"rYGKonTSjqEFhMI2AZmDOo2vAzqQllQd2kUX3vJu5LI="}},"Ne2VyhMBT+HiBr2Getyu22aR/QFLONnvLbRq2mRmGQI=":{"valueMac":{"type":"Buffer","data":"qNCsf4n2BWBaul0vkkgmSAzJll6srx2dxArhe1R8f4o="}},"PVx9rf+fXXk4NWwRY6nOurdyTICTXSwI/Y8lFFuhhKk=":{"valueMac":{"type":"Buffer","data":"wfxey0zrnVkfzghAtCv75lq9ksR5qOKx5ByCDFXFVkA="}},"PbCGBcrNz/0W/tuqxw1yq7hOEOVxcGa3tPZiCIwKw40=":{"valueMac":{"type":"Buffer","data":"N9oZ1+vqrg9o69lGJKgvO805jRP/eTRckrM1UYjebNY="}},"SDFcKGp2Jgu1iRi1WWywErCRkidVwk1CWjhx9ETcph8=":{"valueMac":{"type":"Buffer","data":"rXIvlY1wCZyaXXs+E7d1OMwmcg0h+MzyVnXLWTZs/lA="}},"TOu0/qRWhZz8ii6QUbQFSCyS2epiV6QJ+U3d3AQLTXc=":{"valueMac":{"type":"Buffer","data":"RzkPJB4kcsWABWpeQHFHnqBab1MELHPzCniW6pnxrrs="}},"Tqcg21y3jvzgj956VEYZ/UQuboLTGr3E9wfyHh+Xsg0=":{"valueMac":{"type":"Buffer","data":"kDDbBP1MZyugW66wX872CLlcsnsoq9O+yMYneVTknrE="}},"TrwHsIOV0f/CUzsuesC4LLEv3HHSkZ1DPzftcDxs0E8=":{"valueMac":{"type":"Buffer","data":"CA7U87HhcDfAKsraXPnPQV3qBIPnbpLmwCgdkD4x/98="}},"USdweapHnYDbHNJnypsF/wv8dMmzqGieZPo4V3EoPoY=":{"valueMac":{"type":"Buffer","data":"g3mERP3+2hLCGKyn4eevl1Z8keYr18A6CpQsp0J2Z+M="}},"UeAlas3Eq20b1S9bfBPuymq3wmgsUn/fhgix2onrRd0=":{"valueMac":{"type":"Buffer","data":"J+aX5aDvyPyaFwf82Y7jxLRC2CnInnDFTE/Te3Jhr9k="}},"VG3mjVF9sBPKZjZ+9x7qLIAZ/u/NW4fQSlEVehFHT2s=":{"valueMac":{"type":"Buffer","data":"u2BbkAyE7pH25wPJJPpoxUIGuH2b87QNU/TqRydh+yo="}},"WHmL+ySdWfOTbySNMe2lUcKg+zhxoZSfMysW1Ca4k2M=":{"valueMac":{"type":"Buffer","data":"AQPfgO/tofCP0z3dmIj80thTmAIMpDQ6NtIrDTU8J0I="}},"WN2MuSu6bjwbXAOsbkzz30lNMrhkteVgrRff96Y4GjE=":{"valueMac":{"type":"Buffer","data":"SRwNsjY3l/LKF5bqk69jHqNxR/VYUKqM2PyJutEFVoM="}},"XqGco8C3+O1hnevR8VW/lSOcugeiHC2JJ0LFjNDNMZg=":{"valueMac":{"type":"Buffer","data":"I/6T/nzfof/TT6PPWBxguSkfh+ovayxdqYOSyw1HBR8="}},"Yb/hR/h7rOlWGTov14WcF8fgwjCxyDVzJJF1RdLypDI=":{"valueMac":{"type":"Buffer","data":"2QUY4pGXtxAYJkp2b6QbQLj6NCW1yzQvGFsR2m1bITI="}},"Y7Kjxi6Lh1BR3vasXyIe5hXsxXIKtpoLe2n/GzUQ92s=":{"valueMac":{"type":"Buffer","data":"Jk8EgFeo51nQmF3Gf+K2k+uMAYeJDB+ZUf7515A8LNs="}},"ZgZbBaHPI/uRcsLaLdJzXi87u8MYJQBSUIwuJUYNAuY=":{"valueMac":{"type":"Buffer","data":"qaf2uPuT78Re89gP2SjgjhThocuMdMppA45394gxsuA="}},"akzA1cylBJjEVtN7P1tsSCqFfPMDB5d+96pEZUe17vY=":{"valueMac":{"type":"Buffer","data":"ACE5UYkyAd24oLepTHho4krvN9zbgi7N0wkQx+nUebU="}},"atCArIJ0f9v+rVF5ftlV7RQcKKoXzMBQsulKa775/Pc=":{"valueMac":{"type":"Buffer","data":"tB1uOoTSaMl1y5+5Wo1MinjmkSVicYfZcYIchLrpYwc="}},"bcnrouDzr/XBbbT+uTQUWbCp3apFjB2vkntoDb6wVBY=":{"valueMac":{"type":"Buffer","data":"/cV0Q9zIgE5Sui2USB5fUUIc3UYQL+o6A5cVrjyEfSY="}},"cFGkteNWiBlBIB5GhUI+S61fdfZ5UyxB140ni+JYQmM=":{"valueMac":{"type":"Buffer","data":"9ISAkBkNdo2VbjOE95TvPjRPqBi2RZT3RUPmFV7jD+U="}},"dYXB4hs1/Anlr7Zyz0z71GT6A9U74v8kRhhMbMfZwnU=":{"valueMac":{"type":"Buffer","data":"CbPFNbCFTwOJGS6gmzw2TG12LATE9e5M3+P/RokPD0A="}},"eVhd/k9tF+G10akCH6A7hAYyRjJsePXCL4mdxuQsXTI=":{"valueMac":{"type":"Buffer","data":"PgQnqnXuVs/QM7RNYzmKLW0LfoNpx63RuEQZSOztQW0="}},"eZSaDkOXHOy8stJEl+VQMovpXPhakXY7rFlIia+BWHs=":{"valueMac":{"type":"Buffer","data":"bMS0sWDAPsI9nqHYFexgOMdSpCGoRsKTDrgKxvvielI="}},"gIymNKYiI/HAT55t8ZRkiBmz8q4329LeUM/SMEZbmao=":{"valueMac":{"type":"Buffer","data":"BUEozp0c9X5C4MrqruDdFf7F2XXP1is3+WQ0uxlQjGo="}},"jbQsI2TAS2LDTfnBKqkBcUk9Mc2bTyTFzbw5UMTvMI4=":{"valueMac":{"type":"Buffer","data":"NUfCTOUy9ekGfev3xMNlyOw4ebyb+pFwzxT/Gl2IpTg="}},"kDV3bQIYRTOGXPsMDZVnepi81Z1GBQOC77m+g+/6HXY=":{"valueMac":{"type":"Buffer","data":"icF4bY1AgMxNXsSWmJHZNQ1JamPDBGujLcwMoRTBjII="}},"kV10dgHiq020osX44fbfNB89jpsFz5j7ZZa3U1WFgzI=":{"valueMac":{"type":"Buffer","data":"c9zY+dIKw57xqfrGylsxG8NcjryJ145SKoLFvpUXrDA="}},"kdKUpI/7+v5Zhe7e4ohgRxCMydS6L0yEBLMhS0FnzaA=":{"valueMac":{"type":"Buffer","data":"m1qc5/njRlCcADFIGBEJCgAh3jxsz5kBeSvAhDFd3Io="}},"kuvs5bzZiairC8hDay2UDbqxHGmR67H52C8EIMMnLpM=":{"valueMac":{"type":"Buffer","data":"LZ4x/jFCCkqzJyWBcpSR7v5itacrr4Hb06ajcse5zMw="}},"lbucX7jjzlooQSVCh7WSa9FGokC17sfj/5C1H0CuygA=":{"valueMac":{"type":"Buffer","data":"Ww7XatVpbzxKZcYE0Z8/7GgttlBQqSS7GBZlskbFFig="}},"mHzK0mZ0T4PG+BEwaev50GhiuS/8dhitJoNV/okZKxU=":{"valueMac":{"type":"Buffer","data":"x+lrO1BJqmyKR0V1cIepiIAJLe3lKa362N+YjcS7P/c="}},"mKsr9/nJ1mSDMtL3rH8AauYkGU89Pq8i+x4QCd88Ggk=":{"valueMac":{"type":"Buffer","data":"+LynkxxLetIssVuUcFHVzeWG6B7emC8ac7t2jm7tdgE="}},"nJOrKPsnl/v/H+qHDosPLqK3xq4uiy52Wu9x2ZeaRpM=":{"valueMac":{"type":"Buffer","data":"ofg49SPwEackOMigxJweN5bSC2gjrwdg/iu3JshUJu0="}},"oLIWqSQf9jFypC7NhhNfcM7SCN807UvDYtqKEvYMwxE=":{"valueMac":{"type":"Buffer","data":"NthhG3zbTNoAkUwpEN881JDpdvUJMSWfAQq1/pFsJjY="}},"omOkoAmlSstWLHvuXg8u/lPyZFRyF3uHOO446K63e4I=":{"valueMac":{"type":"Buffer","data":"dmo9qA8zjyOSYClNJnPHQAmNe8fAKfsimk9ahAa/Bwk="}},"o7i7xHo0R9ByC9Qga1SNZzcW9v2Smsbl3XT6i+RxxL4=":{"valueMac":{"type":"Buffer","data":"b9xCtejLaexXb2MPFWLCcPZIHacejBZl7K4DNFcotAg="}},"pO6uLYVhO6x/Ju7cFuBfYNxlhM7CDph4JF0z9P7TPic=":{"valueMac":{"type":"Buffer","data":"1W4Y99MYekYbIufeqZzFGOuepLbX/STQq1fGZwkXM4s="}},"qBotb9tGKjvvjHzdzxWI6wLCNqDiC6/hk+1Jsora56M=":{"valueMac":{"type":"Buffer","data":"NE5QeJ0Gb5P2QXfxWRqlLCfDZs3x4Zz77awwt/X6SRA="}},"qVPLSMREnbZda/W6kg7nvVyMmTcg+Xrle+8YP6HeRUw=":{"valueMac":{"type":"Buffer","data":"bqhcNpNFBBH0OSeBNzMODtvYuNXSGsTC2+eHJZO2cnc="}},"qlcm1QwDr9qgubbP7/lhZ458BanWZ/hin97Iee0foDw=":{"valueMac":{"type":"Buffer","data":"cMIo3NV2kwRsnYD4xKVp43InZEVXj2pAwazx9HcSTTc="}},"rcqRfVSf2ANEB2z1wCr+G890mO0R7O5M8KoTqa7bLSw=":{"valueMac":{"type":"Buffer","data":"kBMz4blg9bzSnRhmPC0iOPFtIR6Ot4EeOy1qX1CdWnE="}},"rywCp5K9sr1N198hVPIA/14aaqIAspIQ7ooANmeyHK8=":{"valueMac":{"type":"Buffer","data":"Xp4Dxa9w8Nj59mwVydfZGBfNELPJhbDZn4QiL1vJ1Ts="}},"siNi7ErT5fO/jl7e68RhHZZZYQW4lSdyyggt7uMcFiY=":{"valueMac":{"type":"Buffer","data":"hGp3wlDpPC+z/XFaGY68qFN/dueMVK9L4hnKQljO3Zw="}},"tP042XtrpQSQumAVuy7PQ+1mgv7bH2zWNcYDol6hgiM=":{"valueMac":{"type":"Buffer","data":"+MWMc5MnpKVZloNyRAReoOHk8DmB3u+tWjExVfY7eqc="}},"tfq3qld9SyWO5mCQchJqdS+X0qckbpNe6kVe4Qsc5x8=":{"valueMac":{"type":"Buffer","data":"SY6MsEB/RHKvDG7C3fpUtzWgTaJ/lGQSb3LmXQrZ3Ks="}},"tpTVdxDC98gGkY683+rBaRGtIzFHWJQJIeXPT6ylD5A=":{"valueMac":{"type":"Buffer","data":"zU7TxwwEeKmO+hPqW/mMkBZ491oi2mBGFeI9LcfDEP8="}},"vGL0cAOBvJq7ZoGfkY5DONCDYAGu9ENVLBHVmnZxrmw=":{"valueMac":{"type":"Buffer","data":"p+HHRPdLhnubHfx3k4XQKQx3sDl9dqWJNLHkgVigsyA="}},"vY9f+P/klN3QF75vzNhEzrtynqEIsu/7IuA54hDzEfU=":{"valueMac":{"type":"Buffer","data":"fhRvG6dORPYD8yZqNnAbKQX/j0UDV5h4wZc22VNWaqY="}},"v/WKMOENrzH0htrMvgNvZS0z543ybIYv0lB7MMoQ7Cw=":{"valueMac":{"type":"Buffer","data":"CyO4maVChHM1YtZNXnj6kp16xGB1OtaIH9JaHMgDsog="}},"xpiIKeRBr/uQ1qhbULiWDZmtEej66AC5eQSB5HRY72g=":{"valueMac":{"type":"Buffer","data":"08Kze1/m30prknpOR575FYt1VnH2OI/GgrZe96jYIx4="}},"x0UlBQCEGZVhpWBR5pL1uC3WdbgJW2EzZyxXm2QhCjQ=":{"valueMac":{"type":"Buffer","data":"YZW8f/DKAeWJNM/XNv27lYndQqsrfnpP52mHcWAbwWM="}},"2sMIqZOkymSzC1wMdCt2V5X8EAikrEW7MbfcQtTFfFk=":{"valueMac":{"type":"Buffer","data":"Ge8RjAWS5kHONh58nfag4c6ZnNLWoWbioeziGO8HH5w="}},"3i7PYs+WB3d4xPUKUAlog8LZFA3GwqDrTact9n4M1Bw=":{"valueMac":{"type":"Buffer","data":"bBUYoY40vX8oINRa2dU8CG/vbzGTKOxLaTlEj/C/FpE="}},"4avYd3pGWTS5UuOhemOekehuS+TBp4+T64RMBPt7WiA=":{"valueMac":{"type":"Buffer","data":"iCeTuBNfoCHpGaa/8Hvfb+albl+cYxNYHRI1HO1eN3Q="}},"47j4NyC5TzYJ/NG5/kcZvbVbT9KdzVec5M12Pa2DLKA=":{"valueMac":{"type":"Buffer","data":"yif9qbc0lFc+mE2DqOTnnJmTJhd1IUP/3K1r4Uot7tE="}},"5DObPBZeotknpYlV35DWwSxw6W7nAUGhDTC+lIso/8k=":{"valueMac":{"type":"Buffer","data":"VWl9VFVy9IkEjlCN/P/CciNDMhb1FvsknTPERQs6Bx0="}},"62Xg93uv7uKWSGFYswkoFSpxWHWwcmy15genF3TrMlk=":{"valueMac":{"type":"Buffer","data":"FhY/9pjb20r0Y9n30yfTxMTKoIz1d7li5BRjmXIcu+g="}},"7E5k4s6aOLPJtP0+AvKowGAqmlxjLVW2aigUQiV6wZc=":{"valueMac":{"type":"Buffer","data":"qBsc6LkTz6r/8Yp9Q2F+k42Dq1v0dXlJsfu1sMHudeo="}},"7xZsRfZUIFP0zk7wjRYrskmwKJamg/MSZcdbb56m5OA=":{"valueMac":{"type":"Buffer","data":"Nhfxz4znPU2RaxnHuU1jKCSr3lSIuVbpLab76ZAw5hA="}},"85o1a5VIgjlr290/+p4OzahD8WzDlmaoNzL3Q30fqSw=":{"valueMac":{"type":"Buffer","data":"6A7gV8HRowIB8TaiTcMjJLjeaQ6q/DGirl6PZ0O5ZY0="}},"9ZvFIajDf3N4jIqLfZgD+YBFcpeBxfJnEHKd3yhr9oA=":{"valueMac":{"type":"Buffer","data":"7sFCoFMhGgiT8Nrw5jd2u68dI94ySe1h1WNKzbJhayE="}},"9tNufQageybR0qgnwkO/XsJsaedxn9brlCSAgyLu3TI=":{"valueMac":{"type":"Buffer","data":"ssd18+9anfbGvdacY6vx1QPzwc8o1hi+uZZOXxwU4ug="}},"9+xpFJnEDMGX+VuWOsdNssU98KlNqiDd07SvLPTPzTg=":{"valueMac":{"type":"Buffer","data":"gEdkaBWUVOI/a9qcZPEjRs0gtC3hlM1/kW72IZYCako="}},"/gAIGFYNKCdaISsveXN34h4JSZX/JpeTGoxhIx9dKOs=":{"valueMac":{"type":"Buffer","data":"uplSEgdA06Vic6oqtve6Pl3RbdntwRBnVkIgNyHx/Do="}},"jFmz7VrKOsmQ7ll/rj+1qZFHwy984CFOPNhF0pTdnKE=":{"valueMac":{"type":"Buffer","data":"e1gtWywtKpVoaNuPfg59YmEKs4UMJlt3tOyDlXPiK2c="}},"sNmcmM12G0hw9+F6k7Qv5NdIkf/KbgAy2W9RUpMoyFQ=":{"valueMac":{"type":"Buffer","data":"yLoJNNzSlSIgHhrruYxp+oqxrUDORGtPoTqEIwqsruo="}}}}