{"version":274,"hash":{"type":"Buffer","data":"4amKRE0ROi4r3vUVDDhaqhp5drVa8dZ81kCsPU7LQ8rzvoqMO4Jj1yfEuY36eKMnHby/o+/P985nEpGbaIuFiNmgUYW7DIJaQk9rJPj9TXuq9zKc5glFdr2ENLwv6Lhh7B1SYRpXxdTsrBdBsi8maZvHP5NCTcEX9dMyzvyID40="},"indexValueMap":{"Dj3aN/akdnsZUUGrXPtAQVdF3fovQvtIipJ28HSso/Q=":{"valueMac":{"type":"Buffer","data":"x9vvssJMHKpGhxh6gt4zuF7uoX/FXLV7tyn6Z2F+vE0="}},"Er51ARWRAYOXLW0fEa5Icv9o2s8EVlKneOj+TN1WKwo=":{"valueMac":{"type":"Buffer","data":"U5kojsaDd60Mm/aIBQhLeSyUIjSzlcAktDONXhRIDp4="}},"FJRUwNVNE+dBk/awLDsjbLyfq7eRMh8Q4Kp2iw7gvc0=":{"valueMac":{"type":"Buffer","data":"5vhM1GJuReJbxgMw8nyJRKozyD+/wgYJ11YbfJzlVe4="}},"FOOHvJ05P0OHVmokpfHWvuLhQw7JlMJECe4fB2uyf9I=":{"valueMac":{"type":"Buffer","data":"Dxeqd47oHHVHGcSSdOnpxD8hasDmjrxpqamGdIBAQoI="}},"Gz9MxyEVC017bW/MwVU3/jP6BvT9ueZQab3RO1LVKc4=":{"valueMac":{"type":"Buffer","data":"AzMf4iL6UpqiA1/hip3YDT0BLNvPwfRjLBLwD02SfoU="}},"G3SEu7Xn3vqIn/md9h4e5quLiNFlkV6U2L53QfPl4GU=":{"valueMac":{"type":"Buffer","data":"M3M1TLg+98Bh7UgyRvIOYC5CmDZqqVklceLmRucFL0U="}},"H/5hGBtZIJK/vX7yAhx3sH/XI3IQhPplid9FzArL+WI=":{"valueMac":{"type":"Buffer","data":"HoCGHPiNT0UPCq7X4IYnhCcnwIfCX6LUYgeb6x4Z1s0="}},"Il3nKbdPzfAFDRl/V5xsc5z7JL7B3g0STZppxJkKEfY=":{"valueMac":{"type":"Buffer","data":"Sju27qxcyt++Ol1ODMWG6aTStaQcclQXp7GfZQ+IawA="}},"J8Gg8yqO9ZaEE3lrF6pRJZMUMNqgvGAaICBNxWFpF9g=":{"valueMac":{"type":"Buffer","data":"o2ivlgnn2iFgq21n3eDNHYdhf1CpmQPwBf2IleqOdtY="}},"KYj1pHF+NbdWa/JlU3viEPJO3bQ+b1Whzat9gsUay/U=":{"valueMac":{"type":"Buffer","data":"UlFYn4XUjEo8g0V4t481nwUhHbuc9N8dWJJLCNXygxU="}},"K3Yz1RyJtKdTRzwUHKV7gjFgXAb72btWMVMAccZ9FGk=":{"valueMac":{"type":"Buffer","data":"dClLR4r0wc0J9OlddcjS5GgtIyP7S3FvBNs3zZI09d0="}},"LNeH1Qb24k1kZLPDfr46tzoiiQp4dmDp5cCOD1wzMgY=":{"valueMac":{"type":"Buffer","data":"Hf53JuNrVtBSmrEMcjTjqd3f4b8PZr2xfNpY1lF+WBY="}},"La7qeBSo0I71PVIdQ7j8F5HDtkg1ZvrjNkxVqcFuE5M=":{"valueMac":{"type":"Buffer","data":"hN3guI5LkJqnyT+7UZSO2Psk52RnNeHhdBCCnB1xNAM="}},"MMmwmxpclH35fskmZp1MsC/d47nUTgbUGCNajvDUJp4=":{"valueMac":{"type":"Buffer","data":"xgbCog71H53St7bUXO/Kg1j4EvFyYkkRo0YYGj7rV04="}},"NghawcidUXYzRmvmi+CJ24LGmpQWEEEl5EK/YQbfcqo=":{"valueMac":{"type":"Buffer","data":"bPdA3by+RsJyeacDIcsSsLC+p/OOyBAorEfNmMlrrbA="}},"NthsAM3gYKAmdUzP9XxJ5n8JErslpK9omMDw4XYW1CM=":{"valueMac":{"type":"Buffer","data":"LB9PRihr5odsgOtrv+WY1arhonWda9BRfbTe6ZDOaKY="}},"OQtKhNNHD6Aa3PU1OrJgaYrCzbk2ue5nwxsfjbami40=":{"valueMac":{"type":"Buffer","data":"cLT56LQMo8779JKYuBQGU9TZ2dpSt45KMt0yRjYW1UQ="}},"OamQWZekEshgS/uQNh09b25FSNexVC2atFE8tZaxa/w=":{"valueMac":{"type":"Buffer","data":"juo8+ugGJwKiZ3YUTopuHZur5HDFB2WLA33TbNWNOSI="}},"OtliWDvot9V1YV83eo11+Y274q/XiNgAQQkCG4rb7OI=":{"valueMac":{"type":"Buffer","data":"FTneUjImfmBlLbYl0xq5OWXtA94J5+1ud2ctupD7tEM="}},"PDwFP7lFvu7JfNBhiriF78z1hWXcuBlgektDYDqY6es=":{"valueMac":{"type":"Buffer","data":"ozSVvwiEPW7OK/hqAwNRF+OlhGDc7ADE+HYEn7hndxs="}},"RkqkFEJwpX3B6hgQqARl5OtFQzmJv37TYhWX2pqIUFE=":{"valueMac":{"type":"Buffer","data":"znGxNXfZvNZvT3GhHj0Jqz1WFFttNd9rvTJE4TKBzCQ="}},"R0ywkRYAHiLRnCLAwe4XTjMgnMyMxP+A2U266Zm2ui0=":{"valueMac":{"type":"Buffer","data":"n5CcPnB1K5zleoC+PijT8PiyvyyMC+rWvUnhtHgtXME="}},"SUd8dFgxoOp3MHBMRYbTIkbLL7onGLCO2kn+uru/n1g=":{"valueMac":{"type":"Buffer","data":"RRt+LxUuhyDbqotrf6NfRCVYcR0upxzcNgmh4FWD7PY="}},"Sk2OBfIrWHp1RvuGD0JV7SMIlWFYjN3roeKE06kArSA=":{"valueMac":{"type":"Buffer","data":"RUGUzEoUGHJc2b3fi1JJHRobyUMavgl0eMAJxpLl9f4="}},"SxPRZL11kZJy1N/eLzOAR+U20FDR6f3mKoEpFQfYzg4=":{"valueMac":{"type":"Buffer","data":"CcRSeeKx5VLJ+0VIVdwOrUavcgapfOQBr68HzLUjBDo="}},"UKZ8qCRLshl5gzws55mKNKXisO4DPDKtbA8XemLbzhs=":{"valueMac":{"type":"Buffer","data":"vFF0NDiANNMApB57yMTQkujvRT/jxZma16H6Wb1Ihm0="}},"X4AT+aw8FTbh+bTaRNY6JPZf+xcmHkXXs1YEoJ7ae44=":{"valueMac":{"type":"Buffer","data":"6Wi7z2A41ShzfQOYgFlC5kNbgc0RnKYiWDciVoWxiGc="}},"YCsKlMUHgvp17FaWiZ+dFiKi00rFn20+trXsamyZ3as=":{"valueMac":{"type":"Buffer","data":"dYynudYhYWgdFJerS4+zkR7W5mxFd6EH6tor0w3AWM8="}},"daOlK5j+e54pmM1R2xdPLwhOWiYQS7qytCM8XfC8cZU=":{"valueMac":{"type":"Buffer","data":"vCnvEGdGZqLxZavJ0MWmx2dc6bPF5/B78U6DJIOawqA="}},"egNFiZocSG2K8lHT7gmo0oVzz1a5K+GQRgkri2scwYE=":{"valueMac":{"type":"Buffer","data":"GqI+rDTB3q1/u6/uL2f+vuHEf1lZ3wxZELD98Z/bqHA="}},"ei9GGcPIcuDu70DuTGAoBLQaf1VGkniPPnK7+y9y6wE=":{"valueMac":{"type":"Buffer","data":"7nmIJcHQxwQQxebNE2s/eOmrXHQKy1mUIIUY1ZlUq/s="}},"fP6I+VYoQEpHRupqp+h+lIXrpgHrDB9uiVl/w7zUSMk=":{"valueMac":{"type":"Buffer","data":"RxE5FrTLd2596Sodat5JWZL1g4Yg09dyjYDQC7qCuyc="}},"fw/2ayfVhVW3T0d8FTSFAxICbU05dPid8FvwUklDNsI=":{"valueMac":{"type":"Buffer","data":"HvlXw6DTeCTgfp7mepY1D5FR+meDvhXic1XRfHkLEEA="}},"ioB9Lx63jI5kB0d7YWmNgihw2bH3WV5p0tzko1gXIxY=":{"valueMac":{"type":"Buffer","data":"B7BAjrC9vIYwF4vELaTUhjv2QXCPnzyruUt/Zy6rheU="}},"iwVRgjEqZVtJFPdfo79dtm3BY5cvCbwZU9xV3nFhVBU=":{"valueMac":{"type":"Buffer","data":"jEcY2lVE31ahLT5qJeO7bzzB3/4Saczc++qpHP2SDuk="}},"i0qqK2XIfsg87Fy/PMSo2MBuDT1yNPUwB0k4Cxn2uRY=":{"valueMac":{"type":"Buffer","data":"PICXERBghUeubqAOXFDX4QnMmxl2JwpMsvUObJ8nXaw="}},"i9dKzuS5v4nExxMnOpTw63+LwvDem4HcSKu1aJZVMCI=":{"valueMac":{"type":"Buffer","data":"4kWs9/R8M+eDsOuAG711jxLuEIIXgU+uVDOSDteAeoU="}},"joEInQtvTOfWWTjgdUX8DmynD8B7SdieRM/LCZKlTvc=":{"valueMac":{"type":"Buffer","data":"p6h4NxNE8ki6daZQNYW1/AqDmL//JyHfvxxOdiG1Ha4="}},"kDRb9Rd8TCw9tbsU4p+uOTpPE+TJCm3PUOtBuY//n0Q=":{"valueMac":{"type":"Buffer","data":"3Ly8Bb3VWwnhKEAuUXS3CvPRuLJC/7d9L1Q9PFrSBd0="}},"korrliZjo5f7uUb+CFj5fTxegud7xcliD9tgVcpmG24=":{"valueMac":{"type":"Buffer","data":"5kxIVK6k+vGK8KXw8Zb55ugQgSdlDAT7JiOjCrtTi3g="}},"ksbYtCoCgP12cu+W7ZnSAmZ94ldrm/7thNe4ggVJfxg=":{"valueMac":{"type":"Buffer","data":"naxvcOCcC9EeJn+7FD55SGYq9O86brYIw2ZG8xBviuA="}},"lDAvsiRjp2KLqc/riszwyO2mjNQXxybIBJNqrxB62uw=":{"valueMac":{"type":"Buffer","data":"KFNJe/2jhStwSW70I6ibNHLXpe0F8uOa91Umn3AOepw="}},"lsTfd0kBner9nppPvYDUHU4+M6iAQNYWeQpVTQGlJNg=":{"valueMac":{"type":"Buffer","data":"NXLZVljNj9ehkPkHVWmj3vzyaixfENTNMmUxAok8mAw="}},"orWR4WP7AHPxCuA/tS21Zm0ZR9gGYOB9ct2oOr1Z78A=":{"valueMac":{"type":"Buffer","data":"jQO7ZGGkOLwqilABpdop1vzMboJgN6DFKsNRg7UM7hg="}},"pXjK79zbruuuUc/7hRELl+xdfrgH/W0xHJiq1oTKZVI=":{"valueMac":{"type":"Buffer","data":"f1YJk6KRkGuaafPvCvbkMg0ocMsuryfwl7e1d8FAgU4="}},"ppz+AoNOKzO6plx5t/YNqFXGXxUUfLqabkFPdsaJYJs=":{"valueMac":{"type":"Buffer","data":"omqOnDW/HB+pQVwrlAzySbrEUfeMmIO4HPYVflbpdSc="}},"q8WvLPgnjrIZh8H5uuD3VYD1pmWC/eRBuunKX6GJZUM=":{"valueMac":{"type":"Buffer","data":"TkoRHpPabTAS8cwfJPJWBrGtS7cruiJCDcFJ8yf4UU8="}},"rSk00eD/8qL/c30QXPcRhubzsILhyJia5U8RK/rpx64=":{"valueMac":{"type":"Buffer","data":"O2shUKTdflwyx63cHZv0honviRt2FFSUxTsPHQDtV84="}},"rSxszjXkBA4WsgveYBx2YLt7L+dhKCG6mFQQ6hkLWeA=":{"valueMac":{"type":"Buffer","data":"1tQc/R2E6/XQnJpaV/aHMeKfQn70MEtPafBomfQy+Ao="}},"rkE/VeFGo+ChuvajVODue3IC/PydwUQtwe8lUNEdkko=":{"valueMac":{"type":"Buffer","data":"SsigmOeG7i4i/1VAeQNkDMBRfnfFq5MqBbNWbb5cjZc="}},"tdeGImc7DAyLj6+5ixEZbdhyoN6Zosez5Pq2CN2rdS4=":{"valueMac":{"type":"Buffer","data":"L6e2ID0vW8VuVoJNQu5vji687RU7XZcpqIucg31tQWE="}},"tx2PX8WmlEfWECB9GeCyCtiVAGglqnycLviKGJ/gbf8=":{"valueMac":{"type":"Buffer","data":"w4HGz7wOMuwU7LQOsFtGuub3sYQVvs5CjJxB9eaSq6w="}},"visSnaCdmSkpzAIV35fMKajcmkk12D3uPEztmvGAS88=":{"valueMac":{"type":"Buffer","data":"JkD4SNTGpsMiKUIgchtB2S5GBsz2gtvzD+x+Ql41fow="}},"v+EnuPfU/uedpaYJccOiwMNv80fyTmPbu4h5+e78Eqc=":{"valueMac":{"type":"Buffer","data":"jkX3/bpoCNG8iiB20rFoBuEZ6D6mnN3tY7Z+7kf2d2E="}},"waajUkihER2vj+BpN7bQk2iQuFVXPOGQePGfsFP9LZo=":{"valueMac":{"type":"Buffer","data":"6tfpxhcLT9/psZLxBISCrvc8E/ge+N8OCFh/hcUsSW8="}},"yi8zi1l02f0uSi3rlJ4d3RNblmEYBwf96x/OGRMFA3Y=":{"valueMac":{"type":"Buffer","data":"nLqtP4mepnHvdNuOwFe37AFfMx7vvVlSMvnyijU+e+8="}},"zIirBlQtKGYdAFvsicRZe9akX8yfea71YRfZ3kpgEiw=":{"valueMac":{"type":"Buffer","data":"aO5VhN5IRgrcFZYvKVLPK0t9zKqN+ZR9U3FEQhdhZVU="}},"zjiNxIvtY2vptPRDMrOLMsgS3OzdMwIViDn/l1sYL6M=":{"valueMac":{"type":"Buffer","data":"EefwuphnTNMvSuIVgggTFgKUyLxoZtVEjvoLAxybU4s="}},"1Qu7CcFM+K+YGakuoyxqqk+yKfhu4P9i0s42IjUVJxk=":{"valueMac":{"type":"Buffer","data":"svH+O0SApoW7jIKngHqL5i56kJfvabXC3ROBPhMKYSU="}},"1Rjz1GE21ukO9FAKF6XHOiMRnysPVVTZBLvOMj/a0uU=":{"valueMac":{"type":"Buffer","data":"3noP3RfoThH+R9dYlt/nyuOBnx+GYhUP3NPbvUke5gs="}},"1w6MSOdd9x5mG9NFr4TGMELpzbTL7K9zjYn9t3vCGXc=":{"valueMac":{"type":"Buffer","data":"G6ukkYqY7f5hqAoBgP++yvJUFey3e0TDtMugcA1Ogng="}},"1096L5gNCl1ZZbTy8/sdRgYXKYnYkia7JklO8OI6N7A=":{"valueMac":{"type":"Buffer","data":"NgkMaFQUoYluLVdynJ2+QS3sqrh+f7V5TgK2XfY0Agk="}},"3cOJ7pg26qzWzyMJZesMhioOFKCNwk1fd15/o22bfGY=":{"valueMac":{"type":"Buffer","data":"r8RTHI6AJ4ET7WjE/9sDQZ50Wwmnp7753u1+QGaJtOg="}},"3jpyy02ueLrtTekhI3QAYDTNpzwbAGBYFNB6i/6+jik=":{"valueMac":{"type":"Buffer","data":"1zonh2+lQLN1LdLMnsrk6tKeGPxVcfr2egKEl/tghnw="}},"3rkNWlA4bf3wEnupRjnU/1+sNZTdjpWfyDs3Fzj47EI=":{"valueMac":{"type":"Buffer","data":"vKBUsJ2dD7Bh8GXXFSuLzHswcxAzOyYwGV4BNhlhWuM="}},"4o+QI3ngt1ocuOwS0jyTMMUnTyvw17UEo8qwSIZIN0M=":{"valueMac":{"type":"Buffer","data":"0f78yMwXj4OVIcp3OmiIDO6pFjCV2oEgpSI/A2cYRP8="}},"4qiVqY7HQQ/YkWyLHylaR8Y9GPX5ahCZRFJDskKYlY8=":{"valueMac":{"type":"Buffer","data":"caishsqnHyzQUZis5mz/uBfdKscsiCh0FXd1DcVawq0="}},"51hJyqjJN6Lis5+/KsudGT4SAVQhZa9/oq7Z08GBZHA=":{"valueMac":{"type":"Buffer","data":"GvPc9k5b3KFJIPoqKWBzg91i3Vu5wGvqQnANiDtU0X0="}},"77f8p+Mx2vb+FJnLk8UU3oTFG01X6sXxdvEb6fh3eO8=":{"valueMac":{"type":"Buffer","data":"e9R2co7Ep1exzhC7kdCcgC0fIY8rpu3Bn2yuqy8vu9E="}},"98RW72P1dsmQIu+uJ35i/EOvS95RZS3Hlztdp7786tg=":{"valueMac":{"type":"Buffer","data":"GIANlVv/JvEJsXbMzR7hAJKWaAG/u3arnliXRKaQ5ko="}},"+mq8ReS5q5FShLPaN/W6Gx0008q0BNzz9GH+tAi2Pow=":{"valueMac":{"type":"Buffer","data":"lGp9KzSV1mJ4m9LV265Wf8x4igaZXtwmv83VFTtDfAg="}},"+mxjz0FvieI2z84ifKbjK8PCIMmzftKf5q4r1h/g1QI=":{"valueMac":{"type":"Buffer","data":"phBXAAGhx+Lsi+jcmTLK2CPu5jjX2CMJ8y+oAHNisz4="}},"/bTufkrVIOv64G6RNYpeVRdKFYsyuHdm+XE0FCH4l6o=":{"valueMac":{"type":"Buffer","data":"lTy2OzdMHatKpit8sZ10AJz1zyufGi72eGI8mOMcJ1Q="}},"/ujE5qPr6sY7EwigQuConUfXsXPeKFXsD9J9UPhFsn4=":{"valueMac":{"type":"Buffer","data":"+lYIMTKoBBobCAsvvMyb0U/S3RAikysIa5itgsEES40="}},"UU73S8ZdghL+KcsUK5KdyDTz4kzw2kgSV4D+v3kXdM8=":{"valueMac":{"type":"Buffer","data":"Ljeha6nzawY8obrFx+Ih/kf11n+9QxR4SBKr7aOMXtc="}},"Inq/mqHFpHeQybWJ7G/j3yZssZ09bz5leHtoyoH6hKE=":{"valueMac":{"type":"Buffer","data":"i+bIeg3yc6molEZA2vs+57xsFAsZoCS/BuK92gxAALk="}},"9bkhuZnDA8756P4nV54Q5S/UzBhcZ++9CYJ1emninU8=":{"valueMac":{"type":"Buffer","data":"7XettIUpXv6zfnbhUXUB2f3QtWfzDpSMrbTlD9xSGgM="}},"Jru0yuR/LDytviC1UCPm8r6f68gh3SyUGp5gLovE8s0=":{"valueMac":{"type":"Buffer","data":"X+87IxwOMDJJ7XTm1tRygD6hAR4HdiaW5Z3wzNb9zJ0="}},"9nSzN0KBKmKLG5HDVSN7aLLtmoxt8lMVTkqQv/YYcak=":{"valueMac":{"type":"Buffer","data":"7n8dbGQxbCf1xA89YBw4aIGPjB7wwZQpVd8uLBMQHpc="}},"Gy0V/nmOQwWeibnSthHwk/+EZjeFTBsPWFocZw9IHg4=":{"valueMac":{"type":"Buffer","data":"gvwEE6XmcPUekw9DolPYZg3L0I34IoeSEspLYGHkuvY="}},"6FGrfKNhsM6Sk/1WwlgjdZCcSAGVhVpDxuEDOPCZnuY=":{"valueMac":{"type":"Buffer","data":"0CqIsGwsZnE2+irdCt55jDdPrUg8siUPsSsH7vNY9n4="}},"fn2lLn4QMguNjGjuljR98MPkBxdMcK0+ycAjivJvb6Y=":{"valueMac":{"type":"Buffer","data":"fO7hZR4RnTVtc5ifjhLQkru4Xx1BpteelqDdpe1KiLs="}},"2aN8ixgAWyCoYVY6b9AxOTi+j0IPYx6za3a5ignv6sM=":{"valueMac":{"type":"Buffer","data":"G75mBrHAzc6voHjoIR0ggy0CL62XZeDjebsGH7Fm1Ho="}},"maT7ylNq8ZICk7kJXi1bplXHVjhD4xEOci/lIGUDVy4=":{"valueMac":{"type":"Buffer","data":"EJPWkgwyIrvDZhIJ9oBwV2231ZV5gRZXa/DIFs6kzxI="}},"4ye5cFtCuv5w4gUbMt0QhsUOjHpOR5Agyli3DqTpgF8=":{"valueMac":{"type":"Buffer","data":"hjacpFGEaTxAkX8R68HTEjtebJYTmV0AjZ6j8cWeSus="}},"rMUSAn4by2Kn92XNlE6FF1qJyqGgvmh78SG8gfpsXJM=":{"valueMac":{"type":"Buffer","data":"KEDt5XxqPeVZO+dVK7gfGAEhBcwVS6hSpsvsAztxlKc="}},"NQBahHI7ohKLrS8YM/dlFfCNJ8QvYakvL3DT01Qi6yg=":{"valueMac":{"type":"Buffer","data":"aDAalVIETr+4iHTCvczLmbj3gECGdPesEe+GyWyQxl4="}},"yGsNqhvjHfFCubvte4ULU/9VGEbU8cEKXYD6aOvnzFg=":{"valueMac":{"type":"Buffer","data":"aoqU5jRm68eULMF4sj/LqLVPZG2SbpHwlxPQlvF/CMU="}},"TAy/7GZUphGK6yn+75eK7UFT/07c4hOzMlpIbK4agDM=":{"valueMac":{"type":"Buffer","data":"rrBl8dkaSkWoF0KLmM/Tqs7bUEfqj0BUVDBi48aRqQg="}},"RiBjmuMLjthkDAOXQzItxYsrbyErMK+SaVv/u7oSa6c=":{"valueMac":{"type":"Buffer","data":"/minQSAv9h8SPV7LrErlu5ye1Xzae41cWSKa3hE3BLA="}},"JNlVBRcLhOf61ZmadLNfG2PCKUFeu+umcgbR5nuCwlk=":{"valueMac":{"type":"Buffer","data":"ZF3wfN/icV6sbKJJJ9IkzjIp30oOjv772ou7e+ZK4C4="}},"uHR6Lw07VI2tClWUItezDA9gR+iDkiqap+q+JnkyUQE=":{"valueMac":{"type":"Buffer","data":"cwoeP5+kPbuMTe/YWXfvHhKOSx/P9x3dmJixcVMumQA="}},"Iff0g8qzXQ9eqYgds8qbzcnRrfSgXrCCqW+XVC98JT0=":{"valueMac":{"type":"Buffer","data":"I39Lrim5uEFRV0Xqn7qDrvQn90RmOUuAV+yfy6sWPI4="}},"4IMnKqQ9/zcQO4SdeNVEn+Kl2Ga2MMBdVdhSOSVzoTQ=":{"valueMac":{"type":"Buffer","data":"U2WT61IFDp5Mxc2du9uoTux/jTnOb5ncc/SeWGtEtOM="}},"h1yT6MGhKW3C0b6B2HcxgQiqxmqANkDW1ly5RX/mPUk=":{"valueMac":{"type":"Buffer","data":"wT8qRy1ai+L7Zugkj2Mp5z46IxB+bdbOrcmdBu5rN5A="}},"pJ8GrVhpY4bWeQsSa90WYSpFtNGzdPfK7kXkLkjmbYg=":{"valueMac":{"type":"Buffer","data":"rquH/LruAZj4q51zUmUWHRkmieA8r3gohyqa/Hxzfew="}},"OrMFC81LBQzDMhH4dhF+QJpdEPtdffvqvEYUFEatoqU=":{"valueMac":{"type":"Buffer","data":"GuqY0oLQt9KwNTEdGtl/FDVdFDWw5dnjQkkISkD7pkI="}},"eL3FnjAPYMFBkK2PFc6965CUQX2BUthrxMTmWJ3fQh4=":{"valueMac":{"type":"Buffer","data":"NPx1mFYNsGU2Pc9vN9/SMf8xLebdB9AlUanWl3aEHhk="}},"vZfrHm/v2ybgFHHJTMjoxPogcPrdEZtb63ZgiOjRrq4=":{"valueMac":{"type":"Buffer","data":"cBEl4HcQDDkCAVBOo89KqMV4g8pN6xJcKhOjFOyybpA="}},"Vere1tJejBKVNq/r9VDKwD0Ny4jMS81MiE8tvU/lXWE=":{"valueMac":{"type":"Buffer","data":"BiMm9Ik/nYT8EDy6YQxuMOiXs88WdtZ89pTj7KrYpJs="}},"ccoWNT3wbFYLt956n1WpZ8u9GZ+GrzC+fkV6JDN10Qs=":{"valueMac":{"type":"Buffer","data":"+VsfLMoFWt/LzfMp0WWjv1lyqF7vPhs5E1mu59cW42E="}},"IJYE7Ez1frSqvzFH1w/ZGptmY0v/BInD2SRgCR5GCAM=":{"valueMac":{"type":"Buffer","data":"4fE8NBAfu6D0RA7bblIRsS4ETdicsJXLqIT84tWxhbY="}},"y7tfEBlHTpv7ZHG/1lryJ2yKJ3BcygAwlgbLZmuUqdQ=":{"valueMac":{"type":"Buffer","data":"omIwvhx4ZXUU5f1xYCKdk01JoFTTSwg64lf0lQaR2bk="}},"hD6Gxo+sxxyKgPhQex4r2BR2H4+V8Ac57gR4nx6xMnQ=":{"valueMac":{"type":"Buffer","data":"Bg5LqeGtPb/A6rwr4xfVo/pv5uS9z97wMQ62CPNxG5E="}},"KhltlgHRCQ1Qa+7Pp9M9Jp+C3JTB5fCNwOaU5GLHsaE=":{"valueMac":{"type":"Buffer","data":"yW/lIvb24aKIsj0sdGhA3hZHQsxrjR3ceLP0HURru+c="}},"KZ6rUQvzrpZ1JWHRUV0bzy4LglTEmvI6sSYykHGKHUY=":{"valueMac":{"type":"Buffer","data":"A5eu2LddOs4YHXh6bIZ62ng1hMxfEHnZv4+e1alVdqY="}},"rryWvHvMpVNyrPWzgWWu5pUrLrRgY06f8nxdMwqzimk=":{"valueMac":{"type":"Buffer","data":"bnzfiwmBTKWP5M79z8H5kDpWxF6OjyrzNhvmK7ybqhk="}},"/Ulo7OFK00yB6NLi22O5JAW4V6H7Vx+HCSHO3AxyTVw=":{"valueMac":{"type":"Buffer","data":"tKNA2yZTAbSqmpWP1RwRhOcNlP9+aGbd2HDOHs/eWoQ="}},"0uLolWMjkPtE5j9J2blNKowfLkhj6BsgIcj1BO8LGgE=":{"valueMac":{"type":"Buffer","data":"ftbqSyFtqCn+HVKQeKqc84YUHad0OwAgeHTf1NI4LvM="}},"JUGni7YSV1Xb5HyOk5e/0xU15OhxwMS8vmbHT5wzJ+c=":{"valueMac":{"type":"Buffer","data":"tZuvyOFSrN8L2sMl8jpCIfLuiQ9p6SmobkQYSAQwirc="}},"9YhOYoC+jQXVuU87CxOFnuhvL7NfNO1OkJqWqNUAKWk=":{"valueMac":{"type":"Buffer","data":"NF+P8yhsDW9h9Nkq/O6uWpsBuLdkX68imb5AGlvC9Ps="}},"dTAUZ2tUXPBef5iXvZwXJOds+HVboOMwspbfjgkKfjY=":{"valueMac":{"type":"Buffer","data":"K+Y693jcWDfLRDyIXlRdgf8xWn0Krf5pGL0tqM4a1ZI="}},"Rdk7OSSSOlGNs7MtIwx/KP4XdMD1dUPJw+X0HajSA60=":{"valueMac":{"type":"Buffer","data":"AWAahWqv12ltn/XqZY9almMXndGOnyDgRWtq+vzHTmY="}},"WW4IVanemLInOQ5gBZE1qsXieWPGUaLJAQkmWAL5FoI=":{"valueMac":{"type":"Buffer","data":"1h4PU2f7KgOC4JTLAZ8VphPYpptRefr679uUKBftUME="}},"4l6vF+dYOMLGH+zj0UI8Z+FSZCy5Ah+HBShLyjtu+Xs=":{"valueMac":{"type":"Buffer","data":"0jSlNlgj9OpZN7wqhhc79mb5qxxbJ8RU/UUgBoeYbug="}},"g/MoJAtOIo66RDNclyOaMw1ON6/MLtq/Qt+g/jobKyk=":{"valueMac":{"type":"Buffer","data":"a2CoJcPKSeYoHVCC3s5UD4dN4Z1XZ6K9B42WEStUhIg="}},"n7FlZv7k/1rsRq9BE6TVcZEQuBZ9mV0fmGZnNsvMufU=":{"valueMac":{"type":"Buffer","data":"1cRD9ypZPlLzjwQDkzB3hfbTus+AYzmrXO+bBi0sN/8="}},"7tO7miXjIocxncmUGYEAQTVKi+gA/FTeo7HM34nRzX0=":{"valueMac":{"type":"Buffer","data":"IagoH2knX0BuGHKJLQp9xE19TtKcsLdZevkWNdYXvpo="}},"2wLhOFZMnK8wQqaJJYpZafXXF6MC/sKs8nDk4GGJnEY=":{"valueMac":{"type":"Buffer","data":"c9GCE6tqhS/f1EzeU6MECkbgz40xAUaX9Gs1qBOsJbI="}},"XDsD1TOiLDftZDc/St540qUYfsjCwQ6KOh6PCfRKCos=":{"valueMac":{"type":"Buffer","data":"yrJpsdMj5UHDKKapK3wi8VK59FNQ0+Qv4l51HvBx/Lw="}},"tI6G4sU5SX4fEOgYMwqRaGH67/1Z4O81YdZKRb6FSO8=":{"valueMac":{"type":"Buffer","data":"umS0f/BWJdhZ5WMoa/rXlmQvE8d6q/XJIHmve+dPCjY="}},"DLh3EI+NGI15UpE9THyP2YqyJLBBURtTOIAvRSnQ5M8=":{"valueMac":{"type":"Buffer","data":"z9fD+rip3jk3CB8aWPO+6aQ+c18ZN15jF6P95ql+3NU="}},"76S6Jlm4bS+fKn6VQettOZXTDBjhileBdEQ0+2SAGd4=":{"valueMac":{"type":"Buffer","data":"iPiuiylkHzF4qtWKF/bGKQrNpTkUYMMSGKC57qzLaLk="}},"Czk37C4oRMtNwviW1KUDIXR4S+M/onKl1JSVeEt7ON0=":{"valueMac":{"type":"Buffer","data":"cDMeTJ/TP4iHGzp6bOnfoeE46HOMukgiYrVF4fet+ng="}},"ydj3JXWqrPfgiM4vJtA6kwCHtrnYgwY/Fz4+Fcyay+Y=":{"valueMac":{"type":"Buffer","data":"KA5JUXjeeiD+Vmqv5zVEGNUDEhhHl1XAoiQ6JwlPhHk="}},"Ui+nArLg+hkj4iVWPmXS0h7fkeCk29BYGLDhK8Dz7sA=":{"valueMac":{"type":"Buffer","data":"76CvHE4FnyBx6U+IgxWSwsDk4OHKbLulFRT135kYbEk="}},"LYycJjX5QtZ2op+Zbyz1jYKsO0NqrToyvdNPtS3C6K8=":{"valueMac":{"type":"Buffer","data":"8Q+Qy7uKxWf0CxnY5vwbNF48r9LuDRnQLeef4cwhnPM="}},"Nq2whFKn0fdVi1iDmDiXT6tHb8liGBvfa2YumtQI8oc=":{"valueMac":{"type":"Buffer","data":"Aue6RiF9JOKMb9Y3GyQmQdZgRi3aC5U/DTqKz3jBCYo="}},"TYFp2EdGABPy2Oby53kcF2qopM3baBrLWNOcIGZ73K4=":{"valueMac":{"type":"Buffer","data":"xdZLu9gts2uIJg64Nav38+2XgqDcpyX41abMYzWCCNs="}},"3X1IhI9kqPgpJqkJarpjfg6BUIgXmJOoaOBWY13bIAk=":{"valueMac":{"type":"Buffer","data":"9v7HH3+BmJr5B290PLldAZutxj07mYcgrnGX20BpnLc="}},"YC6F4B0nHmGGKEDvQHvAVfnUMXHx8S1AtuekyEduziU=":{"valueMac":{"type":"Buffer","data":"6Q42++bbAawzg4lFp2tl5kMT5pnef0jNk19rTSyidPg="}},"TzR6s9XKbkJwd0Gu+6rF6QkHz32P8pXfu2+k9M4dPrc=":{"valueMac":{"type":"Buffer","data":"l/kybYGm6fRy2CrXBoyI+liwjxK/u+hp3ePXrggigNI="}},"9QoCHnLkq6rAtPoJydxM1RzOtuqR2Xwa0q7sh679iwo=":{"valueMac":{"type":"Buffer","data":"RR4CbJdSQzCBAE2XODuCLtNnEmLNy6Ex/NcjFgAYEqc="}}}}