{"noiseKey":{"private":{"type":"Buffer","data":"+C/lXUeWhpmd/cK7fSrPHl/M9lB1f7p7dwSU8D9aq2I="},"public":{"type":"Buffer","data":"XfA8Fn2I/lKkoCZ+vuzFNoky0sMBcesTzCrWfAO0e2o="}},"pairingEphemeralKeyPair":{"private":{"type":"Buffer","data":"MDT3X8uYSze3vRfJ6m7CkBqPqCJFM7Cwc9ZyHExK22I="},"public":{"type":"Buffer","data":"7qrXeinj83dXjfYjFPysDIEoWEtzacPJJpqj6YI7sww="}},"signedIdentityKey":{"private":{"type":"Buffer","data":"aFm/q0A9BzqzRa/24FUdSUQroQxni5ZtPn3snaxyc0c="},"public":{"type":"Buffer","data":"bfieLt3gEom5ykoZlceyTXBV6GaBbGwiOzzkzBWQ2Xo="}},"signedPreKey":{"keyPair":{"private":{"type":"Buffer","data":"KPkbNm6B/1jxXovl0uXwwdh6p9atgQhzbT/7sS2e/FE="},"public":{"type":"Buffer","data":"GAtdaBR2s/wlQ/DLV59qUs3oUqW9TVM68lUSqdw873k="}},"signature":{"type":"Buffer","data":"wJdcYa1fF0G8NoHavKHqr+KHwKvVi4Fj4HEylkSz7He9l8lvW06ErK8LhIX+zg4iaFPCwJacuM6hUo5l21USAQ=="},"keyId":1},"registrationId":80,"advSecretKey":"PwGbfc9x8F5QtfTWOSxUe1M/nqw1AJDkuAzk03WaRyI=","processedHistoryMessages":[{"key":{"remoteJid":"6285176916306@s.whatsapp.net","fromMe":true,"id":"12B8B41DC23DD3FBCB58C69EA3CB24E8"},"messageTimestamp":1699102722},{"key":{"remoteJid":"6285176916306@s.whatsapp.net","fromMe":true,"id":"2073CD3CC5814C6332B393FE1F90DE27"},"messageTimestamp":1699102725},{"key":{"remoteJid":"6285176916306@s.whatsapp.net","fromMe":true,"id":"4D48079CBFA13B02780DE60C6E38BF36"},"messageTimestamp":1699102739},{"key":{"remoteJid":"6285176916306@s.whatsapp.net","fromMe":true,"id":"3908496D6F22E14890376505C87EC5BC"},"messageTimestamp":1699102761}],"nextPreKeyId":551,"firstUnuploadedPreKeyId":551,"accountSyncCounter":1,"accountSettings":{"unarchiveChats":false},"deviceId":"dlJM8jvuR_WTC0ZOSrTtFA","phoneId":"83b88cdb-6f25-4ee9-9f32-3678ca72684d","identityId":{"type":"Buffer","data":"SXydZMcLmIto7e8FwxlLbq9ROGw="},"registered":true,"backupToken":{"type":"Buffer","data":"rqa2puUk7TLWstxmsvfA3NRN7JM="},"registration":{},"pairingCode":"HNY79XAH","me":{"id":"6285176916306:7@s.whatsapp.net","name":"SiTotes Bot"},"account":{"details":"CLfbsfoGEPr/mKoGGAc=","accountSignatureKey":"SpaiIPacapoXLk+qfKVuUfHbsqpkSo3wjLPQEr34EGc=","accountSignature":"8xs7THFYNdFp0TY9bUCxfNfPf9iLfZlksW+HvFl7IN3JH1hNbcHee6RTwYODO4nO5jNpWnFoVJbuO8TgcmvvBw==","deviceSignature":"uXrY8ZjptzU9REjy/CPH51YU1oAc5WxgtQXInQNv40pMU+gI/7udlNPzgAl9UTzjiiNqs8GIJdBB+cTM7LGIDw=="},"signalIdentities":[{"identifier":{"name":"6285176916306:7@s.whatsapp.net","deviceId":0},"identifierKey":{"type":"Buffer","data":"BUqWoiD2nGqaFy5PqnylblHx27KqZEqN8Iyz0BK9+BBn"}}],"platform":"smba","lastAccountSyncTimestamp":1706612463,"myAppStateKeyId":"AAAAALgE"}