[{"senderKeyId":713036472,"senderChainKey":{"iteration":16,"seed":"v1MkdcZdyQDxpgaAjlQ3oMFwreWOTOVEQe+4hrVUYqk="},"senderSigningKey":{"public":"BaDYK2k6u5t4Iohrdwwl8J+TVNIOHMfhgVT6QdbYFoJj"}},{"senderKeyId":713036472,"senderChainKey":{"iteration":15,"seed":"5fCAdoPrQA8alKiLcsUdNPyAZQTMoS/lISAIRskaMuo="},"senderSigningKey":{"public":"BaDYK2k6u5t4Iohrdwwl8J+TVNIOHMfhgVT6QdbYFoJj"}},{"senderKeyId":360081120,"senderChainKey":{"iteration":3,"seed":"lW0E1fiftofSoDJgtSBpFHemG1CabVIlcWATfd0m0P4="},"senderSigningKey":{"public":"BShYChbiogz/VupjfwJ8v9jTSHEyVRez0enB9Cio3UQS"}},{"senderKeyId":354467954,"senderChainKey":{"iteration":13,"seed":"bJ0F8BbaaEHYKVWLYp7LlsD5oXVRQhEv7GtxocY7iWU="},"senderSigningKey":{"public":"BUB4vJbQ37lvisW9ERwIqTR2q3H4d6W4wiFl/aWObK1K"}},{"senderKeyId":366575474,"senderChainKey":{"iteration":0,"seed":"ZQurXu3nNBhYcYYJLOGhS2q4TXnUfRhPxQZfOxZr7xE="},"senderSigningKey":{"public":"BfliBWWozKDcxtTH9PWd0WoygTeJv7gyLrgQ6apZx71E"}}]