[{"senderKeyId":1654203266,"senderChainKey":{"iteration":6,"seed":"rQ/xnej2WoEM3WzOsYaIQvRPGndcw+ck0SiEc6VT1iY="},"senderSigningKey":{"public":"BaQzUFGNKqKo5QXZVyADO6OKWfSAtxIRLqxuYrYnSb5f"},"senderMessageKeys":[]},{"senderKeyId":1654203266,"senderChainKey":{"iteration":3,"seed":"4yytiXa241KO/8hq2cmNoTxivpfjUL3AUp40g5E5olU="},"senderSigningKey":{"public":"BaQzUFGNKqKo5QXZVyADO6OKWfSAtxIRLqxuYrYnSb5f"},"senderMessageKeys":[]},{"senderKeyId":1654203266,"senderChainKey":{"iteration":3,"seed":"4yytiXa241KO/8hq2cmNoTxivpfjUL3AUp40g5E5olU="},"senderSigningKey":{"public":"BaQzUFGNKqKo5QXZVyADO6OKWfSAtxIRLqxuYrYnSb5f"},"senderMessageKeys":[]},{"senderKeyId":82672167,"senderChainKey":{"iteration":3,"seed":"7WPFe4z/fiUuXYmVP8CqwFQyIWqecKS3mxAWrmcLMJ8="},"senderSigningKey":{"public":"BZErY3hJBCyNr0w4uFnleUBDVcMOpIoA0/RUGkGe4h4l"},"senderMessageKeys":[]},{"senderKeyId":856201424,"senderChainKey":{"iteration":3,"seed":"8H9r6xGiNPszBKWdHo8jZdQmHghmqikHJ9Z6HWD9Tr8="},"senderSigningKey":{"public":"Bc7WdBzhdJe4RODDyGGJrye9FbBRgTiTXtrxLeZiHZg/"},"senderMessageKeys":[]}]