[{"senderKeyId":1236088042,"senderChainKey":{"iteration":66,"seed":"mESbNsOO6NtzVK35Dn127i1/0NGinLUnJZgKhP37rgE="},"senderSigningKey":{"public":"BZ8F6+EF+OgPIkSy91PEssHB12tNQKwW30k4oGk0Khs0"},"senderMessageKeys":[]},{"senderKeyId":1236088042,"senderChainKey":{"iteration":34,"seed":"pLp6bVgQOCOtdQx32waF+NovaYckDnS2LsMuWVuiBac="},"senderSigningKey":{"public":"BZ8F6+EF+OgPIkSy91PEssHB12tNQKwW30k4oGk0Khs0"},"senderMessageKeys":[]},{"senderKeyId":1268182658,"senderChainKey":{"iteration":31,"seed":"buXbvMOodZZbQD4nEq/K33vPNhKNFp2hLD+6QgZ56oc="},"senderSigningKey":{"public":"BenZEaetRLHr+3B4A2EOhy4YMcMgEU7js6m5jnVNWn5U"}},{"senderKeyId":1268182658,"senderChainKey":{"iteration":31,"seed":"buXbvMOodZZbQD4nEq/K33vPNhKNFp2hLD+6QgZ56oc="},"senderSigningKey":{"public":"BenZEaetRLHr+3B4A2EOhy4YMcMgEU7js6m5jnVNWn5U"}},{"senderKeyId":1268182658,"senderChainKey":{"iteration":31,"seed":"buXbvMOodZZbQD4nEq/K33vPNhKNFp2hLD+6QgZ56oc="},"senderSigningKey":{"public":"BenZEaetRLHr+3B4A2EOhy4YMcMgEU7js6m5jnVNWn5U"}}]