[{"senderKeyId":1644460205,"senderChainKey":{"iteration":2,"seed":"S5mxNyFtfEfKGYNm6DfXxrZvYhQLwl8fkOTklLja0QM="},"senderSigningKey":{"public":"BWYqlKnRqKx9LU/NGJZTDSf5MlX7a8iU+fWF/0fCundh"},"senderMessageKeys":[]},{"senderKeyId":391860409,"senderChainKey":{"iteration":16,"seed":"kxZvJvJ2Ez/c5XIM5t+u4alW45+vKHYhujeddDgN2Zk="},"senderSigningKey":{"public":"Bf8KO4iXscv85nmNarMqpQjJBZoMBpuBKcLcCqJPorNt"},"senderMessageKeys":[]},{"senderKeyId":391860409,"senderChainKey":{"iteration":14,"seed":"pF6IOfbLV89eoPN/u0zN3kpcNzoY0o2rosWSm4HNme4="},"senderSigningKey":{"public":"Bf8KO4iXscv85nmNarMqpQjJBZoMBpuBKcLcCqJPorNt"},"senderMessageKeys":[]},{"senderKeyId":798603328,"senderChainKey":{"iteration":0,"seed":"EZrXdPIqr8POk31I6KmSlVsqvNiG1n2wdBLSYTiWQic="},"senderSigningKey":{"public":"BXyirFodQHdTZ1swBq1Qr6AdV+LPhU+7sOn/w0rkm18X"},"senderMessageKeys":[]},{"senderKeyId":1684756387,"senderChainKey":{"iteration":0,"seed":"E3F0cJKwCiR03A+bHqMT9Z0MINvZad70BpESsc8/kOU="},"senderSigningKey":{"public":"BfeWGQb9o1Ao9pE4A+86mYjZiiKYQHn1NU83yeaPXtNH"}}]