[{"senderKeyId":616995552,"senderChainKey":{"iteration":3,"seed":"WVnpoOwW5GQ96jf5zp0YCx/R0sRwKCCIHChLTgyQIQk="},"senderSigningKey":{"public":"BRjzPhgZduJE+d/rDX7xGWvzKVeqHaSZnByAnTMBekwH"},"senderMessageKeys":[]},{"senderKeyId":616995552,"senderChainKey":{"iteration":2,"seed":"RG8FxApOhnbZJH82cseo372UalbhPNJ21tpluQpWpU4="},"senderSigningKey":{"public":"BRjzPhgZduJE+d/rDX7xGWvzKVeqHaSZnByAnTMBekwH"},"senderMessageKeys":[]},{"senderKeyId":616995552,"senderChainKey":{"iteration":2,"seed":"RG8FxApOhnbZJH82cseo372UalbhPNJ21tpluQpWpU4="},"senderSigningKey":{"public":"BRjzPhgZduJE+d/rDX7xGWvzKVeqHaSZnByAnTMBekwH"}}]