[{"senderKeyId":1601326015,"senderChainKey":{"iteration":3,"seed":"XwB/RQQzj6QUUkUWaDY27Y4nNWy8M7w/wQZtj4loqFo="},"senderSigningKey":{"public":"BXWQ8YCrg1UbQ0z+BfvX3v3jh+X50teNqIU4VsbolNwV"},"senderMessageKeys":[]},{"senderKeyId":1135006523,"senderChainKey":{"iteration":5,"seed":"k0CuwW/Tkd62VtF7VHnO6IpJ3EQzFkpeyZiosRIGtlI="},"senderSigningKey":{"public":"BcSD3csczwZMo9YR2Y7Irxt18MSnVuMZmTV37JsOVy16"},"senderMessageKeys":[]},{"senderKeyId":1735686829,"senderChainKey":{"iteration":8,"seed":"V25wIjL2CzJQRIhBRCw69R3kSwnCY/D5A0d9r84/TFE="},"senderSigningKey":{"public":"BcEOCx7EY7ICIuJbXXecHS2h0pP0hW6A2RapEpyGZ4ZO"},"senderMessageKeys":[]},{"senderKeyId":721119294,"senderChainKey":{"iteration":3,"seed":"CcNo9tZfp6qzu7hzfDAWu9/fXrNsNHxKTCq8xyiWsqk="},"senderSigningKey":{"public":"BbnWNg8Eq86BW9DgQld8DjfZxsUtkvnrV5JJhb1WUJYq"}}]