[{"senderKeyId":1053009443,"senderChainKey":{"iteration":38,"seed":"yv5n0hwUf1b437VIHzf5h7F5rnoVTwOj2V7fs6U79iY="},"senderSigningKey":{"public":"BSeqkCVS0WvsubNrJTSPbM2WXXSMwgqUteZ2u1NtR5UM"},"senderMessageKeys":[]},{"senderKeyId":1053009443,"senderChainKey":{"iteration":21,"seed":"X8KyThtVSAQP5Js7KZOPWwaKnKmGRrbGXg8MRldu5Ow="},"senderSigningKey":{"public":"BSeqkCVS0WvsubNrJTSPbM2WXXSMwgqUteZ2u1NtR5UM"},"senderMessageKeys":[]},{"senderKeyId":1053009443,"senderChainKey":{"iteration":33,"seed":"z1NKZWiVCT+0Mlbb95Cng5VSTOtGqjzgTQB9XUDC3UY="},"senderSigningKey":{"public":"BSeqkCVS0WvsubNrJTSPbM2WXXSMwgqUteZ2u1NtR5UM"},"senderMessageKeys":[]}]