[{"senderKeyId":186222276,"senderChainKey":{"iteration":1,"seed":"tZf7w/A71WxyJjNl51FqlzNAaxdDlxXbrB8BfP0zDEY="},"senderSigningKey":{"public":"BWPTG+Fm4mKyoN6+0BqMztI1ucZQVLaRxlg/S+Igvnkb"},"senderMessageKeys":[]},{"senderKeyId":1820363495,"senderChainKey":{"iteration":2,"seed":"FspIVEuxVtyGFdf0vYZriY6g5UoaRYdtxz/nKF7Hx6Y="},"senderSigningKey":{"public":"BQdFgcCBVZD4+NDNs6UKYZplKDGAXFeCs4WGb/bxjSFA"},"senderMessageKeys":[]},{"senderKeyId":1036749916,"senderChainKey":{"iteration":1,"seed":"jN4s74cEsrvbU5LZYDOtsYHnzuSbRlN07Ko+qIMxWfE="},"senderSigningKey":{"public":"BZKxa3iFNkSsfxVaQXfpixNR7otDKmqJ7V5PpAXyAK8P"}},{"senderKeyId":996586992,"senderChainKey":{"iteration":1,"seed":"oZjeaeBGdfvLkVUysa3ltsRPvdOv5mnt1e9EUYG3By0="},"senderSigningKey":{"public":"BQvja0ZTEMf1pws3HwJ/YSLSNJ5zw/t2Ag34S7n1cmQD"}}]