[{"senderKeyId":879871780,"senderChainKey":{"iteration":60,"seed":"7wZVWhgcGI78B3V+/TjrJeLQLOqJnz6Du4RwBCcJ318="},"senderSigningKey":{"public":"BbmXiA1u25O1Ze7yrkfSfnEKMjat2/BCwY40e8h46Tgt"},"senderMessageKeys":[{"iteration":1,"seed":"1xM4Ed9ypBz32Wt5hyhYOW7F1YkxM24M3F3ciUfRYiA="},{}]},{"senderKeyId":879871780,"senderChainKey":{"iteration":7,"seed":"stguvtBrVJ21NkhkTLy+HVv9XjT18Xm27OZguXuiIKA="},"senderSigningKey":{"public":"BbmXiA1u25O1Ze7yrkfSfnEKMjat2/BCwY40e8h46Tgt"},"senderMessageKeys":[]},{"senderKeyId":1979518036,"senderChainKey":{"iteration":2,"seed":"779jrh6UTqjmh6gVXxIy62LbqIM5xPdfZVpKBu7mJPA="},"senderSigningKey":{"public":"BSf/fo3e9ZmRwPlRtoCunRcrG+kwGELvAY+IPAWWLyEx"}}]