[{"senderKeyId":732646079,"senderChainKey":{"iteration":17,"seed":"Z5C1aI6NyyeUjybzo2KZnsNkPph5vTzAAH5Eq28W+jY="},"senderSigningKey":{"public":"BQ4MyE9b+nhfu0Vi+YpzBjUw0fPOukuKwQw9YZIxebAk"},"senderMessageKeys":[{"iteration":1,"seed":"tHEN9cSGJXClP0EkN53gWE0H2hVjnbovwn/9YzGWUTI="},{"iteration":3,"seed":"+ghFAR74FXvqGPriVpzo8cQE9CochlDaW2mqFnGF+hM="},{"iteration":5,"seed":"ZhQjgCSr+lHQ6LxxZJea6b+C4qkhs6UXFWscag0b/6k="},{"iteration":7,"seed":"5ssgX1LI19gG8Pmq8szIC6O0M8mHYHDiKBvLY7F7mso="},{"iteration":9,"seed":"8tDJmPa7MbT0nL5J3q9f6qCD8KE+L0LLxJi/ySHXC6s="},{"iteration":11,"seed":"bn2f9a4GyUXrg5+XoI08IkzLg+9GaU54h/KllzKmhxs="},{"iteration":13,"seed":"IZBSCjpYdztn39++MC+vKghbRHtaljQmgcAiNf6GUZk="},{"iteration":15,"seed":"TaBFg2cBhhgq0dfArw1oG0grcKDK0GVc2PQOSJxNQ54="}]},{"senderKeyId":778179017,"senderChainKey":{"iteration":1,"seed":"0hIVoBJL7pdaEfkt5bIxYY17ZqHo9DgtgVWYwCqRm58="},"senderSigningKey":{"public":"BeQQ4T/ArMI75YW7J6CMXHAJrY+i2oSItnEw+/FHXeZx"},"senderMessageKeys":[]},{"senderKeyId":1597970063,"senderChainKey":{"iteration":9,"seed":"bj21CWaieugifL/voKYfPeWHK3viVnqJ8jdd235IwDU="},"senderSigningKey":{"public":"BaR34P0YaJEviXtS4Ar0vJH1YDGwWbSvV2o/6NZ1/OoU"},"senderMessageKeys":[{"iteration":1,"seed":"7mz9zcY2gA0LRl3oVoiUFlZ1D6Py6VuiaruXBPLN4Pc="},{"iteration":3,"seed":"2aAYZkRMj2/v0c1FOgPmbrjCO6CCvo9Rn7eV2XpsPJA="},{"iteration":5,"seed":"nHXDBmZX4quZ+fTkqSPK4Nd/m88deCtyUU1e3m6Quog="},{"iteration":7,"seed":"XrjfDm7rvq1VLhTWMnG3bIF5v3y38/jt71WWbnxoFmY="}]}]