[{"senderKeyId":1497450005,"senderChainKey":{"iteration":13,"seed":"wcaVxIt5lTW4Xdh1IcFVQDeX97ioUdBQv9yu4T8mb+U="},"senderSigningKey":{"public":"BTPtmQJ8d7kELHec56ZaU7dNA9JxAvt7pp3+uNKBbuVg"},"senderMessageKeys":[{"iteration":1,"seed":"7cjNACS4Mo/98Doem7V0AzaL5pBgIX21RLmJgZvKQYM="},{"iteration":3,"seed":"BrUjD3vGj1B5H/LPVjt8ssQpRxwuzMM8CuK6P3rFzUk="},{"iteration":5,"seed":"FF1KU6belUR0LM9pg7f5Bkn2B4qXMwhsvd1vJiPLdA4="},{"iteration":7,"seed":"ktv0qNY7rHkBOq498UIkytV04PpgLT/uCiI98HH9P5A="},{"iteration":9,"seed":"OZyttki6CPNdUGwwhTJcPFRNXF34JJqMWQIcLsyELxk="},{"iteration":11,"seed":"+GpVpsM6wxTmXhxsgD4G8WwrsDoqatcIsVX65XA13Oc="}]},{"senderKeyId":1658332318,"senderChainKey":{"iteration":9,"seed":"gwZNVdk0uqA2voOwkYqp336UUonMuQwtvkxX7PJOgpQ="},"senderSigningKey":{"public":"Beqc9tl/SofgIrhnXm0DRwhgSdmffSc6opd9DprRkYVQ"},"senderMessageKeys":[{"iteration":1,"seed":"IbPZ4PlqEGEXTeN0wGGlVFezHTCLcX/JL6xo2STSYAg="},{"iteration":3,"seed":"T5I/x1xThfJCn/z1GKYPOkMsQBYLBY9nr4YT0sbF4kw="},{"iteration":5,"seed":"abKO4AbFZEX5vKbxE9fDTXZvFReTXHvEowWySkNESzg="},{"iteration":7,"seed":"ePlPoHBZnW4gGqgTdvfEXKkCAbrXYtDyHtTIqkCwf4c="}]},{"senderKeyId":1363415416,"senderChainKey":{"iteration":21,"seed":"slZ2nU0COF87kvkeWRvuck906C2TZ/xZO0N8Js2NIAo="},"senderSigningKey":{"public":"BRmuAAdcQAJ7sdEKCT57p6FzwA0etae5xekDiHDfVb8D"},"senderMessageKeys":[{"iteration":1,"seed":"j28BRL5ejchWwOeD59z7J8NzVLl4ScnBhfo9E8C9hUQ="},{"iteration":3,"seed":"mSF3tsSv3yybRtw6tI47LrpirE9CT4fSX71vbWWElRU="},{"iteration":5,"seed":"/8vt3RRrv8yDI7zOdFPR06UoFAXztmeT+tgwU8cu9bg="},{"iteration":7,"seed":"JUjZ3BEfi6oJGLtnGx1wqD2SgaNRZKx7J1Q0ubiW2+E="},{"iteration":9,"seed":"B1BQOkpqneolZ9syHoywmZV2yq41t6KlVQHNzynLVX0="},{"iteration":11,"seed":"8H037ME86CRBcUHoFHLPsD2SV50NcWptYKlWMhXwzM4="},{"iteration":13,"seed":"zXI9zqT7MqKtVD9z9huBx6POhYfCc9KRMkxwF42uv0o="},{"iteration":15,"seed":"AFv7UGdGOi2Q1sxkb+xPx7OjxMNSieoblLsKF9vzICU="},{"iteration":17,"seed":"AY8jezZo/zvMoHqYz915I2srGz9GbbMT8quGWiZ87Wk="},{"iteration":19,"seed":"XPWtakNIbZAzj8bKU7PtgMvLaIZ1lTZA+R533he/vjg="}]},{"senderKeyId":934215085,"senderChainKey":{"iteration":21,"seed":"L64DcjZNR07upJGm7+dzkrLBGil8wOBEv4HiE/fB4Hg="},"senderSigningKey":{"public":"BY6o0ag+B/yThbUr2NwwG5hmowyDKEm3qI2UcK4o9YgV"},"senderMessageKeys":[{"iteration":1,"seed":"R5/kW6fU/L9Lfxam6yg4oW/Z4Mr0esS32WaaBk4Wmpc="},{"iteration":3,"seed":"bdTQNkNFOnPBzfUADiFwxi/5UnwyUkXxS5BGyiGQgcE="},{"iteration":5,"seed":"GoIevCraLG2AzgzNUi8tP6akIkIHNTMCTtMmq3JxmvE="},{"iteration":7,"seed":"hFnttjFacFSdnNm3UD/P/vJnd57hZvp0zjKtpCC4iqk="},{"iteration":9,"seed":"Umi1tgm9uyx3/gElULrGRGf6/XvcPI2SkMql0E+HeF0="},{"iteration":11,"seed":"i/QuuC09Xi1wUU3FfuJpYwp082FAHPav6zBUsRyNar4="},{"iteration":13,"seed":"wYWZ5HxStLl7QVWJh5anxgZrNItDV3MSX00yUrijHhU="},{"iteration":15,"seed":"8zcWUuiFrrRGcpfeXQi/tW14hJeJ2w/LiKHzB4HZ2FU="},{"iteration":17,"seed":"rHvCIEQD/w+mFSivRlp7sE4tJDu7KCpltOdvThpxM5w="},{"iteration":19,"seed":"F++GER4HNwmIV/stMN5s44dxLq7q4PdE3Eql+4lY+5o="}]},{"senderKeyId":619292564,"senderChainKey":{"iteration":31,"seed":"hB5McE8PtRQ07zTrsGBZfOQo855ZdxizfREmk2rvK5U="},"senderSigningKey":{"public":"BUxblvK9gOnOp56Jaipd7gZZpne64LCN5xLUi/exAvZN"},"senderMessageKeys":[{"iteration":1,"seed":"8MhKT7NxJmXoNW8mB3rLT/9w8kLJdw8zppeprtO+xmc="},{"iteration":3,"seed":"PNnDUZhVmUDhKazxgfXpQJMxZ7HnGyhEeMQ0rIZipVg="},{"iteration":5,"seed":"7XRgeVVDHIk9Li1hdGR3hq5gKBqNvKplIbBvRwabDsk="},{"iteration":7,"seed":"NOhzMlBoSsudiNTqOHiqUTNlUh/NMWN+Z7fmrKn7CfI="},{},{},{},{},{},{},{},{},{},{},{}]}]