[{"senderKeyId":904160733,"senderChainKey":{"iteration":20,"seed":"erP2HOZzNKicufEcEgGtQD3lIqfZT6gGBhSUnC9pcA8="},"senderSigningKey":{"public":"BU59bLMIlxO+g2I8V8pZp/bZcPY/Zxe3i+sXsaTDfJVz"},"senderMessageKeys":[]},{"senderKeyId":904160733,"senderChainKey":{"iteration":22,"seed":"F9D7uL0xNCmOQo0xGdZ/qBwDwGyTrgopnj6+4Ty6hus="},"senderSigningKey":{"public":"BU59bLMIlxO+g2I8V8pZp/bZcPY/Zxe3i+sXsaTDfJVz"},"senderMessageKeys":[]},{"senderKeyId":1232311283,"senderChainKey":{"iteration":62,"seed":"9Cu2QMCT8FImnkl4ZnC5QnadgF4ork4/zDI+H5DGGqY="},"senderSigningKey":{"public":"BT1lBWS3rc6iUZ3kRtfQkEzdf0tFKY7410IAfxEtgWBe"},"senderMessageKeys":[{}]},{"senderKeyId":1232311283,"senderChainKey":{"iteration":60,"seed":"9QrJFOILhF+nrQLcBYWt+wTN6EAAi/3y9nSAdnlsv8s="},"senderSigningKey":{"public":"BT1lBWS3rc6iUZ3kRtfQkEzdf0tFKY7410IAfxEtgWBe"}},{"senderKeyId":1232311283,"senderChainKey":{"iteration":61,"seed":"2dh/TcBX09YfvMro/10Tvfz60Imaa5VU8uC0VytJUKs="},"senderSigningKey":{"public":"BT1lBWS3rc6iUZ3kRtfQkEzdf0tFKY7410IAfxEtgWBe"}}]