[{"senderKeyId":1976697159,"senderChainKey":{"iteration":2,"seed":"zl1G8DHfjoMYE6iWom4gxdRMFMzmp1MR5yc+QT81Wic="},"senderSigningKey":{"public":"BTCPhtr0mPco9ZkJBRSa4cKEh5Oba+bKpfr7IOg+rbQr"},"senderMessageKeys":[{"iteration":0,"seed":"jzlIPqKKtT3xppMKPMYMW0NYUNJqY+EMOet3WX4daiw="}]},{"senderKeyId":1976697159,"senderChainKey":{"iteration":3,"seed":"glRXW5qn8wz9Lsmpu+jwYNpT4ZMMbMtqWojjShLqCK0="},"senderSigningKey":{"public":"BTCPhtr0mPco9ZkJBRSa4cKEh5Oba+bKpfr7IOg+rbQr"},"senderMessageKeys":[]},{"senderKeyId":26708168,"senderChainKey":{"iteration":0,"seed":"Zk0yYkQw7a0lYHXNYmo6z4TY1+nbU0lSuCDrsLacDcg="},"senderSigningKey":{"public":"BfuoZiJfV9DXIAkqpd6Ab4sYQ/XYtrNm1fpog/Z6/dpd"}}]