[{"senderKeyId":1485360188,"senderChainKey":{"iteration":1,"seed":"EJaQvvcDOMiK1/AT7q/+xjEMZZiOYdqCyA8m4eyz+Kg="},"senderSigningKey":{"public":"Bfa+lfCe7LS2xiJnS+2sUMhYlOdYY4+zrTozBOfmVuVy"},"senderMessageKeys":[]},{"senderKeyId":506298188,"senderChainKey":{"iteration":10,"seed":"dOsci6HiYqWQ652FsW8eXq8cQxy2WfWDXj6Bf6OVkyA="},"senderSigningKey":{"public":"Bb8OV5ExLxdr33TivKc7eOnQD+sLlilzrxmUzGn6zVdR"},"senderMessageKeys":[]},{"senderKeyId":1284904811,"senderChainKey":{"iteration":6,"seed":"omOalHd88y8kqbLZxVO5xyX76UriuLw4jUKSgGAxNBk="},"senderSigningKey":{"public":"BeZ8tZUIEkbEfInGo7iCVcv8ufIS5tHOaixZrZk/Bx9f"},"senderMessageKeys":[{"iteration":0,"seed":"Do7romC/BHUw1cNjeoqkWHCQBFfm+CK6xOWptJkjPdM="},{"iteration":1,"seed":"LxJJAT5625ZGTfFeFXOqju6Ft7L/3zvn/4+ux4cWgto="},{"iteration":2,"seed":"9QRg4hdmUfKf3povcrNeTa26QnEQyK0VLHL0KE92T1Y="}]},{"senderKeyId":1754133998,"senderChainKey":{"iteration":1,"seed":"shfmdLtO8/Ga9iagRsCj6ud+DwhZqiuriy8WTg0NuL8="},"senderSigningKey":{"public":"BYzzpFlm+e3cLd5JyHMddp6+j5/GFKvebTiuV+WzhJQ6"},"senderMessageKeys":[]},{"senderKeyId":784067404,"senderChainKey":{"iteration":6,"seed":"dTGkh2JcWQqisSmmJFV4gXqRCKZp/vDGNnT4v2HBbEQ="},"senderSigningKey":{"public":"BT0So2VMQqLVCNVVrprvAKBr/WxYV6hH2GQ87UCYFC94"},"senderMessageKeys":[]}]