[{"senderKeyId":1361886077,"senderChainKey":{"iteration":97,"seed":"3drPXilemqBa/TS0GkwcwlXvU+5je8Dj75CvATbHyZI="},"senderSigningKey":{"public":"BYCkQkkM0nNWY0NreKel1YGXer/S8bbQwnD08uedczl6"},"senderMessageKeys":[{"iteration":1,"seed":"vacKNqyCjZx0VgaNF4xrOFd3UbG0WHOiYXF5+vFVmDA="},{"iteration":3,"seed":"Sq1yZzltMMbQWkkeTNA1cu2PRxiMC0mwWNSR6hd+0+I="},{"iteration":5,"seed":"Z4noQpKnBKrAlissv5zk+FTgVbiS2cjDIiP4SARMQqE="},{"iteration":7,"seed":"jtCDlf31H0D+sNkcBMwauHvSBbefASbUVHpT+2SbkoE="},{"iteration":9,"seed":"mqelT0AVT4ytkGRvx5hdUKau4QulHcai/0PKV7Rlrb0="},{"iteration":11,"seed":"RaABNZgJH+ZNbi0YKOLBaCk0yOvEDmf2FB18tCah4qs="},{"iteration":13,"seed":"iSCWyOl4AQNmoRZSk9lje/4oUniDpPFhWDC6xfphzwE="},{"iteration":15,"seed":"GDblORMO4Prz83jjAmPw6YH7FrdbB8iMmWNhkwVe0N4="},{"iteration":17,"seed":"diJl8qZyuRpfZ4XFSoX1RkzQW6TYnotOldVsUt85Hyo="},{"iteration":19,"seed":"SjRTLfYtlGlQMYFdVMOGwEOOsZQy8XMREqqYKAHnL1c="},{"iteration":21,"seed":"UNARLeaeadQcaw/4bRYUAVWeunBP+HnkvmGoVQo6kNA="},{"iteration":23,"seed":"WQ0X81rmTXHKk+MCvDcHxAAckboNzODzjAPkfLdvk/8="},{"iteration":25,"seed":"hSpDjwghaenhg8jmCe26xLGIH4GmW5+iCbsJyfZO+mI="},{"iteration":27,"seed":"4+R2GFg7J8tig5KluBtE2xP/7tTM0N5LSEMPxYgk3r4="},{"iteration":29,"seed":"fZhhJNJMZ+BZer/eZsOi2v16YqkKB3H6Dn2tAsWL/4o="},{"iteration":31,"seed":"+oWMZHMLW4epS9VOEZWjxEzWQkUSnVOtTdKavXY4+rA="},{"iteration":33,"seed":"NKAvF9/pJrH+qO7DFRzcZgegC6Y4PmfKbrTww79WISY="},{"iteration":35,"seed":"vH5AlIy/AImmmrRTDe+r/W9IeOcx3CpZKBG+1gu1P/s="},{"iteration":37,"seed":"3pEUc76yYVjxGcgehTPaKWGu9jnBn0d8UxD5vmCcoxk="},{"iteration":39,"seed":"51q2HtlzePmzOm6nTpmls0cektZtpkWxkjH7pia9jwo="},{"iteration":41,"seed":"z10yie7RA4r1eY29o1xmEluQo6Xhj9LnnZIrbNCCKTY="},{"iteration":43,"seed":"A/5fHASGY/t4OerK4rix4UHg0bk1gcwt24L02EUgBkg="},{"iteration":45,"seed":"G99oBRlAAUyp8nFRpNqrmMyDk1+xMYqgmwBPLiTYMbk="},{"iteration":47,"seed":"YjmBs5OWfLnx/E8VypEKTUR/dH4CgBB4L4FVNCPuKy8="},{"iteration":49,"seed":"zxruLYVmMHNbuLNE+imbr3de4SAlxABkcuu87mmBNkg="},{"iteration":51,"seed":"GcG+9cVoWSc+LeXOuQgQSccPs4Bd1LvBl04UxmbRdGs="},{"iteration":53,"seed":"DAhx5F+LBwwrKUMc5Zs09b1RZVexwo4aRrCngqfPWOQ="},{"iteration":55,"seed":"G1HQ6YtR9j129hY5qSXTv3vyeyWu686xQret5m64WrE="},{"iteration":57,"seed":"A0yn3Uftgq5hANkc0LPcUAxj9Q5oNSmKzUmwuu1kWL0="},{"iteration":59,"seed":"UsPYUZ5cUtqyqft+SMKw5dZAhXNOYMmbtpn/HZtVKO8="},{"iteration":61,"seed":"iRcHApalF9TtDF4z8eeMIeWidxcFwmNWV3SgAcqmN7w="},{"iteration":63,"seed":"z/ElyHAoF8YnsIOfO4S+5OBnvnRfRjQZ0Hf1AceJStE="},{"iteration":65,"seed":"8avLawwk0PSnFVMu3zYq4x9CL1Bg8x7uhPjlyVFe07s="},{"iteration":67,"seed":"abjQsygvT7lbAnQvwPDMifeTCwNyMiqGbVYF74IFJ+w="},{"iteration":69,"seed":"v2eu0usa8ZJNAsJBjcfxAo71URVvN9BnZj7JmWBvsWE="},{"iteration":71,"seed":"TdoueGWHYL33sAzjUZ6EKWi52/69efoannyFCsvgj7I="},{"iteration":73,"seed":"/i3glYpIM1abMPKo7woa50C6C+fTM1wCLybOSyEZjqg="},{"iteration":75,"seed":"s7R7fam4tiYEyQ3c2nxb6J33ktaGZl3Z/t5DY5PY9FQ="},{"iteration":77,"seed":"Dxr8OyO3f9tXp+Au5b7DKftOHOQwRdv5v/9klecEWPM="},{"iteration":79,"seed":"RbaU3jWZDPYBKQYRYRfZtbFTxddyn4S92s+LR8NW5bQ="},{"iteration":81,"seed":"8YHGP09Q+T9ypKtjrmxyMru7bUX/2mVsv67NUsvqwaA="},{"iteration":83,"seed":"oIjBje2HVl5R3zEWK1Wy3laVyUtSzr7j9T0dh5hh91g="},{"iteration":85,"seed":"YCFvNF84h7siixdEVMXZxjcAWEvCvPoJjcW8eFOdKhc="},{"iteration":87,"seed":"yPnq6JyKECvfU8joOBMu1PFhW6L/59vDCs0C0R4G4wc="},{"iteration":89,"seed":"Gz576KRdz/A8IwPe1vkn0ROrHsouw/vfWKpGzxzTgCM="},{"iteration":91,"seed":"yrLmX89ew6Z/5BrISYbM8yZqDg1jqAMqiAH7wuvsfBo="},{"iteration":93,"seed":"ShsbjwDvi0p8a3XM+IRwPVxJL0N1ACfAWo9Hr5Wjo9A="},{"iteration":95,"seed":"eQZvu8COKpeN/7BHdKDNm/Q5rmVCbD7ru/fheGefe+I="}]},{"senderKeyId":462202478,"senderChainKey":{"iteration":39,"seed":"WaxPFkS6qQtlvRaViAJTQQotBjUrayg+Vbl7+5F3lnQ="},"senderSigningKey":{"public":"BT9kSvWyQXIbudH+shbXJlN2OYGThV9pYslEXU8B0dMW"},"senderMessageKeys":[{"iteration":1,"seed":"7PY2e3JzkOjnbwRkh/OaCSg2YSlKy4bYRhH25fpbc14="},{"iteration":3,"seed":"rOcRKloF8OxNKjCQd2jpPzJ8VRc+/XTtUcetLzValGk="},{"iteration":5,"seed":"5GJNmWtGYF3pgUcgBS0Xy96GqItwjl0egsF7kgPBleo="},{"iteration":7,"seed":"r1SKtgulVdHCte+hhYYEnxoIVpfI+RMxHvv9fs0BwwE="},{"iteration":9,"seed":"Hmoq00ZtWIYCXCU83TyVMbudysSVgQ8UNlLvAFDsUAc="},{"iteration":11,"seed":"RDheis+LfbvNPdal8eKaAEEdogdSDXZVlRPqPe0kUC4="},{"iteration":13,"seed":"4gZtNWRhs8C8iUoghOt1tl6KA4LEqqWDcsvvL9Ea4Fs="},{"iteration":15,"seed":"Eo4x5fCFkxcItUGNCjCWy/TrPVM4L/UtwKjlvUJ7RxY="},{"iteration":17,"seed":"GdbKWoc9/aWRarjn0x8Vfs8bFAJF04xgvg6RJoMawaQ="},{"iteration":19,"seed":"Oxs+E8uRG1fUf3sH1UIpOTcPSBblEHT8mwLZ7x64Caw="},{"iteration":21,"seed":"pA2ZzX39tNtg+4JtzbQ5kYgpd0IDs3uYaWWSMEl3f7U="},{"iteration":23,"seed":"1oGGp2qkMpLTw2J+mgVgMbpX/okvaDNo/QaYIB6V1WY="},{"iteration":25,"seed":"rA8SUctOOW2ZFkHq/GVrDJmlSCP0KC+UvEmtaLs1s+w="},{"iteration":27,"seed":"Y32HazeKst2HEv9RecPPDElwj8+G5dUWzeeA1/b7eQk="},{"iteration":29,"seed":"kwZQ/3abvggDGyJ9RZYjPXsznYVDFvlVAUWIpsGgKNk="},{"iteration":31,"seed":"0ZHNwyUJ7IgqWxiyXA71KfqHLWf4RkGnqA/tby2oSAo="},{"iteration":33,"seed":"8L4aQ3TRd36mGYhG1iFVK55uT8kcgA8owffN9aryMoA="},{"iteration":35,"seed":"9LOMWb5sVVf5PtMtsZGtovUvQloPSpU0x7jHtRdXFSs="},{"iteration":37,"seed":"j+29aCVyHgZeyTKwvWPOGA2Q+T2znqZzpGrs6JkGdR8="}]},{"senderKeyId":1617289050,"senderChainKey":{"iteration":41,"seed":"myimUGGXs07gGvLNUNWf3ZP3CkD8m8KugOOCvRDL3qg="},"senderSigningKey":{"public":"BUEcK9VfqiMbwk4KMJgDyDFkHWO7O8dVPzYrkrOB2r1L"},"senderMessageKeys":[{"iteration":1,"seed":"7HCwNY1xEQcXXl2q7B2A9RqCWhqd47OXDwQmsfRufy0="},{"iteration":3,"seed":"w2kKsU8xS2WWqqeID17OBqJYLT41/MQ+XcIr8EgcZD0="},{"iteration":5,"seed":"Pw/pI/YbeoRR3XZjPxO2BH+rgtDXVnKJfA7+0jcQaGM="},{"iteration":7,"seed":"31IAa54kvYfUKpYqJSsEgcKOymSDTFacZfZwvonztEE="},{"iteration":9,"seed":"LdHc8woUdbj5PxsRym2BstJsXLVMoZ5Rl2slpanpouE="},{"iteration":11,"seed":"DuZJkq0jOMQfC2474jID9fwKmr+AW/sXo6jOopew9Pc="},{"iteration":13,"seed":"P34XtOOPR9UrCsMuE1o2OYxTl+odR1+BqPA32USwJaI="},{"iteration":15,"seed":"J6bn402CAwaWjqDXnUwT4CT8QFiiKDn9C8+vkYfUsoE="},{"iteration":17,"seed":"C7AeNFri3+DyoFwAW8Ul+egGFTngAcToo3xcRL1VC1Y="},{"iteration":19,"seed":"0Xi4pZ5bngf8gbtm7I4QqojFTjkZAKjC3jcx4LTBzP8="},{"iteration":21,"seed":"fM7l19oG2qmH6WywbZ0AAI70/MlpQkAnzfmhaDuFF2k="},{"iteration":23,"seed":"oscmI8itJDdQtBzCC9MbUzeQfPBhZC01bubYkQdkXyU="},{"iteration":25,"seed":"1HYh0cz/oP8uRnuaYSKmcbkhPpjRclYMotxNmVVWHuA="},{"iteration":27,"seed":"dMLNcGIOYWcN/rLHHOevyArhue59yWMasoOJBY9MBLk="},{"iteration":29,"seed":"GetQxnwIxC5JpCnTrkyMMimtGxxvzpWxgIz/vzQb94o="},{"iteration":31,"seed":"CFNqqIbH9rj3+ZK8ARCRhhDY074ntOtY17SOESkjsZU="},{"iteration":33,"seed":"NuqF7FTmdUDuWZjFNpc5ORFhSNjaMwJtTmCbqcFwHiA="},{"iteration":35,"seed":"H9a5QNjn5cpKz5NhbXCmrlol4N91JE8jBWMZgfhk51o="},{"iteration":37,"seed":"FawFf+QQFzNZnEcPmigiRAUPblbbArDOwYUR9hOpSDQ="},{"iteration":39,"seed":"t76S8AlHkeiGG7jt3kI24vAk+V+DSWRd+CEbAjNflkk="}]},{"senderKeyId":1777328313,"senderChainKey":{"iteration":5,"seed":"6GwTP8SAMpFf79UNgO+PKzSo1F+FSEO6q5s0jmuhOPk="},"senderSigningKey":{"public":"BbDp5ynaBvlSSof7Y1nOGyyMpz/p1z5PvJXnR+kB2vA0"},"senderMessageKeys":[{"iteration":1,"seed":"a+tPMZ2ykc8q/gpPDFhNnSaOFNqA4tcDgGZRCFrZ8kQ="},{"iteration":3,"seed":"HRWA3ZLrTr5CL4svwy9f3KWJG41I/zDiJ+wphSwlsC4="}]},{"senderKeyId":330118235,"senderChainKey":{"iteration":17,"seed":"T9qh/C6ikUcrhTldSP3VrK9dpztLNG3Ps6609T/mMCM="},"senderSigningKey":{"public":"BWByJATR8rc3RfMM31hRCNFBo4uXiR8j/cVqLF1y47gD"},"senderMessageKeys":[{"iteration":1,"seed":"uLYWq5KaIVngkjUM1u6g8yJ//aTmyhoelRYJsxnNtfE="},{"iteration":3,"seed":"wH1Kw1s5MUf9A/Ik2B5/iSFpsAAOFmGv1uq6GsQvL+c="},{"iteration":5,"seed":"dYbR2hWiAmf7CwBNokVS3yfGKjk3jy5XW2SKZSWe4mw="},{"iteration":7,"seed":"jQdY8v5Y20Rths3QwagZnLQf6S1kX9xeQlr6dl6aMDY="},{"iteration":9,"seed":"38Rd6rI8w1/uYX8eBqSl6gVBOhYI6kEWr1AYSE0ojqo="},{"iteration":11,"seed":"IwnKJ0u2bM+FyNWarytognQUBsMbUGTkcNzI2vDz/fU="},{"iteration":13,"seed":"+SstOvEEEdAyep14uZHhs1aghwxDnEpnnA8I6KNw0YM="},{"iteration":15,"seed":"rNJb55mCXduY5SlPM1vdGhgLogE9t5dQi9qNrpzsu1w="}]}]