[{"senderKeyId":36391974,"senderChainKey":{"iteration":16,"seed":"xESqb4qPFDPwvAZo5kSD9EpS7Jx6zHRzEMm4Sxx+1Po="},"senderSigningKey":{"public":"BVDGHV1+itb41GlD1CG0aDQH0d/d5Wwd8KlCkZYKDyJp"}},{"senderKeyId":918667971,"senderChainKey":{"iteration":3,"seed":"a5yrhdCl93vRWDZfpLS8bsIE6qrvUdLMcvKMDpL2YOk="},"senderSigningKey":{"public":"BcMSQ7Bn/STtsU/F1HCk9wJOWB5K7ZPPbecu+IyhI6VN"}},{"senderKeyId":1700991390,"senderChainKey":{"iteration":71,"seed":"WWfaBMhVHRleRBrttRdkOEZB1vpNtl6xLEFLkfU9XSs="},"senderSigningKey":{"public":"BewI5fElu3kjKZe63QvA1XMWpF1kLgFZBE2Rv0qcseh9"}},{"senderKeyId":571112806,"senderChainKey":{"iteration":10,"seed":"gfoPYIjWmdF6Pli7lgrdfJ+xWpPe26FqQ88UzwcbQ48="},"senderSigningKey":{"public":"BblUz2VihWpHzG5kTzcV+HWnI3x/MX7aoZWqUghNaFU2"}},{"senderKeyId":1101479413,"senderChainKey":{"iteration":8,"seed":"kRrbdtAJEn+b+bPG6uNsxbbc1B4elCn9w9MNRMGvncU="},"senderSigningKey":{"public":"Bbrk99lYfFnGLsSiR3d+skXAjIHSOdgrk+JaTIuTBzRW"}}]