[{"senderKeyId":266904659,"senderChainKey":{"iteration":8,"seed":"YusuCS90v8E7IgyAsl9/t7jViRHUbYRH0UEcm+F+2Is="},"senderSigningKey":{"public":"BZNT4i9qirHuRXvuV947CGETl6Oy2tNZgbA/GD0QfAst"},"senderMessageKeys":[{},{},{},{},{}]},{"senderKeyId":1995925595,"senderChainKey":{"iteration":0,"seed":"5dPjOr/xFAUiNpeAElgoIR/PZy6MF4TQf4Cat00h0HU="},"senderSigningKey":{"public":"BV0iq/5TxD2bfGEh9lv0NB0SuJ+tjwYMfFjIIHBMDfhH"},"senderMessageKeys":[]},{"senderKeyId":1285282944,"senderChainKey":{"iteration":4,"seed":"NmMTFfNUHTc0V+khNXarxj2XwF4o+0k8Tf7QXifeI3A="},"senderSigningKey":{"public":"BSOFSQc2F+GEjKVRgSputXyIcLDInIwFHNOJ2mXp4mlQ"}}]