[{"senderKeyId":61180064,"senderChainKey":{"iteration":337,"seed":"BI0SLhunu1u6bMQB6+xzWmbYWWiXkzhpqisVRASGLIo="},"senderSigningKey":{"public":"BTzy4dSi8zXaDiRM+cv0gZlUvYMrRrSvFJe/NKVqcDgk"},"senderMessageKeys":[]},{"senderKeyId":61180064,"senderChainKey":{"iteration":337,"seed":"BI0SLhunu1u6bMQB6+xzWmbYWWiXkzhpqisVRASGLIo="},"senderSigningKey":{"public":"BTzy4dSi8zXaDiRM+cv0gZlUvYMrRrSvFJe/NKVqcDgk"},"senderMessageKeys":[]},{"senderKeyId":61180064,"senderChainKey":{"iteration":352,"seed":"jPJ/KTKH9Gub+r43OyEQ+K/tpD7VZv1Gdep+TOoeutk="},"senderSigningKey":{"public":"BTzy4dSi8zXaDiRM+cv0gZlUvYMrRrSvFJe/NKVqcDgk"},"senderMessageKeys":[]},{"senderKeyId":1127473653,"senderChainKey":{"iteration":28,"seed":"24ktEezxspLGEPJQwehvWPbFaGfODkV8Z7rpKtcSAqM="},"senderSigningKey":{"public":"BTw2cfZ06lKGwT/L0IK3/J0fIQah0UZf4Ley/c9d6/VS"},"senderMessageKeys":[]},{"senderKeyId":358006382,"senderChainKey":{"iteration":30,"seed":"s5bR0T3VkYrW9NfijOrL/hxX6y0efLkqaA0VSQngsr8="},"senderSigningKey":{"public":"BYG0JuZ8Ef301PIDnv8vy3hIrj5qp408E3ceI+dq3UZ3"},"senderMessageKeys":[]}]