[{"senderKeyId":366452456,"senderChainKey":{"iteration":3,"seed":"gj7HogQsLKH0vlloz641t3xTf53mdj/Rxvh2ow3YQDI="},"senderSigningKey":{"public":"BWG2F1RxlME1Hn3P+bpyMQs1/R7SH+0NWmp0YPM6ABtr"},"senderMessageKeys":[]},{"senderKeyId":2112990096,"senderChainKey":{"iteration":3,"seed":"+gLwl/5U+N/LWosxlKsrMk7GnLHpqDvi//1MVsREMuI="},"senderSigningKey":{"public":"BVNYXJxNMmV+9I9ab2enzJ8IJ5OqaDwTOM9HelOY0B9f"},"senderMessageKeys":[]},{"senderKeyId":2112990096,"senderChainKey":{"iteration":5,"seed":"zeQMY/ic10QrGMAeryZwHrUjzRiiD0Qx/A80jPe5kOQ="},"senderSigningKey":{"public":"BVNYXJxNMmV+9I9ab2enzJ8IJ5OqaDwTOM9HelOY0B9f"}}]