[{"senderKeyId":540094680,"senderChainKey":{"iteration":23,"seed":"UXi4I8WR7AEV92L6XTu+oS/MkTdVwD5AizWBvmvM0d8="},"senderSigningKey":{"public":"BccxxKbiCH6mrsd2+uH2nde7G+4kaAQNewddux/AyMcz"},"senderMessageKeys":[]},{"senderKeyId":459902173,"senderChainKey":{"iteration":4,"seed":"XNvpPlRxjhkk5ZcJpZI+W7tUihMoc500gMYO80gIn10="},"senderSigningKey":{"public":"BYNrVoc2/ux+y9LP7lNoZ8+oZ5/maw+0o5AtQgDZUI0q"},"senderMessageKeys":[]},{"senderKeyId":1074504266,"senderChainKey":{"iteration":33,"seed":"xDR5wW0XyMXaeNVKadZgyDKViy0O/2egK6fUpvV4JRs="},"senderSigningKey":{"public":"BfXIvr0gpQsvhhlY3n3KnV56o72ZbcsYfT7DIrFL3dRF"},"senderMessageKeys":[]},{"senderKeyId":1074504266,"senderChainKey":{"iteration":4,"seed":"LOEOHQQFj/0b5bm8Be5cC8gNlGHEilWfPmBbjHp9q0Y="},"senderSigningKey":{"public":"BfXIvr0gpQsvhhlY3n3KnV56o72ZbcsYfT7DIrFL3dRF"},"senderMessageKeys":[]},{"senderKeyId":448931038,"senderChainKey":{"iteration":5,"seed":"63uh0VFBYMhA2Vwo5ZyHeyj6B1CM8sso+VPq0JC1QG4="},"senderSigningKey":{"public":"BeI7zPoLvO9AgIncWq+Xi5O8grtv7QdYXFJMCfPHhf8y"}}]