[{"senderKeyId":1164014911,"senderChainKey":{"iteration":2,"seed":"2I7vok5sppfmV+NuGEnaFsFH1/5QPUI7w4Lo6ExJgZw="},"senderSigningKey":{"public":"BXfaIopxH0hFFvuiIIClohULBeWifJJKlvOjqfzwQXNG"},"senderMessageKeys":[]},{"senderKeyId":178397816,"senderChainKey":{"iteration":20,"seed":"K7ucVIye9SLWAaFJLW/+2aP75WHX/91ABbDYtaf86wU="},"senderSigningKey":{"public":"BX+56ACXxrvhc7dvI5AdrZEPEZBwzbTx6GAMbqyg88BD"},"senderMessageKeys":[{"iteration":6,"seed":"XmJ+etsAdh7KmBbkERMQLKe478g3aMpTRb4yu2Qzvqc="}]},{"senderKeyId":178397816,"senderChainKey":{"iteration":15,"seed":"HsnXj1UL0AKTYphrgqJLw99UDX4QtKYH8SD6oOVins8="},"senderSigningKey":{"public":"BX+56ACXxrvhc7dvI5AdrZEPEZBwzbTx6GAMbqyg88BD"}},{"senderKeyId":1525326076,"senderChainKey":{"iteration":1,"seed":"XVheAPMdvEVJSA9ScQ1VYDurpHNZFrPJpTk2nc8Cv4k="},"senderSigningKey":{"public":"Bcgtuu86nVOZAvlLYYjniLnaSvb+AaFHj+P8jeOPQdNN"}},{"senderKeyId":1134397966,"senderChainKey":{"iteration":6,"seed":"TXizvUn4fFkJkUVNtcHgqm8oNH26bR9uym9EynR1Q4M="},"senderSigningKey":{"public":"BQSOFbr5b5ZBEts4PzzX+khKuR7q6GHCFVAYkRegJ5hD"},"senderMessageKeys":[{"iteration":3,"seed":"L2caEOr8cLejPOa2TfXCwqK/qhs3FU4aJE/fGnwOrZI="}]}]