[{"senderKeyId":430431721,"senderChainKey":{"iteration":79,"seed":"HblBRI/22U8Yubp0Ow+4yVTRkZel2b719V7mypR0ny0="},"senderSigningKey":{"public":"BbZFlhvTiJr4kzqsatIIYJfzas8KnCRjZlX1cdODVc17"},"senderMessageKeys":[]},{"senderKeyId":430431721,"senderChainKey":{"iteration":33,"seed":"BY+8oot9eCe+fxC7uhpxfp2NKKrY2i6zyEZQM1DFr3Q="},"senderSigningKey":{"public":"BbZFlhvTiJr4kzqsatIIYJfzas8KnCRjZlX1cdODVc17"},"senderMessageKeys":[]},{"senderKeyId":1826612608,"senderChainKey":{"iteration":7,"seed":"WK+mvJjzf2fxvjZ2HRP/Q6H89getzM2fw47ISQJTCTk="},"senderSigningKey":{"public":"BVWkNbk54J9jxVE+sZ7X+5xUIfZdapqNOJhoKNSYQOp8"}},{"senderKeyId":1826612608,"senderChainKey":{"iteration":4,"seed":"6224sQ/QP27WZuIG0+1UAblz7SYnGBAksmTQxTxA3qk="},"senderSigningKey":{"public":"BVWkNbk54J9jxVE+sZ7X+5xUIfZdapqNOJhoKNSYQOp8"}}]