[{"senderKeyId":1182284996,"senderChainKey":{"iteration":187,"seed":"7ECwwrBLrBBUzEnmY1S9zLKdjl7BlA0LeJqQ3QqfRZQ="},"senderSigningKey":{"public":"BW+X45zXvv8QrKR4/hoNWhLOp/aAjT6O84fnlS1HF6Q5"},"senderMessageKeys":[]},{"senderKeyId":950901421,"senderChainKey":{"iteration":63,"seed":"Dg4PjcQ820asLQEjg7TcsGld1jp/L7LwDq+KyCp/O6k="},"senderSigningKey":{"public":"BX0If9Koi7S9PMlTH78fnY7apwixHPQq34mls3z5rChZ"},"senderMessageKeys":[]},{"senderKeyId":171899676,"senderChainKey":{"iteration":56,"seed":"aBTfXfsH98t5UoxYVXTq5lXvlicMfzZEbxtcU5kgkgw="},"senderSigningKey":{"public":"Bas8ukquZjtvuZYvcX5MX7g4W0fJJ+1BFMJLdlvUqzYC"},"senderMessageKeys":[]},{"senderKeyId":171899676,"senderChainKey":{"iteration":8,"seed":"lwefnNDVR4yczoXH48tY5cDomaP6Ep+e7X4HjJR7rVE="},"senderSigningKey":{"public":"Bas8ukquZjtvuZYvcX5MX7g4W0fJJ+1BFMJLdlvUqzYC"},"senderMessageKeys":[]}]