[{"senderKeyId":1157915493,"senderChainKey":{"iteration":13,"seed":"1/k7E73RjOlyZU4xgNvA5XH6s36X7JfZvqksDtD0V40="},"senderSigningKey":{"public":"Bfx3001Zs28XO+C5xRtdGZJY4Gxrq7HlwthSaCZnx9tx"},"senderMessageKeys":[{"iteration":1,"seed":"QBSLpIc568MIumZHgj1KqyF78ek08QYOA+Uonch0P2Q="},{"iteration":3,"seed":"G3e26+tG7/8GMumPB8W1hmRysM4VObFqI/FLB6VGwfo="},{"iteration":5,"seed":"F3PCrSittZS8/0V4kJZiq+CkbDJRrOmmu931T7KyLJ0="},{"iteration":7,"seed":"QAVVvTflCeB+M9Wg5PAp9EfQaH9AE+diU6LaPD7KR2Y="},{"iteration":9,"seed":"Dm9q/Amd/mAHFnzWU/XM9IVd44n3H6TDkBvl45mJZ4E="},{"iteration":11,"seed":"WahDY5oUzULJEH9WVEOFK9+mrUOuafbFYGMxjGW5TkY="}]},{"senderKeyId":835053592,"senderChainKey":{"iteration":13,"seed":"Db1Tf4z+k7L2q0y4iqpEGoYvoYiim49MDMq/KQKuRwk="},"senderSigningKey":{"public":"BVOg5DvW66oFW7dV7yOeI88pffqh+txiwfslHLpf52gj"},"senderMessageKeys":[{"iteration":1,"seed":"3cqnX3zZy3Mh1ndCtx3cmQJw4PPYPZg7lUmGV12Ca90="},{"iteration":3,"seed":"6lfE1Zg4uN0S+CYYDM8H6kO1Rfs7PmEi6272p18rjOc="},{"iteration":5,"seed":"/yyvnRJG53wNKSt43qdgg7tO05eF4A5MV1QbzdnpBjc="},{"iteration":7,"seed":"Y1EfANFHDQ/wp7Ag2G1l5E35k2JhQMgoFJalXWRrn3E="},{"iteration":9,"seed":"DsweN6qUzyy4KGH3veo2DmQb1ZWwdGw1CFrWbF7051A="},{"iteration":11,"seed":"ZwYOy42+02gEW34uEUkQ30kfuNtSB+dGh4opa2dHk3o="}]},{"senderKeyId":1558738982,"senderChainKey":{"iteration":13,"seed":"D4bfdyzBwBb0b6Saty1vtST3Eq+RSu26y+DXCbqjP7I="},"senderSigningKey":{"public":"BcuVoMNxlKFVXXbii40aDCVct8C1OyHMcdN58fydij4Q"},"senderMessageKeys":[{"iteration":1,"seed":"Fwfw40e3DCVcvWy44eyTJK2B/g7NL3/XeYjdmP4Ti6o="},{"iteration":3,"seed":"dc6YgWym6g2kwahtA9IRCg/+i0RW6c1/+r7gn1uf/vs="},{"iteration":5,"seed":"9VUCgz0WXararPn1iqhxeWUoavpxYNVwwXFuWDjKxl4="},{"iteration":7,"seed":"3F56x3nVOYEzFY39BVhaQBftPJAy71fdF6iTXsgTE2o="},{"iteration":9,"seed":"3P1V4EEP5KPkmHPX2wikyS+a5ec+MgW5EGrwCO+Hv/8="},{"iteration":11,"seed":"rE6y6hrIY4bk27WiEfhfrtsttNwfw6+3YIs1phugozg="}]},{"senderKeyId":595666167,"senderChainKey":{"iteration":7,"seed":"SsggeRotC4R293NcnF589ZlGtRea56lYSQbVTK2M4lc="},"senderSigningKey":{"public":"BWrwZlkK/4pI+h0XS7/KUgr/nhb/IOhZZmmIwjIBBUZ1"},"senderMessageKeys":[{"iteration":1,"seed":"NESHG2riLLxLyeHhaHPlGFMq/xUsDmMEBLjtGh05JXg="},{"iteration":3,"seed":"KgvaobAta10wcujqoToC1Rg8jt7hxMv6RtCNp4KGoYA="},{"iteration":5,"seed":"aGUw/5UJ0fB+Vup06u8W6IvZsTy/il4DUeAhfskuFr0="}]},{"senderKeyId":28307663,"senderChainKey":{"iteration":7,"seed":"u3hnZIX9/iNM/9QJNG8YQy4EdSSMo6AWwiXTwTIXqlo="},"senderSigningKey":{"public":"BazeyfEnw7spXht0NMWznI6FNuwV0+Dh6MGo8kmKHJx4"},"senderMessageKeys":[{"iteration":1,"seed":"P3kcXJcxJ2Kc/uie/nTIlO4lQ5Aw1pAMSHCBEpC9hfw="},{},{}]}]