[{"senderKeyId":2048496256,"senderChainKey":{"iteration":63,"seed":"DUn2WxzS67DBjxiGJbDBieX6dgjJBQZSEy8RMFrSHgk="},"senderSigningKey":{"public":"BUR9ggbiWC32vXdkjEw5pqOi58J64qUjI8CggQCUXqY3"},"senderMessageKeys":[{"iteration":1,"seed":"O/88RZ46Kj2LyfmwXh4Kmwpo/LUJyZEOR/m4tW8XwUQ="},{"iteration":3,"seed":"yu+bcmYb/cKpY2dA7zrCBkE0GfnJDePahdYHsesnSMw="},{"iteration":5,"seed":"b2j/OewAhAYxPCG/NVNjAgdyl9tAgEUljl0QNFdK3RE="},{"iteration":7,"seed":"578zd1AzwXHJai9TzeM3K9CsBYK7Wa3Hy0XUGBvJ8gk="},{"iteration":9,"seed":"sZ+CuO9biYd5Si/klQVYLvVUIfw9dH43V7zaeFIr9WM="},{"iteration":11,"seed":"tFRVRnM/exFCrzB7VCjZ8g7BG9nvflavoJsGBJaCSwk="},{"iteration":13,"seed":"En03JSFOF4neshom8aTOnzg/F6Dsnr1nLSg/+/uj/sU="},{"iteration":15,"seed":"KhSzNfgdI2K38r2fTOpN7E5r9lzVP+0elnZ6+sTEn2M="},{"iteration":17,"seed":"c4AIQL/XIze+WSSBz0LazEd1/mJAqLMax9CAD2Kckvw="},{"iteration":19,"seed":"l0gcerFZ609Pd8SXpJBc+VIYa2iPZre8SB3gOHbRseo="},{"iteration":21,"seed":"Jt9UOkGZtbludUFu7dA0WW0hNN2PcH6+FdxlWm4XuXQ="},{"iteration":23,"seed":"De/l40mRRC1YiwFRFRFmE4oK0K068LcZMTlGYvcrS+0="},{"iteration":25,"seed":"AR0tebOKHAefjfeQPzQMd/VSDbhkTCd3T6ilOP+Pf+g="},{"iteration":27,"seed":"/w3PBdgfmK8T8NoC3/50N0RFGyL2Q3deKnvCldpAkYc="},{"iteration":29,"seed":"ed/6o/eGynYPXC1DAFwB3IrdklTeNL1/awlDKAekjBg="},{"iteration":31,"seed":"81TLlThH3P0OBt+r+5sKKB4IZaz0ni5CXlRGif6Nvqc="},{"iteration":33,"seed":"C65QI/bqdupdb6yVcZyDWJWJHp6Ycg46+RQAHgKcuTs="},{"iteration":35,"seed":"aDxZszATekN6WHtpBhGPO68pl4MJnW5xqiBAN7wxGEg="},{"iteration":37,"seed":"dedLnmaNgOJLPkfOwroiu9L7QcqZE3mffju046jdKP0="},{"iteration":39,"seed":"qG9YlGGId4ATV3jCuwNb8t/wGa5o2h4pOg1mpfgsYTM="},{"iteration":41,"seed":"yw6cR3rZNlXoWe09dTojh/tMnCYkTWuViixqhWjnfBw="},{"iteration":43,"seed":"rrI4Y5XCTsQP2vtJqWJPLbwJ0ThpKsmPiXDH31Z6TEw="},{"iteration":45,"seed":"f+Nyqthx9uGBUrK260KglCFbJXA8Ah0EgWiZ7M+ci+s="},{"iteration":47,"seed":"8RhI5X7FK/G5IPdqFGfAWeTkoqoACgibYMDnia4U06s="},{"iteration":49,"seed":"y1PL7/ftFfoZjVP4/ggJE2+o30LKjnmQahs67ZrVcMo="},{"iteration":51,"seed":"ns+IzD+2RAK6FquBe0Flqt5QKKeSv5O1skecWLA3Pp4="},{"iteration":53,"seed":"4bxefrseDDSG2rnYGThP8xsTx6kmG1G5vsyGcZO8Jg0="},{"iteration":55,"seed":"2eSsZLue6b5SnZWMU0AAU33PZg0r+TRPpJqsIj6netg="},{"iteration":57,"seed":"dIzK0vZcOjAoIKlJF2E75IZKk3g0bD3migiLf+vC9PA="},{"iteration":59,"seed":"4jwH1k/Lf3HDCc+93Fkvu4R23p4ar8IMNLT+2SKHym4="},{"iteration":61,"seed":"t6cU7G7cNC7GnUOZ0JOyJuMGlEnfYmrrC7Iok7U/qFA="}]}]