[{"senderKeyId":1772915118,"senderChainKey":{"iteration":0,"seed":"zaiDv1hiUAnlDQnkxa/PcgPOyj7KMpq57K+lC5Fdux4="},"senderSigningKey":{"public":"BSjgbboXx4pvMStM/vE41SAgPUy8t6OBtQI+h/f2AUZM"},"senderMessageKeys":[]},{"senderKeyId":1075446061,"senderChainKey":{"iteration":4,"seed":"9W26aqkZbcenTGlg6xcxM446RU2SQZazOUxuVU90lh8="},"senderSigningKey":{"public":"Bb67FtHfJ7jtbyHBKL1EdKjyshMfh+lUYy6ofXUEbW5F"},"senderMessageKeys":[]},{"senderKeyId":500768141,"senderChainKey":{"iteration":2,"seed":"eQ5kPI+hyyQD87EX4gMGZ0EK+NUHBbhYIaO5DZM8gzM="},"senderSigningKey":{"public":"Bb4AA7hZJ3eGRkzDKwovB/Sc/wPI+78FxHtQ+elnfPIF"}},{"senderKeyId":500768141,"senderChainKey":{"iteration":1,"seed":"aQWd3L26kib9ngiLbaxKt9VFBM/jOvstTeFg+OpnGYg="},"senderSigningKey":{"public":"Bb4AA7hZJ3eGRkzDKwovB/Sc/wPI+78FxHtQ+elnfPIF"}},{"senderKeyId":1691660567,"senderChainKey":{"iteration":7,"seed":"l1UXWqKtztdDdEg8Gz8tgtXQWm0WNAAXPJ2D93zsyZE="},"senderSigningKey":{"public":"BUjsCupI0szhk0UP8DFROkJsXBp1i/MlbRtqY9pr7DMq"}}]