[{"senderKeyId":1788395034,"senderChainKey":{"iteration":2,"seed":"NtY2if6UWEZLXuB0TUF0HUJWOchaMKLDr7gVyHAL/TI="},"senderSigningKey":{"public":"BSI3anncZNph1B0V4x9goNy1g/0gjfPwufDXUan3Gag3"},"senderMessageKeys":[]},{"senderKeyId":1346921245,"senderChainKey":{"iteration":4,"seed":"WAEAQ1m5VYuypW9qT25yMb/Z/mVgz+ety/g8y6Khh8Q="},"senderSigningKey":{"public":"BR30ZgQYHFIPXmhi2z4/sP51RfT7ZuEyjM1LALXpaMpt"},"senderMessageKeys":[]},{"senderKeyId":433653542,"senderChainKey":{"iteration":48,"seed":"RUAydUViWlOchLbcLyIdNjLXmUMI6uVPdth0GpIoplw="},"senderSigningKey":{"public":"BeHmpGsaGS/tAokfE41jcPnPFwXwJIyEkt1tStIZ39BL"},"senderMessageKeys":[{},{}]}]