[{"senderKeyId":2058013253,"senderChainKey":{"iteration":1,"seed":"nj/2As4oT9Ws3P6lFthKY4OBSg4hg9PIPcAtuTJVM/c="},"senderSigningKey":{"public":"BeWjammWFof5JT3KYNbaQiKIEQiPG/7G3nFbCsNNYjAJ"},"senderMessageKeys":[]},{"senderKeyId":1918551351,"senderChainKey":{"iteration":6,"seed":"WyiANZvznsyrOgHvWCfDCts5vNjVSVqghUZWAbMa258="},"senderSigningKey":{"public":"BVPiNLBdOzWGGID89Y0IGRObMlimyQrG0IfW3lZ9Tuh+"},"senderMessageKeys":[]},{"senderKeyId":1754730135,"senderChainKey":{"iteration":1,"seed":"yBWowiTP6QyilyvWDUV9O02Ald9JdJIFgTMF4fnHx44="},"senderSigningKey":{"public":"BfHXrgYktLyXJPVZunNPvwy+BIxTOy2QkfDaJ49x8agi"},"senderMessageKeys":[]},{"senderKeyId":1092395964,"senderChainKey":{"iteration":1,"seed":"bKPkcOF5OB9z62Me9sn30KMv1vUVHO9wZrWg4Ibqo0Q="},"senderSigningKey":{"public":"BVQSzOcvow47QCWZfDG5aZAFuagdPDfFMj96JKvdO7gt"},"senderMessageKeys":[]},{"senderKeyId":1092395964,"senderChainKey":{"iteration":0,"seed":"D9wUi67DmBBkioK/SIqs2loGApDm44gaej31PwXpEak="},"senderSigningKey":{"public":"BVQSzOcvow47QCWZfDG5aZAFuagdPDfFMj96JKvdO7gt"}}]