[{"senderKeyId":2064568082,"senderChainKey":{"iteration":3,"seed":"j/MWyZvntzWkSYK0Ug7PcrQc13HXcUJkMVFNSNndVh8="},"senderSigningKey":{"public":"BUucFneGXkpPz+ZNFcp3tBuFRZdco8/UL8gNGG+NYatN"},"senderMessageKeys":[]},{"senderKeyId":2064568082,"senderChainKey":{"iteration":3,"seed":"j/MWyZvntzWkSYK0Ug7PcrQc13HXcUJkMVFNSNndVh8="},"senderSigningKey":{"public":"BUucFneGXkpPz+ZNFcp3tBuFRZdco8/UL8gNGG+NYatN"},"senderMessageKeys":[]},{"senderKeyId":1309846357,"senderChainKey":{"iteration":7,"seed":"9v8kaDJDNsh+prb34JnxQii1sbGRxMc3vTHkFfdDslY="},"senderSigningKey":{"public":"BZmwlaOLcalF0DQTLM6HgV02S/C9jkyLUsOZUaZJ6JAX"}},{"senderKeyId":1743017312,"senderChainKey":{"iteration":1,"seed":"ducBplu/Zu9EiwfbXAslq97lYbjKfMG6z8rpJX858oc="},"senderSigningKey":{"public":"BcdpBfRr9NUQSv80Ysb6zE/duMI9rChymyguud9pMgZH"}},{"senderKeyId":780232933,"senderChainKey":{"iteration":4,"seed":"ZVz4MXDGaoArLT/dpoByczu3RHXnzFLmGlJtPG8O76M="},"senderSigningKey":{"public":"BVKBZn0aCxdbyHmOEn46TpoLyJEF4QwvMyHN+PyE/VdE"}}]