[{"senderKeyId":1873848454,"senderChainKey":{"iteration":11,"seed":"9BZ21zRZZeSNjXGp2wl018XZRtU121RLPdjZK7zAi0I="},"senderSigningKey":{"public":"BXgKuyraCAceI74tZTYBVix8XUmueYvlrCcPPnM3NeVO","private":"kMyCEf1XAhatc8LkuDsCloPCe6iwwy6dYgRqC86zMFw="},"senderMessageKeys":[{"iteration":1,"seed":"J5Sq9igmqX3ifmLNneSo3X/o4vrplay2gBxJShW1uzI="},{"iteration":3,"seed":"KBhCHp3onwQKOXIClk63VkJr7VNTmMcj5Ck6JzVkajw="},{"iteration":5,"seed":"h5n8qGhal/O42XhkJKBZi7cHNB+Eviy8bs4UndOM6aM="},{"iteration":7,"seed":"tLdhmc6x6OT1kbuwadXahLNxp+vA8O1PiRGAxShsNXk="},{"iteration":9,"seed":"yZ7xigsMMvjTn7LAMLG/0zMuyAjKab9+H73E1vGzzZY="}]}]