[{"senderKeyId":400723553,"senderChainKey":{"iteration":450,"seed":"op5gpZoXDMUkHL2XAbsL4nFVi5Y4BqDDpuOvA4Fah/A="},"senderSigningKey":{"public":"BeMO4WACjr5T4n0Zva5sKiiE8l4+TCuDowBojbTYlgBy"},"senderMessageKeys":[]},{"senderKeyId":400723553,"senderChainKey":{"iteration":450,"seed":"op5gpZoXDMUkHL2XAbsL4nFVi5Y4BqDDpuOvA4Fah/A="},"senderSigningKey":{"public":"BeMO4WACjr5T4n0Zva5sKiiE8l4+TCuDowBojbTYlgBy"},"senderMessageKeys":[]},{"senderKeyId":400723553,"senderChainKey":{"iteration":486,"seed":"zU/bZDlTccrzdd9gHruAtBxomm5w/JR3IZBhPn55ke0="},"senderSigningKey":{"public":"BeMO4WACjr5T4n0Zva5sKiiE8l4+TCuDowBojbTYlgBy"},"senderMessageKeys":[]},{"senderKeyId":1165507412,"senderChainKey":{"iteration":11,"seed":"67qhruB4WmaSnMxBqBf7QzsGZX6c4/b0jKCLvDFQU9Q="},"senderSigningKey":{"public":"BfzwlHV5D6YIoFNu3XP7pS84J2/LqnAqaXhU+FkR8Q1/"},"senderMessageKeys":[]},{"senderKeyId":1165507412,"senderChainKey":{"iteration":7,"seed":"LUBP6i6EWQI0ozCBcykOVrQxVY+Af6xd/vnKsJZuk1E="},"senderSigningKey":{"public":"BfzwlHV5D6YIoFNu3XP7pS84J2/LqnAqaXhU+FkR8Q1/"}}]