[{"senderKeyId":1521391421,"senderChainKey":{"iteration":6,"seed":"2uGzLY8p3ThO+4vQUwxpuCcr84fIye+9EVA8FIxBa7I="},"senderSigningKey":{"public":"Bf57UxJC8VG4qoYiQOvxI06Vrn7X5OMXM7gvhmPL/ogd"},"senderMessageKeys":[]},{"senderKeyId":1417365102,"senderChainKey":{"iteration":3,"seed":"utaQwYv1O5kBgt+3nPFosF0pZRoFRimZZveUIIMqJiA="},"senderSigningKey":{"public":"BaE/15wjQvHJ4qrKWJ2qnT7bC+YkFQqyInWGb/8NJC1b"},"senderMessageKeys":[]},{"senderKeyId":60795571,"senderChainKey":{"iteration":4,"seed":"pMJvNX+kQGC28jwjP392JqMUQH14bGfFI17IiYKAHWQ="},"senderSigningKey":{"public":"BcbmPKhUuiQGP26KBQ9EK+VgPwVkeVksmwW7J+ZO571Y"},"senderMessageKeys":[]},{"senderKeyId":1167630865,"senderChainKey":{"iteration":5,"seed":"daQWIC2W+uqmCMS965JDKp0tYvN6UBHBHCxyJSfkUzE="},"senderSigningKey":{"public":"BQCD+1AlcWrjwr223JRQSV3jgxSQ+XmCWslWnVtu3LIn"}},{"senderKeyId":1890906189,"senderChainKey":{"iteration":6,"seed":"loWu2P+nLcdEZc12O6KHuhuKk2PtbT5+BnlNhSdrKjk="},"senderSigningKey":{"public":"BTZE2ot/zoIIal19I0Ra14jxjX5sQqdSCgldbf/oluB+"}}]