[{"senderKeyId":1863718079,"senderChainKey":{"iteration":2,"seed":"hb5q/8ZdbXOSnStyJPujz+HxYDInjAFXFxCW2zgsnqc="},"senderSigningKey":{"public":"BdBN8WroHhkDijtwLEWFgV1rjGzaoUOwDBhYo77z11cv"},"senderMessageKeys":[]},{"senderKeyId":1789930283,"senderChainKey":{"iteration":1,"seed":"tbnBPpwGXTrat4ks9BFeMfbkVjWfh6e7Wm2nG2TGP+I="},"senderSigningKey":{"public":"BW1XSc8Ey5FMCrCecwzzGSxOfz0k/98I2ZfsvPdJM4cq"},"senderMessageKeys":[]},{"senderKeyId":972443579,"senderChainKey":{"iteration":3,"seed":"Nj5sDtGfGcaMeHeUDjm/MaQhRHznbrEFZU8G5P6Tg6o="},"senderSigningKey":{"public":"BSO0n691V/PxL8imN3h4EiST0lbG4UAyC8B5nyN4yR1b"}},{"senderKeyId":1902861882,"senderChainKey":{"iteration":1,"seed":"6yJtWXQLevmtbXLAWbsgxMI9PGZeTsOC3Fd4FSO6njo="},"senderSigningKey":{"public":"BSkBhR7VgWNK/M6vPN5wI6P/b7v5/4KiCdqhi2M51sV6"}}]