[{"senderKeyId":411197527,"senderChainKey":{"iteration":86,"seed":"SoqYq7uzDyxVrxwyccS2342MFUVjcuvIIznV/bIsE/8="},"senderSigningKey":{"public":"BVAmr2zHz+rorYiMpl5MbqEEUBxuGA0O0bHRf9FbAh8f"},"senderMessageKeys":[{}]},{"senderKeyId":1091212538,"senderChainKey":{"iteration":45,"seed":"+q5c8dFj4Z3H2/Wh3ah9WI8njx9foSAdnk8mG8YGKPc="},"senderSigningKey":{"public":"BbUITaRV9DBySkSaGwJPLoe66iAtUkOMlMpnnCF2jBIX"},"senderMessageKeys":[]},{"senderKeyId":264531915,"senderChainKey":{"iteration":10,"seed":"ndefJZZfryomVmQuybyIjVWje6rS+Hef6KNK9NYqhBc="},"senderSigningKey":{"public":"BQ68uA++xuvvxrsk2oLedyUBzyhD2dnKb4deJWlgoY9g"},"senderMessageKeys":[]}]