[{"senderKeyId":1194677955,"senderChainKey":{"iteration":13,"seed":"JMKlBPMLR2vR+4TT4DzQMSF4lWsmGrUX9AYKqb6arw0="},"senderSigningKey":{"public":"BYp08GIcT5jAE5Wxl0sXywaurx/hjjHW4gj9EYUZt8I9"}},{"senderKeyId":98383016,"senderChainKey":{"iteration":20,"seed":"8F7yrq7XmHay6aRYbDVc/jsdhuhIAg5l+9rT3KwmVXg="},"senderSigningKey":{"public":"BWVJb3hezw8+pY1lwpFnyXtSsCog6RNfbBco+Vn662xy"}},{"senderKeyId":98383016,"senderChainKey":{"iteration":13,"seed":"gNaj8NYZB+eBiL//+a6Z9M+Z+JKpCghvfBryUKRQiig="},"senderSigningKey":{"public":"BWVJb3hezw8+pY1lwpFnyXtSsCog6RNfbBco+Vn662xy"}},{"senderKeyId":1149193848,"senderChainKey":{"iteration":3,"seed":"+9qqjBTu9xhlx2qZwECCpEX5N+aHWcPipSumsjhmUfM="},"senderSigningKey":{"public":"BSiIJYluHz++acw4U3Sw8vr1lnfDf0AXEEe9bsiwB4sI"}},{"senderKeyId":1154160428,"senderChainKey":{"iteration":5,"seed":"iFwAvYrZji8FKBxxvKjqvvnWVrhK8EW5mhyfnznHAjw="},"senderSigningKey":{"public":"Bd0RSa4mJkB4ko59jhw+qvmy+IJT0nX9Eav7Blck3EFS"}}]