[{"senderKeyId":1841853293,"senderChainKey":{"iteration":3,"seed":"8ttL9amI3mQw/jQ6VS3B6wbCajje05xiYuri0jTYzNM="},"senderSigningKey":{"public":"BeV+SiHEoXKdwvcjh1O2PBXW3GCfS3dl2oOkRo1xSNtW"},"senderMessageKeys":[]},{"senderKeyId":74064629,"senderChainKey":{"iteration":1,"seed":"RzI5HuraTFF3PJJ02iFElQjFhiRauzOQpEloTbzTqik="},"senderSigningKey":{"public":"BbCwrmVsWOPk/RKHC5yKHBZLoP441RUXRGp5FzoJwVEz"},"senderMessageKeys":[]},{"senderKeyId":1801402028,"senderChainKey":{"iteration":3,"seed":"+dx0vmkW/9iag78EDsHOSmKl0sb4I1oPQibkRv4EjtM="},"senderSigningKey":{"public":"BTmVnGCa4awvamvLueYQomxieSanhyZq1mfasxzTWuNM"},"senderMessageKeys":[{"iteration":1,"seed":"mjPNeVs6VO8xDutUXvwcsCyQZOdJr32nPsxANbGphZA="}]},{"senderKeyId":1801402028,"senderChainKey":{"iteration":2,"seed":"9nNMjKNthR9TQx56z9Q81dbF0HvAWmbq/JnFA/hnhJs="},"senderSigningKey":{"public":"BTmVnGCa4awvamvLueYQomxieSanhyZq1mfasxzTWuNM"}}]