[{"senderKeyId":567386193,"senderChainKey":{"iteration":2,"seed":"WW0rOzGYFAtUtfpRB2p84Ht9Sawyv4H0mZ/+LCGeJeg="},"senderSigningKey":{"public":"BU1kQygQqMaymObovwe9N8hcNJPHx3AH8gY6dxlkEW5F"},"senderMessageKeys":[]},{"senderKeyId":433769045,"senderChainKey":{"iteration":21,"seed":"pArrE5HLJrA+6yPJjzULEOLSseBd4P/IyCcuURZCQGY="},"senderSigningKey":{"public":"BUwneK8aatO4u5wC6litcys3sfP9IJ/uqPOM6JYxAtQS"},"senderMessageKeys":[]},{"senderKeyId":1810090497,"senderChainKey":{"iteration":11,"seed":"k36NhmU9blK2Raqb2nYQKDE7MOzB6S5d2kWDOgA3LcI="},"senderSigningKey":{"public":"BTiP1vW8vkaJtVZbo/3HnmKS65HHeq5MejVPPwfefa18"},"senderMessageKeys":[]},{"senderKeyId":1435858355,"senderChainKey":{"iteration":2,"seed":"kk0eEktumFQ7kH3H15s//TOJSyVRD4YrFiwWd+U7zt8="},"senderSigningKey":{"public":"BVgb9/vBhtfBvJ9Hqt3JqY6Zt8VYailp03z6a4dUnX9D"},"senderMessageKeys":[]},{"senderKeyId":828293452,"senderChainKey":{"iteration":5,"seed":"9wKrMRkCYR52hJKC5Y8xZJfOBD6vMxB+E8AXrzeRtcQ="},"senderSigningKey":{"public":"BfA5L5UWfQ6f8HUf3JsIP9vfGA9eHIF46X1DmiNaSXBu"}}]