[{"senderKeyId":1379316471,"senderChainKey":{"iteration":1,"seed":"TePK/lTkN7lKOEFnp1A1bV8HyBynDSyfF3Uf60TdTvg="},"senderSigningKey":{"public":"BTaFFWRYBGOjt4/dVOGJiK83HYHxF9D2LYq7kX7C1wNA"},"senderMessageKeys":[]},{"senderKeyId":232212593,"senderChainKey":{"iteration":0,"seed":"Op+9CnXWKvM64HYaX6Y7sVlnNIEfcpifsdMMZRDYpbo="},"senderSigningKey":{"public":"BX+ztDTZbmKeRvYUdS9cy2Ytrrhnx6Vo5/JRwXzfTbB8"},"senderMessageKeys":[]},{"senderKeyId":389208604,"senderChainKey":{"iteration":7,"seed":"LannpejgifLHl6MBjRt6K7k30O6XF01Arp5pqYa4kWs="},"senderSigningKey":{"public":"BX1Cx2KA9gtjGkR6UdCVyzOmaCjpUpf2bc5GI51K/S99"},"senderMessageKeys":[{"iteration":0,"seed":"0vKFS+GpyhlUdgbkZ0fJmk1Qh5f81rvZ5d67m6J1Z9s="}]},{"senderKeyId":389208604,"senderChainKey":{"iteration":7,"seed":"LannpejgifLHl6MBjRt6K7k30O6XF01Arp5pqYa4kWs="},"senderSigningKey":{"public":"BX1Cx2KA9gtjGkR6UdCVyzOmaCjpUpf2bc5GI51K/S99"},"senderMessageKeys":[]},{"senderKeyId":126311022,"senderChainKey":{"iteration":2,"seed":"eplHUgkXn7sAdyh3LlViG7WszFP3SW1CA+CVi2DW0nY="},"senderSigningKey":{"public":"BfT7VrncU+MyOac700Xiozerr7BY+FiPjykPvuMMJeNV"}}]