[{"senderKeyId":1558977788,"senderChainKey":{"iteration":11,"seed":"X/3BxRb1zsylLYmBiCiSGJ3ku4cNYfKrx03qAieH0Rk="},"senderSigningKey":{"public":"BZSQpdgASmc4a/EucI1kopSpzBfxRsAv9tO8ffvJ6L1E"},"senderMessageKeys":[]},{"senderKeyId":1721161796,"senderChainKey":{"iteration":2,"seed":"qVRGQE1RZFFgkh5rS5kqwPxxL6i6wTBV7RRxtQRcN4E="},"senderSigningKey":{"public":"BVNKXYyHgnrQ1Z+PyPX4aeNaFc5p4GFVMMzqcUbF8zwt"},"senderMessageKeys":[]},{"senderKeyId":582520481,"senderChainKey":{"iteration":1,"seed":"DTx9NsZdoIrG5yE6NtHFAvJ6ZsAMU7jJMN1i8zxVp60="},"senderSigningKey":{"public":"BQvsfdP/ikKgAzANnzVKcFG0ebmNOld7gqrKsG9Hb+Ru"},"senderMessageKeys":[]},{"senderKeyId":1570629811,"senderChainKey":{"iteration":6,"seed":"qC/GEMf83iUBFL0Gp/gieeUFAAs2M4azMaKseqxU7P0="},"senderSigningKey":{"public":"BWtdlE5WjV8d5BL4yTFyc1stz0FD+T2qkTBebSNp0St0"},"senderMessageKeys":[]},{"senderKeyId":1570629811,"senderChainKey":{"iteration":3,"seed":"lN5LweuRKcYzwZP/xMjrjS0UOyBNXdFqBqVze9Kly1s="},"senderSigningKey":{"public":"BWtdlE5WjV8d5BL4yTFyc1stz0FD+T2qkTBebSNp0St0"}}]