[{"senderKeyId":862088884,"senderChainKey":{"iteration":2,"seed":"j6UrIfPCXxb5uBfVj/TGXByxpJio2JW9vAnBswRTNZc="},"senderSigningKey":{"public":"BW2TMaDLJf+V4OoI7dkn/o5CB+S9lZv0oHt7vqiQOhd9"},"senderMessageKeys":[]},{"senderKeyId":862088884,"senderChainKey":{"iteration":1,"seed":"JhMryI+Va2I269cBCfiMYhhciel6gWP+EPUCaeS691c="},"senderSigningKey":{"public":"BW2TMaDLJf+V4OoI7dkn/o5CB+S9lZv0oHt7vqiQOhd9"},"senderMessageKeys":[]},{"senderKeyId":1451322453,"senderChainKey":{"iteration":0,"seed":"iARcrL/j97/DGthCB1Wos+/Qx9cGcbacCxydG1uAosU="},"senderSigningKey":{"public":"BZDMNcyb8GFgDPAdFkE94hbB1N/BQ14ltD1YXPM/x4gW"},"senderMessageKeys":[]},{"senderKeyId":1800720167,"senderChainKey":{"iteration":0,"seed":"VW7RAnm/+M44+4EV1Ah3ZzYrtUttIzNqrrSj9ZERbBk="},"senderSigningKey":{"public":"BaAsMNC4q/gZNVestcWP9gMriuavaOCEkYXc9HlMgYQJ"},"senderMessageKeys":[]},{"senderKeyId":1779077731,"senderChainKey":{"iteration":2,"seed":"sdfdWdqzLxI5IrYj3zBznvZU9xy1Kae75YS/XYiwBbI="},"senderSigningKey":{"public":"BQGpu9lteWdJ53oCIIL7j3frxiALwh5NNKPqy+SrfjB+"}}]