[{"senderKeyId":1890215931,"senderChainKey":{"iteration":4,"seed":"w7+9vvTwRtMHdkSsg+jGJAi7szV68nW09PB+qkNyO5U="},"senderSigningKey":{"public":"BeW9vgUarf5dwd4TehYAD9VX5KDPUhAdxiJ1+09ZiKpK"},"senderMessageKeys":[]},{"senderKeyId":698671380,"senderChainKey":{"iteration":7,"seed":"cC9TvybdmlzKakgvLTl2oiaaYNqgrjz1Xg4GXIhv5E8="},"senderSigningKey":{"public":"Be1gt06EQ8qRfsyXKfNHLdogZB9k/iOvEn7oPHcU6fAH"}},{"senderKeyId":1593453244,"senderChainKey":{"iteration":3,"seed":"x5Mavxv7Bsy3CL7l8p2v45UfOHnpQIYsjxTe8JI+sco="},"senderSigningKey":{"public":"BSyrphkLCeocDedck2a7oYMM6Zx8igB1Kaqq4Iq1nrNH"}}]