[{"senderKeyId":1019620521,"senderChainKey":{"iteration":1,"seed":"wi0eOi68eroixdh9apKOhlVloEnyRd5U1CnrjZcFmSE="},"senderSigningKey":{"public":"BU9r/KaxrS3NHgIBNuDy/6EB22fCtmipgZ4yKo4X7xgJ"},"senderMessageKeys":[]},{"senderKeyId":1455790355,"senderChainKey":{"iteration":4,"seed":"/OTX/qFbRzTXFT9MynA/n+o5glUO8K7lBkhUNUdzxWw="},"senderSigningKey":{"public":"BTz3WXNy2cejEpe7r40Fi4OVcxBBtxVhZLZ3zjkgoP5W"},"senderMessageKeys":[]},{"senderKeyId":1455790355,"senderChainKey":{"iteration":1,"seed":"Zp09bt8/9AIAVIdc0uLHC65POtZ65nrkrS5esmQy+sU="},"senderSigningKey":{"public":"BTz3WXNy2cejEpe7r40Fi4OVcxBBtxVhZLZ3zjkgoP5W"},"senderMessageKeys":[]},{"senderKeyId":1455790355,"senderChainKey":{"iteration":3,"seed":"7DjmTV7P9SvcKgHyzPytj3qLps2suV72LyQVm9x8rPc="},"senderSigningKey":{"public":"BTz3WXNy2cejEpe7r40Fi4OVcxBBtxVhZLZ3zjkgoP5W"},"senderMessageKeys":[]},{"senderKeyId":1789718997,"senderChainKey":{"iteration":1,"seed":"zG9EtsNJ93rpnoNguCuZN6LdzBV3mYsJAGqJlmC0qfg="},"senderSigningKey":{"public":"BYDTvKHqWgXNrj27YT3pI66auoH67sNEhL3JsPRN2nhV"}}]