[{"senderKeyId":884491325,"senderChainKey":{"iteration":15,"seed":"Ej/LuQYz4BzPAaOtoTIhi4qfC6Jc7XgeponvWkpS/xA="},"senderSigningKey":{"public":"BZUo/IWsAQkBcv3sa+EPYDZACBZSq+p7AIuPyBr5wEcK"},"senderMessageKeys":[{"iteration":1,"seed":"r6gB1ESmaw+Rd5LbXEur+m6oaTHno73cLyfsjwotUJA="},{"iteration":3,"seed":"N41RV/sChiEYtvFXV62ElcunBEuvhaldLeslqIL6/5s="},{"iteration":5,"seed":"fvaHIDJQpaRDFZkCCSlGSkZpYCck4nZEFRjXERjeE5k="},{"iteration":7,"seed":"p19aHXsBMRBUt0HB4gJlp6ULtYfmsT9KdWdTR/XDttk="},{"iteration":9,"seed":"R5LMS0cjnMPvjotRT4kqQ+++2ZXEn+87TFP30sb57pM="},{"iteration":11,"seed":"uwr2yV7uVKsSPB34XrKN3NIZcREBFdFLKzAwMYKckQk="},{"iteration":13,"seed":"2BrE7W2QLqdZ9VZtATbcJuCMU6HFip+NkUYRHJP4Nt8="}]}]