[{"senderKeyId":1172087760,"senderChainKey":{"iteration":7,"seed":"nweyXht8OhmtowQQPiZ6goANpRT5dJdj1h5tXxhj6sw="},"senderSigningKey":{"public":"BVRjBvvaPmWu705taBfDZh4sYTCkhtq4+o1NNaNiuWM6"},"senderMessageKeys":[]},{"senderKeyId":1750328070,"senderChainKey":{"iteration":29,"seed":"HPvkOitUH9YlGELXwQof7BfxsA6TX4RktNGEE1O25SY="},"senderSigningKey":{"public":"BRhacCHaE/cJIN1PBnAYQPE8BVvfSV3rz586Ox6uyRg9"},"senderMessageKeys":[]},{"senderKeyId":735675754,"senderChainKey":{"iteration":1,"seed":"NQlAZZvfeuGKW/3b6HZcnahA7+6NXqxkk42ImqWuQsk="},"senderSigningKey":{"public":"BfeS+MhBQak5euC00K/Onh9VwhQCuCIrmHfyRFv+CuVX"},"senderMessageKeys":[]},{"senderKeyId":1347797865,"senderChainKey":{"iteration":5,"seed":"8hJD+3H5GUL/KJsGQgbZeh/gvz/e3wBecbErQY1sXBA="},"senderSigningKey":{"public":"BcdZYsMRVTtG0uzVZ1mcLnyJjCt99UalpvTXZ44VlHET"},"senderMessageKeys":[]},{"senderKeyId":102171596,"senderChainKey":{"iteration":4,"seed":"6UkTsgiMO7BQWeegHBejEIB2s47wxCPj40eA37W6WGo="},"senderSigningKey":{"public":"BXfOST7T7q9l7DIxs2bwfSiNgjyctnyqziUz8Eo21bJS"}}]