[{"senderKeyId":1900901338,"senderChainKey":{"iteration":2,"seed":"zyYfvN/mvGsYRHPxy+sFpdYDQaJlWG3dgVUvyzc8j40="},"senderSigningKey":{"public":"BRFqefkPEJ1jBkfGRjzotWXgehiDLxTl/2eaizidqeIm"},"senderMessageKeys":[]},{"senderKeyId":474686469,"senderChainKey":{"iteration":3,"seed":"ySUgK8aj0nwJfFAgiThCylL4RqiR9qYg5bpgg1XxawQ="},"senderSigningKey":{"public":"BR7e4L5mqA5sP5Al+58FGbGKWbaugShA7/3RSEFsLbYw"},"senderMessageKeys":[]},{"senderKeyId":474686469,"senderChainKey":{"iteration":2,"seed":"a2T7/covlNkQIHyWnXPPgb98uRqhXW4aZpAFf2AZZgU="},"senderSigningKey":{"public":"BR7e4L5mqA5sP5Al+58FGbGKWbaugShA7/3RSEFsLbYw"},"senderMessageKeys":[]},{"senderKeyId":724211631,"senderChainKey":{"iteration":1,"seed":"ZpuyLirtcLZbf5Ao/aYbi/b39MHEUtuA9/gqlHDdORk="},"senderSigningKey":{"public":"BXADWlFsiZ5Z/GyeGY+hRsQ6i3CMkRvoJ9I9UdaLWV0H"},"senderMessageKeys":[]},{"senderKeyId":317611848,"senderChainKey":{"iteration":2,"seed":"CJdOXkRviscF15Hypj4Y8+kU4wgejsWh4VO5qy26qbg="},"senderSigningKey":{"public":"BaPVCdx14COf6rGDnGHTtDnHtiPU9DTaoVaWj5ULc/Er"}}]