[{"senderKeyId":522142202,"senderChainKey":{"iteration":40,"seed":"nW5aVK6uoPPE3UVGJrnwB2n5vzHYeXbm0rcg5YhfH9M="},"senderSigningKey":{"public":"BdDDAmEkEEbpGqNIkf2Z0UR/Xt1ZEhCir1wQ/96ib7AX"},"senderMessageKeys":[]},{"senderKeyId":335583890,"senderChainKey":{"iteration":29,"seed":"pVDQoEBFfv49hAwu3KBckFY9Z7EI/mOGvsQb6NdD+sU="},"senderSigningKey":{"public":"BZO8AprA5dNtXhzy7Wb09E+gziknidI2CAB0zobzAq4i"},"senderMessageKeys":[]},{"senderKeyId":453498241,"senderChainKey":{"iteration":17,"seed":"/H2QitvLBPAmb2Bd2O3GkGTxv4pXIRJjsscHtjXwLog="},"senderSigningKey":{"public":"BY04Q6/m2dg2p2RtSyFMEUZfjREst5r7iYj8AWhfsbV5"},"senderMessageKeys":[]},{"senderKeyId":107397023,"senderChainKey":{"iteration":8,"seed":"tq30nJ8TAFLv0OYt7JCchw+3RvcY2jsF9ZUmsEEIQ98="},"senderSigningKey":{"public":"Ba0asvc3HN+nKKPD3i1+RLNV/WldNEODL7VJWbO2i3lh"}},{"senderKeyId":593468158,"senderChainKey":{"iteration":17,"seed":"hZ2fyULRwXOrk2oJ+xGzS+JbB4lRVyuVRZlpzYOiiRc="},"senderSigningKey":{"public":"BYNNN8eim+JGvZ54uh6KvsRACKEFQ+l4XhU74OcSrcgb"}}]