{"_sessions":{"BVIC3sxBe4hB84BVK1ojxhquQqvNkaQBJ0cCQQgCUWZ1":{"registrationId":1579528383,"currentRatchet":{"ephemeralKeyPair":{"pubKey":"BY3sQRy/xd0Pop7PrHLOa9HuwpTNqCvXyL+QLsT/Wi5q","privKey":"4Iw4eWZmvL9OJORzksmunOkAowipAYp47MrOcN6VvVM="},"lastRemoteEphemeralKey":"BZi0xQaVqE1DCslI7cMwT7QSZuJmnzBdmaLHx43JGzxY","previousCounter":0,"rootKey":"EBsjB5wLWxtJTcX8hJwKmEyBGehqzlhhbcdri+5DEos="},"indexInfo":{"baseKey":"BVIC3sxBe4hB84BVK1ojxhquQqvNkaQBJ0cCQQgCUWZ1","baseKeyType":2,"closed":-1,"used":1706617417403,"created":1701165758637,"remoteIdentityKey":"Bdy7Ctl6x5XbFa36djj5usTKJ6nVBNsGD9p2alw+utI2"},"_chains":{"Bc2KQ48r9n9vUi5oqctN9uPMjrTUtMgvtqgSttzPCkQg":{"chainKey":{"counter":7},"chainType":2,"messageKeys":{"0":"+mSvB3FU0opM+rHLMDE9GeSzJr6bKMETLMXe2g9EB5k=","1":"DZFUqs9iwAHVRjmbCCo//XR4lQHFBcFIijN2TIt4vo8=","2":"iYd75+hYuPd4MKy2MMfJd+dM6MWlqN8QlNVlfX8qibY="}},"BZi0xQaVqE1DCslI7cMwT7QSZuJmnzBdmaLHx43JGzxY":{"chainKey":{"counter":141,"key":"7gLtpqM8Uy8COdJIoouE1FA+zLYSZ1RQXH1ZE4/x2h8="},"chainType":2,"messageKeys":{"2":"TaQv0uqE9RtgDJ9SDDC47ZJ0gXCzWFagQZeWFLxibRw=","3":"FwZb9UjdQ+rITMUr4veJm6F3SwhwKFnVyHwnie9GOFI=","4":"RbEQMxC5bMASVALAENTrrzvBRKRkBF0cevBMAk07mrU=","5":"ZNa+8l6emi6zc72EfaEXdDMQ7WlmRK62d9cZY6GQ93Q=","6":"LVyY+oC7tjTu/RmtFwowrOxsqUqlDhNI8qSpAdHGvVM=","14":"BXQsXXKjCCpEWTC1oCL8Ii9YpK2SdKeaW1aVW3MtyPo=","15":"bbSydrAYsEH2uNDuLR8DkOt8KHYSg2VdFonHOP1guso=","21":"eo+et1qicAtUTS65mUCbMnqFDkoXInIrbk+ZY0hXRqo=","22":"PPfhaj+ZNiBuFGfE9BKzACHWv+kWOBfu4cZ5qPEEwug=","23":"UZr+/X3+Zaplk8JmZHeHwlQKwimgMKh9f/P8blBzKus=","24":"vSHMsn1isYJ+/zzsulStueF9WiTjt7ay1CPzoeZZcyw=","27":"+OAWWJDIImflEj00Y05bJZpgRh+bq761NNzYaRQpQ3Y=","43":"HSRzjZ5UFAXv93rRYEJqWcSAhSMTK+y3XeO1T5zCCYY=","64":"z7uzGTogG2+XJYvVoP4mkbUnfpPP8spdIKOWezOTeQE=","67":"MHKfaT8tq11kvOxE4Cd/QfydmbLyRxIg2OsfDPd8wSY=","68":"joUKmDOu56rneGps/qRQg09beAdUTRyeno/1kZFrCxg=","73":"kiLOw8c7O8qhDIZ3kP3YGdnbAvClS5hhZUCjALAWHdQ=","78":"ksSy7zR8gPoj31OONBiX9ZJ9tuBMUwhFThJiLIco2vs=","80":"uyMc+Ufh/rQWDbDH5bGni3NfYMdYwelwiZO7zpf5HhM=","81":"2aVZ7m3/LkryNEzecPEYzNhFhB48Jo6PJdl/ql0fNf4=","83":"L61z96q8GzpswEHqjVfFe4gHmNZ1HR0fnwGKT+8OEa0=","84":"Jl2fqLv3g2JCiBe0XPV46lK5vXPk0zUxSI8G9SLLlmU=","85":"/qQweRbn1l6Yw5QVrl6JNlw9pTtexe7qhdUp1C2JEPM=","86":"KO5T3n9cM+jp504ZIAXINw2cAsVtJM5giCv5aPRzZyA=","88":"1R9pFWh9WDtEheJKGWL18fsiugX6Qr8lujvhEz5ddV4=","95":"PEYnTEz7t00y2NHXAnYajD8FJKV76/a/tTpoGeRZ/Rw=","96":"nMFgquOYEuYL+2lqIrhAOPJ8v6r77fwqLTGtzHdtnEo=","97":"n8UiT8bRMvi94tt67Ux+hHAe/TiHc6cBsTY+z1HhqHg=","98":"F7Wrmm6cokW3cqXpG4i+Z90UoOIkvVbjL2uvzMTJznY=","99":"jvtk9LNFQaX79llVftF+XCuOtVSI0qltnO9DG/UXDmU=","100":"mgMfNWm+V65Dw6reHGIw6xEDTDe7l3Tn7EwmmXUzNb8=","101":"OeKwfQoz3YmJX8BYizipJguz1SKCCnQpCiYfrBEiHRE=","102":"rqJGT4r1Vo3+sOqKu0Rdv2q9tNdObA7aD3inJKyIoF4=","103":"FXFyAjCD1aexbEbtLjVZgCohw80Y2CPYu+ggchCdlzg=","106":"NruM9KCtWAvVhlutdHWsoIVZ+tKeRa0Zqzvy9C+VRA0=","107":"gm67L6czQi/cP7+FFhKQ7GYok7emk8jPZopAIKmKx74=","108":"XkCCkzFP85hFPxnL4Su8hbTV0SDhUPsammzy4JVe4WE=","110":"bsCtM2lFGLRztsxdOpRxHKcd1T2QUXaRBMm+ZLKFCik=","111":"FLy1FwcCT+3AL4chwyMP+Q7FvbzTRkxppKlNQ4fOwE8=","118":"54wujVUxl81KtZtsu+XHYhFP+Ag70W9lp6yTxX0b03w=","119":"k91sQJhQ49ko4GBbX5lwUDZRU8I7l00zveBq3AlWsac=","120":"bfN2hliYyk5G5aGMSKVsz/2JVntXahkGIYegh/5Llgw=","121":"l/2uITWvI/r4NZRIVs33MUSmUg6sfW2APoA38hV9G0o=","122":"szX3gB3G3rtZfBPXAVzNb6MPz0C0U/qtgXUKZ9FPBh8=","123":"DR4oKpcNKto9UI+Dvbv+wGSohfOi3uApZxb9jQybf+4=","124":"FDBo0ZFelcHUhw6mW/2xjsMi+VHDgLPIT9tFkIr+Rx4=","125":"XBxm6a4vBcPmFtLMWFPN9eyLywW2yJFXLEHpfV2bBvk=","126":"z3TiyYtG9bBvT5xxAnFlVzaY1L+H4Q1Yoni3pv3flYw=","127":"h2MfWXz7GK1O65Dh2DWJbHaWpJyvJWXF3uvJ2d2Hsus=","128":"tx4yobWM3fAPF/GfK8Gg8Ungfp4NouLprjFilIZ8klY=","129":"cQv2s7MdJ4NsdPaOc78rDIlTlzu8PU/GmA7IqQ3lXcQ=","130":"lQtQe+I4nfBFEl8egR8306+8Y2W3LD5C30LEhTs2+Uk=","131":"/Jw+lWsvG4pLxZBoKvCXnUNQAOvajdcrxVrmSdgDf7M=","132":"OqtILpHm9fH3Bsn2EQlVrmE++qknm6eMlpowk9lUwKA=","133":"Q6VXAQ3/v2fPb79G4fHz5GdMeXPfxlgRnj6zqlLmXio=","134":"NO6c6xwRWBNm3cUAWxZEpAiS+wXd/TYHHIC4k6qBOWc=","135":"bzvNNdWHk9PdnfjVIf5pFeiDvmqN1P8NlnoA8gBko1o=","136":"4+rWo+5Hii6gQ6t+aDIPvegGEEfEeHaYGO08cPG2YzU=","137":"EHRnnBBNjHqfM/utUz/+p54l6gSGQ4DN+S9mjRYlcRc=","138":"lgDjiDncTNYSWqpjZEYOql97WoGbIvOdwKdxve+7NHo=","139":"+gHXJW9XGcSH1YzXa1369tqyEvHTwkdrUhJT38Np5R8=","140":"mLaAchdpXOqb0+7F9iv8IsOwgtdPGk/7fkky+zM5YH4="}},"BY3sQRy/xd0Pop7PrHLOa9HuwpTNqCvXyL+QLsT/Wi5q":{"chainKey":{"counter":-1,"key":"Ar/r4TPvXjtb026nsNFd0DLtFGTiMRggpm4e4qGyiXw="},"chainType":1,"messageKeys":{}}}}},"version":"v1"}