{"_sessions":{"BQCB7S2/bY9owL1rUTERcJ6AoYC9xNLcH2Ub2c+TldNp":{"registrationId":806958175,"currentRatchet":{"ephemeralKeyPair":{"pubKey":"BV9WJC2yrpxgSCLQiZfYCCQidLAUZLu/VIOw0kZBll5i","privKey":"QKk4tpD7NEMW7+WWJA6UDJAu4kHwTB8L5zhzR8W9JkA="},"lastRemoteEphemeralKey":"BUwpwgBUHqK4xJJ2fJ2KQ4IX/OULYA+uCiITJIIROQN2","previousCounter":0,"rootKey":"QAYTtwW91Bb/iDLM4eBrXPrdtZ7MekCp90GQA53byAI="},"indexInfo":{"baseKey":"BQCB7S2/bY9owL1rUTERcJ6AoYC9xNLcH2Ub2c+TldNp","baseKeyType":2,"closed":-1,"used":1701295249518,"created":1701295249518,"remoteIdentityKey":"BaZr7uPnvOgL2+AWaicPESI2HEpI5oBBf/rOmouoaFVI"},"_chains":{"BUwpwgBUHqK4xJJ2fJ2KQ4IX/OULYA+uCiITJIIROQN2":{"chainKey":{"counter":1,"key":"4D4iYE62pMNPhmw0o5drdVDW0jXAlXasagELd4LzJbo="},"chainType":2,"messageKeys":{}},"BV9WJC2yrpxgSCLQiZfYCCQidLAUZLu/VIOw0kZBll5i":{"chainKey":{"counter":-1,"key":"9isf6KPNDoZgDRt8PwCy+R8h8ISfTQLG2pV4zoKWilE="},"chainType":1,"messageKeys":{}}}}},"version":"v1"}