{"_sessions":{"BcRIqbJ81aJvmvBm8R9Ypwaef0WWlIYV+35oEjTmoV4x":{"registrationId":157,"currentRatchet":{"ephemeralKeyPair":{"pubKey":"BXUjQz5qiWctGg+g7gXGpXKPpU/vDsoB+8TuYZ3Y6PV1","privKey":"gC6QS/JZU423C5ituLAVUZsDZRcbss2E90DwPaqeJ1k="},"lastRemoteEphemeralKey":"BeRY+FsuzRc/eU/rHrcVG8+Zc5K4KQWg0zqcYdm+73tu","previousCounter":0,"rootKey":"/VsUGyJYkIntyQk7PrdLHKhr7RGUw3FlTT8tV3QqHqY="},"indexInfo":{"baseKey":"BcRIqbJ81aJvmvBm8R9Ypwaef0WWlIYV+35oEjTmoV4x","baseKeyType":1,"closed":-1,"used":1700703832816,"created":1700703832816,"remoteIdentityKey":"BRL92hBCx0wzPMr4LQUFoTMO38O+daykX05oDDb2Utc9"},"_chains":{"BXUjQz5qiWctGg+g7gXGpXKPpU/vDsoB+8TuYZ3Y6PV1":{"chainKey":{"counter":0,"key":"jAnI0fxB8DEsTVMrrFVp47dmCDMAf6NFdb1vfH8vky4="},"chainType":1,"messageKeys":{}}},"pendingPreKey":{"signedKeyId":1,"baseKey":"BcRIqbJ81aJvmvBm8R9Ypwaef0WWlIYV+35oEjTmoV4x"}}},"version":"v1"}