{"_sessions":{"BXTJqrau736iybytZ2CDkvoPUJq6h/WotFPjKB6dqVYD":{"registrationId":1952435890,"currentRatchet":{"ephemeralKeyPair":{"pubKey":"BYAc+95zOIN2MANv4sasDwnaFiL2dz0niTdWAdIR9y5u","privKey":"CLrVA/SwySVrWW96ywvGVDX5R8Z3g1UQM23TIKM31EE="},"lastRemoteEphemeralKey":"BcdZUDsnswanPu9/wuVokURrRAs5TnjNH6URrTeEupFY","previousCounter":1,"rootKey":"NcWSIHLK5RoXjphdbk97PLCeXl8ASXZ7+nDAAQHfxj8="},"indexInfo":{"baseKey":"BXTJqrau736iybytZ2CDkvoPUJq6h/WotFPjKB6dqVYD","baseKeyType":2,"closed":-1,"used":1706617893645,"created":1706613771473,"remoteIdentityKey":"BfrVogIai+vC6MHt4j6yG0CM+khI/JmfyQrhPJp3LTh/"},"_chains":{"BeQWDmvepOBAtY+GGtx85w9T7BqkFZsSRFd46lLy69kD":{"chainKey":{"counter":3},"chainType":2,"messageKeys":{}},"BcdZUDsnswanPu9/wuVokURrRAs5TnjNH6URrTeEupFY":{"chainKey":{"counter":0,"key":"mPRlEGFceiy7mGK9USqatguz96AfuQ44eGpqz9zoSCU="},"chainType":2,"messageKeys":{}},"BYAc+95zOIN2MANv4sasDwnaFiL2dz0niTdWAdIR9y5u":{"chainKey":{"counter":-1,"key":"jLHkLuvroLyKA7Zmg9C01Tn7wghHBRKMFtHjo4pwPiM="},"chainType":1,"messageKeys":{}}}}},"version":"v1"}