{"_sessions":{"BYHhvD3wSDaO88S+nbNBTike3kqAtgmgpA4TDWD+ho8s":{"registrationId":1846148428,"currentRatchet":{"ephemeralKeyPair":{"pubKey":"Bd+rb5wUnV1Ay48lvjGkXi9TTqaHoszWYVYyFS79gHgV","privKey":"yLrtELl9CIGcze7100Vbag9/lSTpPk1pcQdSmNrpA0g="},"lastRemoteEphemeralKey":"Be2t5Acvfwcqi9XZge+0AUYpfhYox346KlUcFzz78HkB","previousCounter":0,"rootKey":"VCbkEt27+UY38ci6tpw/hi5ekB6nxPvHxw4bzucDyLE="},"indexInfo":{"baseKey":"BYHhvD3wSDaO88S+nbNBTike3kqAtgmgpA4TDWD+ho8s","baseKeyType":2,"closed":-1,"used":1701555659144,"created":1701555659144,"remoteIdentityKey":"BSdwSkEdS7uroUFlyp/IfbwvRJpdKWvleRUurBXPsjQM"},"_chains":{"Be2t5Acvfwcqi9XZge+0AUYpfhYox346KlUcFzz78HkB":{"chainKey":{"counter":38,"key":"XiZXYCwB6bq6bbGN5Rzc5TiYFxu4wkEXa6nxGrKr9uA="},"chainType":2,"messageKeys":{"4":"ngGhykfI84g1wMZrDFMX0y/QzXVNIU1cx3b11fJ+jqA=","22":"0iJ9NqKm+EGSHtmTAj7+hm5ftLZMU34p5wrdVfCUxhc=","34":"Cc0uHVHDgkuCAAGNVXNCdytVbJQ1bl6859SHK2dKXhQ="}},"Bd+rb5wUnV1Ay48lvjGkXi9TTqaHoszWYVYyFS79gHgV":{"chainKey":{"counter":-1,"key":"T/kcXalYz9aGewjJnkvIExn42piUgQTOTxiTf7QvZgQ="},"chainType":1,"messageKeys":{}}}}},"version":"v1"}