{"_sessions":{"BeZj2MCqoN7THBYqOpuUIlbsZa3YHOwAKMHvescq0WN/":{"registrationId":147,"currentRatchet":{"ephemeralKeyPair":{"pubKey":"BQ6+SgxtFC/P4WHpLx6lXbWaHKPZDVNftBp3NKXCckRN","privKey":"GOsx6GHe3rs1WGIGANnEYDB4DgI5Bs/2mzNebktet18="},"lastRemoteEphemeralKey":"BVy5oM64rDM7zf8br3B8zi/Zwsu6MGwT5zpgysqZbwYZ","previousCounter":0,"rootKey":"O86JsVYD4xW4Vf80zos17m78X8FrhLS496nONfzORC0="},"indexInfo":{"baseKey":"BeZj2MCqoN7THBYqOpuUIlbsZa3YHOwAKMHvescq0WN/","baseKeyType":1,"closed":-1,"used":1700703832860,"created":1700703832860,"remoteIdentityKey":"BUakrqgplk0Hz9lPARaVHcNkqdFRLKz7VqWA8iZd7nVj"},"_chains":{"BQ6+SgxtFC/P4WHpLx6lXbWaHKPZDVNftBp3NKXCckRN":{"chainKey":{"counter":246,"key":"MO34DvwbsEoMImiiuXiNuIYnSNbnib0lkn9y2fGNziI="},"chainType":1,"messageKeys":{}}},"pendingPreKey":{"signedKeyId":1,"baseKey":"BeZj2MCqoN7THBYqOpuUIlbsZa3YHOwAKMHvescq0WN/"}}},"version":"v1"}