{"_sessions":{"BdFzQ6qIOcHgtKiob+6bky/+xqqiaAGk2j51ggVMOt4a":{"registrationId":168404538,"currentRatchet":{"ephemeralKeyPair":{"pubKey":"BWvaXwJsafR1bwPGuwnz0napOOoiIg1WjufGGKCt44Qz","privKey":"SGx36rArQzyf3e9Dy8R3B4gBQxcIbqNrYWYNyxoDJkI="},"lastRemoteEphemeralKey":"BbERc0vl5NbF/hpJHZp06KevD3VsQLEnExh6wMZjnxp6","previousCounter":0,"rootKey":"f2xVHaF7p1L/IXR686cJEyklMzIcVwFhDHSHE6Zm+E8="},"indexInfo":{"baseKey":"BdFzQ6qIOcHgtKiob+6bky/+xqqiaAGk2j51ggVMOt4a","baseKeyType":2,"closed":-1,"used":1704752355005,"created":1704752355005,"remoteIdentityKey":"BcIZ3PC5DJH6s8NV0+N9Va2hSyI1a9aqzywh+8X6aQhg"},"_chains":{"BbERc0vl5NbF/hpJHZp06KevD3VsQLEnExh6wMZjnxp6":{"chainKey":{"counter":2,"key":"rawMrnMcKsaMFa89aKMrAMSfwSzTOdO6P9PHGE1uYQw="},"chainType":2,"messageKeys":{}},"BWvaXwJsafR1bwPGuwnz0napOOoiIg1WjufGGKCt44Qz":{"chainKey":{"counter":-1,"key":"9OlOFGZZDFAurlWabn3LjKcSYnuuaLiHZlZV9hH9ueA="},"chainType":1,"messageKeys":{}}}}},"version":"v1"}