{"_sessions":{"BcJ9aUuN/KFzN7zRBVG7LgMNnzH+3if6NQPZ/0BrQVxv":{"registrationId":1825255274,"currentRatchet":{"ephemeralKeyPair":{"pubKey":"Bb2u+6y0Droxa2MuU2yNS+VKLlX28EHaD4V8hEmO+x4V","privKey":"0PkaRn5vdai3Vas4W1rkbKSFESc1sqrIDGq0f1Nbsm0="},"lastRemoteEphemeralKey":"BTYzJPRxHyeBVVa5DdX0MiNxiTEahGKaKxsaeKx/GsAG","previousCounter":0,"rootKey":"1erU5Krt/1lKZXyiUqfE+H6akgzAHeqNUdNiBLXrAo8="},"indexInfo":{"baseKey":"BcJ9aUuN/KFzN7zRBVG7LgMNnzH+3if6NQPZ/0BrQVxv","baseKeyType":2,"closed":-1,"used":1701170312876,"created":1701170312875,"remoteIdentityKey":"BctNUYSVM6tLns1O1IsaNvm94CC/Jr+xtdjubdM6LDso"},"_chains":{"BTYzJPRxHyeBVVa5DdX0MiNxiTEahGKaKxsaeKx/GsAG":{"chainKey":{"counter":6,"key":"0JqvSOxK0L4aMuPL/5+v0ozlZRqGBDvTEQlGLUt64cM="},"chainType":2,"messageKeys":{}},"Bb2u+6y0Droxa2MuU2yNS+VKLlX28EHaD4V8hEmO+x4V":{"chainKey":{"counter":-1,"key":"IDA6MY4z+ilhzXrHSm7E6ZpWpibXzAIZ5cp8rS6L5uo="},"chainType":1,"messageKeys":{}}}}},"version":"v1"}