{"_sessions":{"BZTpJT3gpyfDVu44qdrcjeECZXb2pWpLRMZqdKde3aM8":{"registrationId":1689846895,"currentRatchet":{"ephemeralKeyPair":{"pubKey":"Bfot4ayO/TlAmyLSCJZWjjeymmJXwnmQXssRSQSaH29N","privKey":"0Kg4/pt1S7k9rK5jMchJ0WfxpWSwX1Zwp6kV0NXlNFQ="},"lastRemoteEphemeralKey":"BWmkbloJfO/1igVaRs+A8lV5rVn19sC0TXJ8vHpv64dE","previousCounter":0,"rootKey":"lZlkpV2PDmMVq4e1LNu6+VX2kWBGJYqn5fjSYD/N8oE="},"indexInfo":{"baseKey":"BZTpJT3gpyfDVu44qdrcjeECZXb2pWpLRMZqdKde3aM8","baseKeyType":2,"closed":-1,"used":1702289567420,"created":1702289567420,"remoteIdentityKey":"BckHz64n77sbddXJjFtT0VFMw7pIT5eO6Ae0l/vpxHtJ"},"_chains":{"BWmkbloJfO/1igVaRs+A8lV5rVn19sC0TXJ8vHpv64dE":{"chainKey":{"counter":2,"key":"28a8NWhsUw7z2FMKs/2xoWhijmLsRjD8X8PsMXJkIwY="},"chainType":2,"messageKeys":{}},"Bfot4ayO/TlAmyLSCJZWjjeymmJXwnmQXssRSQSaH29N":{"chainKey":{"counter":-1,"key":"Hk1bHbjXIykrCkkGJBL9NefI5ORj40VAWsEZJY510D0="},"chainType":1,"messageKeys":{}}}}},"version":"v1"}