{"_sessions":{"BTYV6qhCA1xSFOIIr+PWls3xkadVlzWzYXuktLKUCsQz":{"registrationId":1624556182,"currentRatchet":{"ephemeralKeyPair":{"pubKey":"BbrtnY0XEVXmOy4FqpqEUka3cCnlB247FkBkdkrxmkoB","privKey":"8CV0hZwzBxL3qnPOc3Ozt3fRvxEQCevd2afq9kF1p1Q="},"lastRemoteEphemeralKey":"BTXEK4BZIuD5DwjzijTiwPM/6Pf1IJkzVqJtdXSSRu8I","previousCounter":0,"rootKey":"VKaLg9XrmTpW2wNwvCiOLXxxmHSMgfEiYj1JTT9syVM="},"indexInfo":{"baseKey":"BTYV6qhCA1xSFOIIr+PWls3xkadVlzWzYXuktLKUCsQz","baseKeyType":2,"closed":-1,"used":1702289469777,"created":1702289469777,"remoteIdentityKey":"Bd4Gx5XzwZMciJ5j0TKWJDx8iRPVm+DdsQH/8JXHSzlB"},"_chains":{"BTXEK4BZIuD5DwjzijTiwPM/6Pf1IJkzVqJtdXSSRu8I":{"chainKey":{"counter":20,"key":"JLpjmGr34THFJu4jlVsSG+e24vyj/AoQS79JnXem+iU="},"chainType":2,"messageKeys":{"0":"FelWLkFcNBMzvMpv7FotS/KrzzlheAgFGEYraVYrkuA="}},"BbrtnY0XEVXmOy4FqpqEUka3cCnlB247FkBkdkrxmkoB":{"chainKey":{"counter":-1,"key":"ek5jt6CVyVQ8noFiMDLACTPzg3LI9Mx4C/qjgKg/g5U="},"chainType":1,"messageKeys":{}}}}},"version":"v1"}