{"_sessions":{"BVF/7wmcQLOvurx3owoHiJcYvMTHKXCPDD3dUP95drxI":{"registrationId":1955067953,"currentRatchet":{"ephemeralKeyPair":{"pubKey":"BWkDiY3l/zx4UcW4H7mvBbQcrevUqU6Zxu3XZHDrQr8P","privKey":"6LrGM7CteIGs360jmRpFvLZVchFVct4mVZ8kn13AN1o="},"lastRemoteEphemeralKey":"BUGliH77uPF5bppAlvMrJ3pg2CnFe4bQBfYlntA9Sedy","previousCounter":0,"rootKey":"1+YvTSjPvyrAvHOHDFxhNjha3R3ufqc0SqIv0m3b6Lc="},"indexInfo":{"baseKey":"BVF/7wmcQLOvurx3owoHiJcYvMTHKXCPDD3dUP95drxI","baseKeyType":2,"closed":-1,"used":1701729757346,"created":1701729757346,"remoteIdentityKey":"BdmL4/M56ETp0P/mkS8i3bjpXY1RXkHyhQhSPO+QotsX"},"_chains":{"BUGliH77uPF5bppAlvMrJ3pg2CnFe4bQBfYlntA9Sedy":{"chainKey":{"counter":68,"key":"K2Ex+JTBeiYckerVcgJ91SRN70ao0XCZ+VLrsgjA/ks="},"chainType":2,"messageKeys":{"0":"55vts59dA7KI6ZsJ/s/HXXH+hU0CnuQ+W6ehiRzio/E=","1":"GLZ6bw/mIoZ4wfa7BabnfRfDe4jt4unJ4xYee87PlD4=","2":"RMMiRKrvAaN6/ISlhJ1TVHCeWnsJFK605+ZANt/6osg="}},"BWkDiY3l/zx4UcW4H7mvBbQcrevUqU6Zxu3XZHDrQr8P":{"chainKey":{"counter":-1,"key":"hlas+rC13EwaKAchhA5gX3rhv0yB/7GwQ6O3Wpn/vjw="},"chainType":1,"messageKeys":{}}}}},"version":"v1"}