{"_sessions":{"BUnVVG43itqeMKWU+fTzmITpjD2Ph+xnC/DEPGxXlLth":{"registrationId":1686086039,"currentRatchet":{"ephemeralKeyPair":{"pubKey":"Bd6H79Q/KdP+LgDAIv+vHhxkvqAdhOq46x0LgmU60AgH","privKey":"WIZ/43/PolQhRPEcUxeOXl/J/O/FOObYiXByPXvauls="},"lastRemoteEphemeralKey":"BQYehokfdhXoj8HX/wVhZSysaS6Mx7p5pAAEDaomWfMg","previousCounter":0,"rootKey":"Dm2GqHVTtWOAbi2ygWo5J9vTJxOiKXHttSLzbUuR1Tk="},"indexInfo":{"baseKey":"BUnVVG43itqeMKWU+fTzmITpjD2Ph+xnC/DEPGxXlLth","baseKeyType":2,"closed":1702289593124,"used":1702289558838,"created":1702289558838,"remoteIdentityKey":"BWqx4Ac6dPQWnjvVThT0rZ2HZ9dyoypjQFR3hbst4rFI"},"_chains":{"BQYehokfdhXoj8HX/wVhZSysaS6Mx7p5pAAEDaomWfMg":{"chainKey":{"counter":5,"key":"xTF2Pd1qBvYGKVWSs9eJbthBT+2pA/q1QphU2LXbstI="},"chainType":2,"messageKeys":{"0":"PWLyfKQTlUW38LOffPaC8oqq4LapZEiOEg18dc7QWT0=","1":"7wzWsfHhYFcn10IjSI/w/2NWFoSFM5XiiRkGmNzaThw=","2":"Zr7Ani8qw0awO8oPi64owXYg0+jmn06Qx+C5kRuV5n0="}},"Bd6H79Q/KdP+LgDAIv+vHhxkvqAdhOq46x0LgmU60AgH":{"chainKey":{"counter":-1,"key":"YTf4VW+EdxUje1r+NK9XgUvM/UnbHTBt8g0W5BwAzyc="},"chainType":1,"messageKeys":{}}}},"BS2OBsv9SiaMytHhWW6rXbrOZOqk2lgMNik7azknv7Js":{"registrationId":1686086039,"currentRatchet":{"ephemeralKeyPair":{"pubKey":"BbctSRtJElcImdPnhnFQO6K1cfkn2m7YLxZdyydFg6gy","privKey":"6MXM88w8sM82zRFutq+qaN6KkM5PY+ic2A7ZvDqTbXE="},"lastRemoteEphemeralKey":"BcjfqLcLSTCALNgj3sS3PXouXeEFcihKYB56tuIi9IEf","previousCounter":0,"rootKey":"6O0kkSA5mv6Xp8Y+t9madWWtKJbwZ3/svJExFcIZZ0U="},"indexInfo":{"baseKey":"BS2OBsv9SiaMytHhWW6rXbrOZOqk2lgMNik7azknv7Js","baseKeyType":2,"closed":1702790499066,"used":1702289593143,"created":1702289593143,"remoteIdentityKey":"BWqx4Ac6dPQWnjvVThT0rZ2HZ9dyoypjQFR3hbst4rFI"},"_chains":{"BcjfqLcLSTCALNgj3sS3PXouXeEFcihKYB56tuIi9IEf":{"chainKey":{"counter":0,"key":"tMjMDU3h2OinI9P6JFAcbfV2Wq8A+Z8CZBCl4ssuUtw="},"chainType":2,"messageKeys":{}},"BbctSRtJElcImdPnhnFQO6K1cfkn2m7YLxZdyydFg6gy":{"chainKey":{"counter":-1,"key":"sC3H3FsW4nq/Wh3aO07glOFtlYRoK6YLuqtmEqYkD0Q="},"chainType":1,"messageKeys":{}}}},"BSVlPn3Jt0Cnwj7p34gkRv8iFU8XTJqRLczKOa3BFn4p":{"registrationId":1686086039,"currentRatchet":{"ephemeralKeyPair":{"pubKey":"BVMph7g4t3thb+zwtL89I+tbBunEa5gPMguXBoHFfOsZ","privKey":"kD+kjqeWGHry4mlwkmrY8spglAlURK/GvCHmGX8ZKk4="},"lastRemoteEphemeralKey":"BcJrrXyeL0lrnDUXD8/+JYiAPrKMXpTeMDiPu4a5uyJ7","previousCounter":0,"rootKey":"sNqV9A8LMvCQWBrfRGwZqIRfuWevVIgUDPZ58osX8jI="},"indexInfo":{"baseKey":"BSVlPn3Jt0Cnwj7p34gkRv8iFU8XTJqRLczKOa3BFn4p","baseKeyType":2,"closed":1703498792476,"used":1702790499084,"created":1702790499084,"remoteIdentityKey":"BWqx4Ac6dPQWnjvVThT0rZ2HZ9dyoypjQFR3hbst4rFI"},"_chains":{"BcJrrXyeL0lrnDUXD8/+JYiAPrKMXpTeMDiPu4a5uyJ7":{"chainKey":{"counter":43,"key":"hB20hcaN5ZcshshBBy2KhU94nRVMR7pLnLDxIzHSKVM="},"chainType":2,"messageKeys":{"35":"z6p5QteC2vUDN+wcNi1Vgy8W02a3G5bDUnXFjl2fURc="}},"BVMph7g4t3thb+zwtL89I+tbBunEa5gPMguXBoHFfOsZ":{"chainKey":{"counter":-1,"key":"DiApkoDCdrioXoK3NChExtBlOKqSeJtZbJMsjyu0kkY="},"chainType":1,"messageKeys":{}}}},"Bct3NauviSowoto7W9dKuAPj7nT/soSpmdXleKMYpUN3":{"registrationId":1686086039,"currentRatchet":{"ephemeralKeyPair":{"pubKey":"Bd21p4eCZP8SmgVCbv7isPSb9mjvpwH9c2vVjG9Xxlt9","privKey":"YO3ZT9a5CMS3zJF+qljgt0aox5SYBigzhfy1CNj+8Vs="},"lastRemoteEphemeralKey":"BXBVJyTg+707jQDjKtxM8NqkoC2bOcsiLGwBOiZUefki","previousCounter":0,"rootKey":"xB9ueo1YmEg0fkwLLi/qowwvU5Xo9SN66kfzzVu+ISM="},"indexInfo":{"baseKey":"Bct3NauviSowoto7W9dKuAPj7nT/soSpmdXleKMYpUN3","baseKeyType":2,"closed":-1,"used":1703498792489,"created":1703498792489,"remoteIdentityKey":"BWqx4Ac6dPQWnjvVThT0rZ2HZ9dyoypjQFR3hbst4rFI"},"_chains":{"BXBVJyTg+707jQDjKtxM8NqkoC2bOcsiLGwBOiZUefki":{"chainKey":{"counter":22,"key":"B8GsFFLyYylO/dfNGou+UHKFljaWPrInUxgIyHgCh4Q="},"chainType":2,"messageKeys":{"0":"ER/NJzGsrw65gaxQTGQfn86NsI5eG09+U2Tu/VsBjr0=","1":"R7fhocD4UKNmiLSby6zYPnmgPngx15Bjb+2NjAXCMmY=","3":"yjTMja6qI9nA/Xauq8c0p92k7olw/bK7BUbUnMDsHsw=","7":"JwGIj8EjgxNlKj5HMTjcVRyGBsSc7x8q0Oy/jSULcCo=","8":"vXTqbrkLpiVninLVh/qZOIb06cE4THGBiEkbMZnwxC8=","12":"PGLmfB3KC/xhXhZUHKpvNUz3+NHsBwf2IxgPTgpAyNY=","13":"BpVidLdPZaTrEcw+dkpxqFi5ApQg1BmmO2YnlBn1/88=","15":"cOv6K7MPDhA1W1Fal4BTpy9yH5ocn4huvl2HjteXarI=","18":"M3IBZIwhwRwzyjrOAo8ezSV+ZOwasOj89eF4F/zjgh4=","21":"nE7+Pln9bfIutiyW5GyXHo9OhoQeWSkKiBnn13kQLe0="}},"Bd21p4eCZP8SmgVCbv7isPSb9mjvpwH9c2vVjG9Xxlt9":{"chainKey":{"counter":-1,"key":"qphdLlCpBR45dJthFpmuEd7kKjzpkHGt71z9Qwr7aDw="},"chainType":1,"messageKeys":{}}}}},"version":"v1"}