{"_sessions":{"BRLnkFvsGYfz4xYuwfV5mupQYnl7JFN3HEUXxbrkjktc":{"registrationId":982480072,"currentRatchet":{"ephemeralKeyPair":{"pubKey":"Baez8Ju1HfDDy3VUK51ZiGQuyfVn+fsEj6n3Z7DCkO9A","privKey":"UEb15uQDm0Qka+x+QXKrRhKbMj19e00M9/zlTjsPhX4="},"lastRemoteEphemeralKey":"Be3LDoVD7taobe8jldMR3YIthT7dp9HOpHfttJCCZxkc","previousCounter":0,"rootKey":"ELw479EqXJAnSo/dpIVL3SJ/9908tMUhz/zQClwPVwA="},"indexInfo":{"baseKey":"BRLnkFvsGYfz4xYuwfV5mupQYnl7JFN3HEUXxbrkjktc","baseKeyType":2,"closed":1702289592716,"used":1702289487874,"created":1702289487874,"remoteIdentityKey":"BR6Gs9iwFvdIhl3+wVF0K43WUTpJEYcejXLgTfNNNPkK"},"_chains":{"Be3LDoVD7taobe8jldMR3YIthT7dp9HOpHfttJCCZxkc":{"chainKey":{"counter":4,"key":"CdpSOlNy0zp1aseNDbjiSaidINc3lqcc2XfTU7jJmmA="},"chainType":2,"messageKeys":{}},"Baez8Ju1HfDDy3VUK51ZiGQuyfVn+fsEj6n3Z7DCkO9A":{"chainKey":{"counter":-1,"key":"cgIL1Y7EpuIyuEAVp53TY+1IsyK59pSi2UASLfCCCh0="},"chainType":1,"messageKeys":{}}}},"BY5d4NWkrSfqYdiTcgkInsfRh6RRuaAAPFVNDFyTSXNo":{"registrationId":1564248628,"currentRatchet":{"ephemeralKeyPair":{"pubKey":"BU/OyhjIWPeNF2mGev7mxVUHE+r87F8dCxti7aVc+4Uh","privKey":"cMS/dlemvTAa/t8YiWp9itprv7MN0p104Zhj2C3Sanw="},"lastRemoteEphemeralKey":"BSQ8gCNeKXLp96M6/bdp4hsws9ngd4BgukoUT1bvEh4E","previousCounter":0,"rootKey":"3zno544MMwJ6CsVki4Xb9PQcPRemGOPNpFpFzwK1px8="},"indexInfo":{"baseKey":"BY5d4NWkrSfqYdiTcgkInsfRh6RRuaAAPFVNDFyTSXNo","baseKeyType":2,"closed":-1,"used":1702289592727,"created":1702289592727,"remoteIdentityKey":"Bf+7jWW+z6o6oBWjqPVH5ABHq7uc/lkSzz8NbLTUBUdV"},"_chains":{"BSQ8gCNeKXLp96M6/bdp4hsws9ngd4BgukoUT1bvEh4E":{"chainKey":{"counter":12,"key":"skFC+XeCpDwDetNCMAnzpIfzn+xEsdhubJcmFfDfWxY="},"chainType":2,"messageKeys":{"1":"zIzN4kx1OP886/8JhBjKrJ1fKZo5EEruZ6X/5pw+tt8=","2":"R1l1YTluoMA3DLoz1nOB7rTvCZkxbSlZRx4lwMFyClE=","3":"w8irAgQeZL6N/G/OPOH+Pb02jRD2Fv/JLoctzUKRMd4=","4":"tg4veNnCWDo4VxaBoM9SlPIWcbaP+13m7k8+4lwHOcU=","5":"V7PjKMSBBXxe90qsAufIoAMju1wYFOmTIeAudCLv4IE=","6":"6gMTPp6vzIoPE1H6futUQVfwUUCLRMsAnmiJ92MA5LM=","7":"5LAJtcZ12RQdj4pPShKGxyARAUpJJ4EiNAnoa36ba9s=","8":"5i/Ac1gPDQ5AhLTgZckATYLxBmAOcXgrXG25RSM9byc=","9":"M78WLzL5VyKQMc7qRnZ3o46nLYU3+M5FyJta4O7oJMo=","10":"g8jf98tb4c7ThCmaQkQO3NVEWPBHfEsdZrD/3Rmckaw="}},"BU/OyhjIWPeNF2mGev7mxVUHE+r87F8dCxti7aVc+4Uh":{"chainKey":{"counter":-1,"key":"Iv8GZoaP1nE4j9mol7u9acNTXPlbkRs3oiCVQuolxqQ="},"chainType":1,"messageKeys":{}}}}},"version":"v1"}