{"_sessions":{"BfojUZiirbx2a/WNhyZv8i6euOGp8iR+89oOYNVUJb0e":{"registrationId":8340,"currentRatchet":{"ephemeralKeyPair":{"pubKey":"BV6iwkJIhQpGDhAiC11IPIbcWEcSYBSJjQvH0eMiPWom","privKey":"wDJH7vRlThARZ/8DcW8UhPc9NSIvHl1zWRPMaYLiJFQ="},"lastRemoteEphemeralKey":"BYLMVPShTqD/TDVAJhTIAx6znuP+VTub1NfWceq2kxQ7","previousCounter":0,"rootKey":"79y8GPC8UMLwW30Z7NpNBNv9oltS7WvNb0llX+1Oj8w="},"indexInfo":{"baseKey":"BfojUZiirbx2a/WNhyZv8i6euOGp8iR+89oOYNVUJb0e","baseKeyType":2,"closed":-1,"used":1701295244363,"created":1701295244363,"remoteIdentityKey":"Be0fYrtk9BkRLk4KE3VKDJK2WtxZnk7VmXJQizwNtmF8"},"_chains":{"BYLMVPShTqD/TDVAJhTIAx6znuP+VTub1NfWceq2kxQ7":{"chainKey":{"counter":0,"key":"AFjciwoQ/ZuHLjkNa7SZE6YdjulmWZvFM99rODOaKyk="},"chainType":2,"messageKeys":{}},"BV6iwkJIhQpGDhAiC11IPIbcWEcSYBSJjQvH0eMiPWom":{"chainKey":{"counter":-1,"key":"LXiZRagsmfrUzE7O4YsX1vT+LG7Pc0OVD+mvUMO8vLc="},"chainType":1,"messageKeys":{}}}}},"version":"v1"}