{"_sessions":{"BYQoqG/unFf4raVuDXF8TGNwBpiIovwSZS2uE1l1EBx5":{"registrationId":868,"currentRatchet":{"ephemeralKeyPair":{"pubKey":"BTgruzv0j45vaOJIpkSSMsfopMarZj7T7WrnvBb3E+wJ","privKey":"mMmxsfsPLe2tXVsfRzCt3kmyTDSXh52VQRxSzp4BuWE="},"lastRemoteEphemeralKey":"BY+HfxgaZLEDFXZ4SO4+eWoXICKW8QsMUYve+fdPLgBZ","previousCounter":0,"rootKey":"TDUn55pjGqyKmTU2tFONwgxeWe2qYqgQzkHseM1Jilg="},"indexInfo":{"baseKey":"BYQoqG/unFf4raVuDXF8TGNwBpiIovwSZS2uE1l1EBx5","baseKeyType":1,"closed":-1,"used":1700703832842,"created":1700703832842,"remoteIdentityKey":"BSqs5DgW0Gh2LB8IAmRcErKOeT04nHZue3efvd/QZRpU"},"_chains":{"BTgruzv0j45vaOJIpkSSMsfopMarZj7T7WrnvBb3E+wJ":{"chainKey":{"counter":0,"key":"A888WrGRsoyk0IdyQVqlXoxaL+a0+Dym30Ae3053ffQ="},"chainType":1,"messageKeys":{}}},"pendingPreKey":{"signedKeyId":1,"baseKey":"BYQoqG/unFf4raVuDXF8TGNwBpiIovwSZS2uE1l1EBx5","preKeyId":23}}},"version":"v1"}