{"_sessions":{"BQr07LigJGyMU92HHW5pijSYi91yVItROIw0p0UtZZUN":{"registrationId":1198,"currentRatchet":{"ephemeralKeyPair":{"pubKey":"BYtTC8oa0tDlM0unC9sAaiWBhyORSqZ3L5lvL1cgCqZp","privKey":"2Ozorp92S4ncCb6kFUSyjWuT8E2xXpBxxlZDvKKKXUY="},"lastRemoteEphemeralKey":"BWMzKKE4W9/CvGymbbj5E6gv3YGpIStDfBl5ABwwCiQE","previousCounter":0,"rootKey":"z2ChGLvz039ijpZUcgmbm1pXjVqDe30KqVsZQRS61ns="},"indexInfo":{"baseKey":"BQr07LigJGyMU92HHW5pijSYi91yVItROIw0p0UtZZUN","baseKeyType":2,"closed":-1,"used":1701155836038,"created":1701155836038,"remoteIdentityKey":"Bfwm+nFpF9Mf0xVTtZChjfrqY9OeXzdPtZU+lLKxRXot"},"_chains":{"BWMzKKE4W9/CvGymbbj5E6gv3YGpIStDfBl5ABwwCiQE":{"chainKey":{"counter":0,"key":"5hAq8L82Owdp7kSr/JyGPgzsLXzMBl2m/Zc5kauZ1m0="},"chainType":2,"messageKeys":{}},"BYtTC8oa0tDlM0unC9sAaiWBhyORSqZ3L5lvL1cgCqZp":{"chainKey":{"counter":-1,"key":"nWTjFQ7RPFbQqtb5XNSY35Xr0zHUFFRSzMp+MeCmitA="},"chainType":1,"messageKeys":{}}}}},"version":"v1"}