{"_sessions":{"BTwymRZ1i9rol3ckLi0I7tSNd/9A+oEzHVAQG0gqhcIL":{"registrationId":741487029,"currentRatchet":{"ephemeralKeyPair":{"pubKey":"BX/hHQUe/rns6JfEzhc1lqI31c4KE9rqCO7Gs8pBJVgW","privKey":"sK5AZdW0AQR0uZ9jvlsZ7qtbpj7CdFOgUtVt1YgDuUo="},"lastRemoteEphemeralKey":"BbNj4r6Ba+LcZIXR6lxqfttkoZLgDU2fWNivHF0ZhUh/","previousCounter":0,"rootKey":"dCfoalBBWBk+GpWL/d8ZD45snGlFmJR2jJdbkR+00i4="},"indexInfo":{"baseKey":"BTwymRZ1i9rol3ckLi0I7tSNd/9A+oEzHVAQG0gqhcIL","baseKeyType":2,"closed":-1,"used":1704752320831,"created":1704752320831,"remoteIdentityKey":"BQrEUc2vah/C6axtbhxLFgbDVrB8Plp7By6w44/GOXlU"},"_chains":{"BbNj4r6Ba+LcZIXR6lxqfttkoZLgDU2fWNivHF0ZhUh/":{"chainKey":{"counter":9,"key":"McEYRHpCaYlqt7sXArFReLKfsa72aGBN11dPzqxtwYQ="},"chainType":2,"messageKeys":{}},"BX/hHQUe/rns6JfEzhc1lqI31c4KE9rqCO7Gs8pBJVgW":{"chainKey":{"counter":-1,"key":"hb/9dNXGRUFfHDS7GRqd+0shswIIRD8voAw6Urc8Pns="},"chainType":1,"messageKeys":{}}}}},"version":"v1"}