{"_sessions":{"BaWaLEL27OzOo5LT55w6MoT02D082dazm+rDbZg2GCJ8":{"registrationId":244727094,"currentRatchet":{"ephemeralKeyPair":{"pubKey":"BcqiETXHUMNOr2qQOFunGrvJHDdku4HfL6Be2Jbk9khl","privKey":"EPgs6nm5+yapxsq8uJKHuNBJZfSBwkbl6gAMlG9ckUg="},"lastRemoteEphemeralKey":"BdJdeIJRA/SeuYcPfMezx1C3mN07nCkR/YuTUWV//Pwh","previousCounter":0,"rootKey":"YiIcwQwo5liQHh5OlIiB4bkYvf4ArxPCBqs0wilZtlk="},"indexInfo":{"baseKey":"BaWaLEL27OzOo5LT55w6MoT02D082dazm+rDbZg2GCJ8","baseKeyType":2,"closed":1703498798747,"used":1702790462765,"created":1702790462765,"remoteIdentityKey":"Bd4E3bIb8fpfckSuL0CoUde9KsXB08ZN7SYgwMyRcmlN"},"_chains":{"BdJdeIJRA/SeuYcPfMezx1C3mN07nCkR/YuTUWV//Pwh":{"chainKey":{"counter":4,"key":"XBB+E8RD1MRS2F/lKSZ1jWWH86mkfgdBG363S0GZEaQ="},"chainType":2,"messageKeys":{}},"BcqiETXHUMNOr2qQOFunGrvJHDdku4HfL6Be2Jbk9khl":{"chainKey":{"counter":-1,"key":"oqvHuFfnc/U50mFZCuDY9ZEe9n9FxKRVhfaYyH+9ETk="},"chainType":1,"messageKeys":{}}}},"BZldPdCXKSVmHnUEjE4F60Jan7z93Ey+6ri4S/+MHj5q":{"registrationId":660167937,"currentRatchet":{"ephemeralKeyPair":{"pubKey":"BTfcPahDFoecEeM9Dl6x/1HpOB5izwMTJdLFl/Y2NH8S","privKey":"sNXYEiOdLZjEs0RbUBNlpRRI8BnEPqEopZ475W7Wzkk="},"lastRemoteEphemeralKey":"BRDOx5tluXlllH+2Oq1RUHM9qHb3R8tfJHiAaSZA52Y/","previousCounter":0,"rootKey":"CU7eRje10Fc6fnQuMw8cCQ7h0qJDsiApfLls8RcQ2ww="},"indexInfo":{"baseKey":"BZldPdCXKSVmHnUEjE4F60Jan7z93Ey+6ri4S/+MHj5q","baseKeyType":2,"closed":-1,"used":1703498798762,"created":1703498798762,"remoteIdentityKey":"BXzBA2apEwIgpOmTtrf5QuLYk3A58dZLj6pGnAnT7eUB"},"_chains":{"BRDOx5tluXlllH+2Oq1RUHM9qHb3R8tfJHiAaSZA52Y/":{"chainKey":{"counter":0,"key":"UDjBCX3SjD1cRyfc3UMt/ulxjgMdY2bLQacp3BtXU2s="},"chainType":2,"messageKeys":{}},"BTfcPahDFoecEeM9Dl6x/1HpOB5izwMTJdLFl/Y2NH8S":{"chainKey":{"counter":-1,"key":"Lh5/zxg97mi8vusEexpdOrzl1QLNyumPqdbQD09IPwY="},"chainType":1,"messageKeys":{}}}}},"version":"v1"}