{"_sessions":{"BV+s9HrrvUqmPQn4RVhZGG6S/wc2C0ecLQoasCAiBMNs":{"registrationId":201718694,"currentRatchet":{"ephemeralKeyPair":{"pubKey":"BR64RXsmKsY7XAS4UqOFjbxFGbsMyJCcHChGrIYqLG8X","privKey":"6Fr2dhcddBHGXv5Cy75iKnMmHevlz+zQMW3b7Td8xmY="},"lastRemoteEphemeralKey":"BRcfV6siWMWa1/Ciy0s8Htd7zqP0pfCmF2rsINqWhtsu","previousCounter":0,"rootKey":"C6ccmQur2LywRNEXIwGjZM/WAt2v7Y418Qo5qfqj9mU="},"indexInfo":{"baseKey":"BV+s9HrrvUqmPQn4RVhZGG6S/wc2C0ecLQoasCAiBMNs","baseKeyType":2,"closed":-1,"used":1704752330952,"created":1704752330952,"remoteIdentityKey":"BSMgELsb4OWUgDEsdfDR03pI5giV8cIsudRlo6olO8gg"},"_chains":{"BRcfV6siWMWa1/Ciy0s8Htd7zqP0pfCmF2rsINqWhtsu":{"chainKey":{"counter":4,"key":"FC0FR82AqmvbN5reMnu3lPRSnLP5VJ9OND2xrSRs6rM="},"chainType":2,"messageKeys":{}},"BR64RXsmKsY7XAS4UqOFjbxFGbsMyJCcHChGrIYqLG8X":{"chainKey":{"counter":-1,"key":"cr1faMCsa+mFpwhriVtMP8KJpu86vIIyul53TS66ong="},"chainType":1,"messageKeys":{}}}}},"version":"v1"}