{"_sessions":{"BfKlQrAxf9qbN5PF3E/biu/nBI9AiMTAsMK8gmzuJW8v":{"registrationId":3042,"currentRatchet":{"ephemeralKeyPair":{"pubKey":"BekU/cs6SLxEx/KO7eBN4PutSov3mD/121zIlP3pqGBW","privKey":"KLnz32cSqCzE33mLtdeswQJKHR/l2urX4gCii1epE0A="},"lastRemoteEphemeralKey":"BSUthW5mGIFl0NUJVzPA2skYK1ssZAV7jJXw0/wG6Xsk","previousCounter":0,"rootKey":"NIigZiUtrlLU0QtB+0SRIh3g/N/78iszy5e8ChVuQ2I="},"indexInfo":{"baseKey":"BfKlQrAxf9qbN5PF3E/biu/nBI9AiMTAsMK8gmzuJW8v","baseKeyType":2,"closed":-1,"used":1701295244471,"created":1701295244471,"remoteIdentityKey":"BVVCK662RVPErH7Y64X5KJjBWhLiAxveUcJtAd0IKIBB"},"_chains":{"BSUthW5mGIFl0NUJVzPA2skYK1ssZAV7jJXw0/wG6Xsk":{"chainKey":{"counter":0,"key":"fE3KbuGChdUisuULHJijSK/eGrJ29ag+YjWfVF+nZOU="},"chainType":2,"messageKeys":{}},"BekU/cs6SLxEx/KO7eBN4PutSov3mD/121zIlP3pqGBW":{"chainKey":{"counter":-1,"key":"ehSHXNemjzn/98h1wfuNV2FR6k/OY53esPTiA4p7/eU="},"chainType":1,"messageKeys":{}}}}},"version":"v1"}