{"_sessions":{"BaUEh9mb2DvyLPXYB94vHwg4FfHfVXxSTIymo8eMExh8":{"registrationId":431325123,"currentRatchet":{"ephemeralKeyPair":{"pubKey":"BV6moDGOXj6BrF69N88K36IYFrZDTZFJXctFaw8WERs4","privKey":"YP4VGYIX3Y5tnfrJiRLBM02Kh51Tprjw7QxLVFw20F4="},"lastRemoteEphemeralKey":"BRyWI0iDk0sIyLAY/86gZCFuLmXvYXCAAeLcwhHVpPo4","previousCounter":0,"rootKey":"lyEMFlOxhSvDhrywke7OFx89p/L9lygBuLmWHSTxr44="},"indexInfo":{"baseKey":"BaUEh9mb2DvyLPXYB94vHwg4FfHfVXxSTIymo8eMExh8","baseKeyType":2,"closed":-1,"used":1701729752388,"created":1701729752388,"remoteIdentityKey":"BfpzDCkMQ7MQuQhlzEUzURbzP0U1CU3jkb3sy3OkuIR7"},"_chains":{"BRyWI0iDk0sIyLAY/86gZCFuLmXvYXCAAeLcwhHVpPo4":{"chainKey":{"counter":45,"key":"1p3tRR7c+3gtR7Zf0PDGRcwuwsboISX3E8a3M8RLfvA="},"chainType":2,"messageKeys":{"7":"Pc6YhB8J1lZmkWmRs8DvxObHYLCbUstlDXHLL6Up4Ms=","10":"43QYyaZz4ujKv4GVGMhoJTZ3ySvwfOCQpFxacO4tkag=","35":"CMT+qhObi7DDQeRi5PIncVY48ryQX7csb0EIADAu19I=","36":"v3RJtV4ljN5Ov1pj9RAUr1iJgZSCGkGyIBZRHrPSJLo=","41":"t6mf5C4ZfTzWJtzAT+NMDh9onrAFq+aTQggnVpbw/vo="}},"BV6moDGOXj6BrF69N88K36IYFrZDTZFJXctFaw8WERs4":{"chainKey":{"counter":-1,"key":"BgTgthH0FH9M6Em8iRjinb+eM4Idbfl6OvwrFrVZr24="},"chainType":1,"messageKeys":{}}}}},"version":"v1"}