{"_sessions":{"BWVuGnYdnL6gqkhK8qiIQL6eqL+DgHm98nxzFlDFO5t+":{"registrationId":748627048,"currentRatchet":{"ephemeralKeyPair":{"pubKey":"BdtRm9taQ9TUo+/Zx/qNfYBzl+pot/A0ig5D4MESMipp","privKey":"KNMFIpCcKJEDx54jzTuiBXShOe0W8yggYOzkXz+FRE0="},"lastRemoteEphemeralKey":"Bc+FsHTUvwuFogqWLWUj3tenvv06L+JI9rLejWi7oIx2","previousCounter":0,"rootKey":"TVrIIB20zDDkeDemOmfxEG9TrQKaCFqxYBHsYNTJxus="},"indexInfo":{"baseKey":"BWVuGnYdnL6gqkhK8qiIQL6eqL+DgHm98nxzFlDFO5t+","baseKeyType":2,"closed":-1,"used":1702289546107,"created":1702289546107,"remoteIdentityKey":"BRE9/H28DJbin1PIhJpvtxe1a9AeLzSev9i78lxg3qxn"},"_chains":{"Bc+FsHTUvwuFogqWLWUj3tenvv06L+JI9rLejWi7oIx2":{"chainKey":{"counter":1,"key":"rhNTQDxDHI1/mPIXFxTc0KUQz6lSop2nMQ7O1R3DSzs="},"chainType":2,"messageKeys":{}},"BdtRm9taQ9TUo+/Zx/qNfYBzl+pot/A0ig5D4MESMipp":{"chainKey":{"counter":-1,"key":"sGRvf7tMiI7ougKAPGu/b/TC0W+qlgEvu3oW35uqm7U="},"chainType":1,"messageKeys":{}}}}},"version":"v1"}