{"_sessions":{"BcXx7NMnZq2KBkELALRv4/9nZsRMQ6M5EyKPhVxUGSE+":{"registrationId":1159417926,"currentRatchet":{"ephemeralKeyPair":{"pubKey":"BSRMtXdyUmXkyXzgTpKuuzF0Y4yOaYkGD9noMht67hEy","privKey":"GIj3/DxB4roo9aANNnOxJzgjzIQ60AnnKlnkeJHuOUY="},"lastRemoteEphemeralKey":"Bd/LHiaOVlfhwxjbZad5PnuwCZKfqvrDZKYAHGQ1SPI3","previousCounter":0,"rootKey":"4OVoQVXOV2eXY3+Uc94uj9tJwSjeq94gSOKCKY5RNlU="},"indexInfo":{"baseKey":"BcXx7NMnZq2KBkELALRv4/9nZsRMQ6M5EyKPhVxUGSE+","baseKeyType":2,"closed":-1,"used":1703498801266,"created":1703498801266,"remoteIdentityKey":"Bfi7lHuJOJEiqRFQiuLzBcii7XZy5r7ES/28BWZng2pO"},"_chains":{"Bd/LHiaOVlfhwxjbZad5PnuwCZKfqvrDZKYAHGQ1SPI3":{"chainKey":{"counter":2,"key":"efzOoAT0exbFrg/VkVti2Tty5Z5jGEbbpaYXxv3Ec+o="},"chainType":2,"messageKeys":{}},"BSRMtXdyUmXkyXzgTpKuuzF0Y4yOaYkGD9noMht67hEy":{"chainKey":{"counter":-1,"key":"KN28nSq5HMIG2tcFazGDAn4zL1qMRI/AWDBJZkVGPGc="},"chainType":1,"messageKeys":{}}}}},"version":"v1"}