{"_sessions":{"BU4iJqtHeZbdE3YMJbqC7yDmUhLfFWc5dzEvcC4iOWoP":{"registrationId":1973314168,"currentRatchet":{"ephemeralKeyPair":{"pubKey":"BX939SeMxfWWn72XBlziySylIl/Y/e7g2Br2ZA/+alxB","privKey":"gALpsAmPEfPEDS5jg9iMNX9uo1Wr7vVnfHnLf6HbJ3M="},"lastRemoteEphemeralKey":"BcH6plQsaWCIUhEDeqPiV9uICtmdnecMFFKSp0zLCqVv","previousCounter":0,"rootKey":"1WYbu8WFmt7lLu3CDq8xFrFdEOTY5tMJFsayKVVqCM8="},"indexInfo":{"baseKey":"BU4iJqtHeZbdE3YMJbqC7yDmUhLfFWc5dzEvcC4iOWoP","baseKeyType":2,"closed":-1,"used":1704752386359,"created":1704752386359,"remoteIdentityKey":"BYBtIqIu4N4OShmDPsgUVzv4ElbqPLNIOtJNTS6F5AEo"},"_chains":{"BcH6plQsaWCIUhEDeqPiV9uICtmdnecMFFKSp0zLCqVv":{"chainKey":{"counter":15,"key":"U339vdH1bpZKdRpQ00Vu4KDhhdNpg8Mf/i3JbZWO5ek="},"chainType":2,"messageKeys":{}},"BX939SeMxfWWn72XBlziySylIl/Y/e7g2Br2ZA/+alxB":{"chainKey":{"counter":-1,"key":"cBdCYKlKAEB5uRSDslzwKlhSgSuMV7FT0UtDOlgps1E="},"chainType":1,"messageKeys":{}}}}},"version":"v1"}