{"_sessions":{"BS6kA6o6gGF/8gHRwwX/jyA+IdrphbgH3DQ+NMqZ3uN3":{"registrationId":2052400921,"currentRatchet":{"ephemeralKeyPair":{"pubKey":"BZTWd01fLSl338ToDOuetPKeWdWhhIWnen1R3U+D9zBu","privKey":"qHt+XITvlMJT3+s4Muk2oPwWN5e7ugJVY9pO4HBwDEQ="},"lastRemoteEphemeralKey":"BaPtjPQ4/Br86P9z6QGoTAvaVRV9Lc+Lny559aIFfWZF","previousCounter":0,"rootKey":"GPtKIKrK0Xa99KM3I5vZpPvue5piN1dW1eQVOka0mH4="},"indexInfo":{"baseKey":"BS6kA6o6gGF/8gHRwwX/jyA+IdrphbgH3DQ+NMqZ3uN3","baseKeyType":2,"closed":-1,"used":1701642107344,"created":1701642107344,"remoteIdentityKey":"BUHvyJzFxKgpgStpjWfEIQEgxNMxraijJTWbqWyRQUdD"},"_chains":{"BaPtjPQ4/Br86P9z6QGoTAvaVRV9Lc+Lny559aIFfWZF":{"chainKey":{"counter":2,"key":"Xh2qORtAHkVevA7DepWwYG89KVH8TcSfCgqEVJEa+MA="},"chainType":2,"messageKeys":{}},"BZTWd01fLSl338ToDOuetPKeWdWhhIWnen1R3U+D9zBu":{"chainKey":{"counter":-1,"key":"2lFLPA9Nr9hjeM5yqG9ngbU3evpzodfm+5yh6LMdfQg="},"chainType":1,"messageKeys":{}}}}},"version":"v1"}