{"_sessions":{"BWa9EVO/kPPXkSkEb7OQAZ2EGlwpHNxKqFqOfpa0j75E":{"registrationId":432401590,"currentRatchet":{"ephemeralKeyPair":{"pubKey":"Bb6CQRok4RjOtH8XTyBalFsHE7EWBOX/CrIRo5uylykQ","privKey":"+FG4xoUzU52cxqrs1ajeJTMXOOTyvp5nT5xnWCR1nlw="},"lastRemoteEphemeralKey":"BQBOJA9PypAE9K2wgPkP5vk2LrPUsmH9Gh5SCH16juU8","previousCounter":0,"rootKey":"UATygNMua3HVL3R7+7n1g2ur651Jx6xQsRlHkrWwHsY="},"indexInfo":{"baseKey":"BWa9EVO/kPPXkSkEb7OQAZ2EGlwpHNxKqFqOfpa0j75E","baseKeyType":1,"closed":-1,"used":1700703832943,"created":1700703832943,"remoteIdentityKey":"BVOY8xaZl7QPvjwTwj0I8ZyE5V/iOxumMzJmtLEHyQFO"},"_chains":{"Bb6CQRok4RjOtH8XTyBalFsHE7EWBOX/CrIRo5uylykQ":{"chainKey":{"counter":2,"key":"nGUDy9m8hzX1tzWkiRXPQ7svJQO2JiI36fb0RX3hAXY="},"chainType":1,"messageKeys":{}}},"pendingPreKey":{"signedKeyId":1,"baseKey":"BWa9EVO/kPPXkSkEb7OQAZ2EGlwpHNxKqFqOfpa0j75E","preKeyId":4174025}}},"version":"v1"}