{"_sessions":{"BUMBB6s8wziL6DkWW4LL5nCP99Ypw4qzgQk3aCXgNbwh":{"registrationId":118,"currentRatchet":{"ephemeralKeyPair":{"pubKey":"BQLGn11/phZ+BhWAc25GiGBEqsdlXLrW0JJG6vam+R5z","privKey":"eMkgIhC+AlrjhvPLCnxIJGRXzhyfdEFe19lox1vm4kQ="},"lastRemoteEphemeralKey":"BU0HN4AWZBJZzuEBrhW0mq+E92sSLHVqcS7ZCWSJLMBz","previousCounter":0,"rootKey":"pgoTzy+PzFC7+GSpf0ZzFnKknKUSHzZxpZKnNC4MTps="},"indexInfo":{"baseKey":"BUMBB6s8wziL6DkWW4LL5nCP99Ypw4qzgQk3aCXgNbwh","baseKeyType":1,"closed":1701155832850,"used":1700703832882,"created":1700703832882,"remoteIdentityKey":"BX6hUsnyexSAm24muok7QMQ1/QzzpbdscpTr5FpDebpx"},"_chains":{"BQLGn11/phZ+BhWAc25GiGBEqsdlXLrW0JJG6vam+R5z":{"chainKey":{"counter":0,"key":"Kna8M+M0cWUYPrzE+kt3K7OIaxOZBEY3yK3DO/3BM7g="},"chainType":1,"messageKeys":{}}},"pendingPreKey":{"signedKeyId":1,"baseKey":"BUMBB6s8wziL6DkWW4LL5nCP99Ypw4qzgQk3aCXgNbwh","preKeyId":153}},"BfC6BDsZqSxf0rVWYrLcgjZM2ohcLoIDY/R2AwlARP4R":{"registrationId":118,"currentRatchet":{"ephemeralKeyPair":{"pubKey":"BcOdBGwNIm4jw804uVf7Tl26w0FEBCREglGc/4A6w4In","privKey":"kEt+m9kiU3IAD5vIeu/Y2q2BDZ7P8COrmZ8CQkRe32E="},"lastRemoteEphemeralKey":"BaV3oF2FT5nuDlNWWNnDhPJG6OwwQLKof6gKbGG7Ed1m","previousCounter":12,"rootKey":"XBbNI1TLLHBzk3jSRmegKkH5A5ASCl9LcxG6sBjeUXc="},"indexInfo":{"baseKey":"BfC6BDsZqSxf0rVWYrLcgjZM2ohcLoIDY/R2AwlARP4R","baseKeyType":2,"closed":1701209920715,"used":1701177611806,"created":1701155832875,"remoteIdentityKey":"BX6hUsnyexSAm24muok7QMQ1/QzzpbdscpTr5FpDebpx"},"_chains":{"BW2GUGh3Yx4z/EPeNSxv857YqCibGNXFIn5/wTwebNEw":{"chainKey":{"counter":182},"chainType":2,"messageKeys":{"3":"yeOkFDhF9NQFmfnM+HGYhNFOjbJKaWSsWT994frWrZI=","4":"eFccWLVfaHF2yHeNWf2yWCleevHRsQnCZzMCEE5p6sU=","5":"l1Hl1kAFEkoa0VFBGBKtMle6LYLtIxlPuZWGe10qy/A=","6":"bJkj2aoq3ObSjSifXWo6Z8rDqb+XFDNHcTk3o6GeWp8=","7":"W4eP2xFwHr88rg/i8uPG8Rg3/KZSg6eU2RfZLJcyrEE=","8":"LWH0Dba7xCOvO+0wNR9BdR5oGukZ4eOCV7NaxUKy+1I=","9":"i/XUJW7TSvHeYBmspug8gA8JFvsZK8ZNbwFnHeXA++k=","10":"nUAM4c7TKIIVKekqY3tq+l5YJrCqWlL5vbGkcVcPD+w=","11":"RdEOStAW6HLk0Kl+i1ioXhEixNO9bEkkKj0aO23t1oQ=","12":"xRT80jFxYYnvUVUX2s5+XXO4xf9i84+9sZqIWEBzJ9A=","13":"PltMo+aqL9281sqTMybzbWPuxN+244k8QjQ7JobB83Y=","14":"77TpvccoCD3y1VnkV0xl92m4LFpPgBO8Q59I2TqqYJg=","15":"FKEvgyvhCDtP/I9uFAWm9YFNm+peCgqJkzvYLPA2H44=","16":"D2RwKTZeFbBUub2eQSBVOK9sv4Bhp7Ot3SJiA8EzWaA=","17":"1/nrKhVcuJ8erLVGVC1K+fJaGL5l36mQEXGStW0jE/o=","18":"+Dn4z+ack4GAFKhutMr0KxGkdn6dciOHgjWY5O+JaWw=","19":"ZHOJ79ja9l5YtH5BUeliMBD4jUM7vq33H1iohpST7jQ=","20":"vahrB3OFog/JoXoUb/pgMOfFfEK1qQfacepr7wrMu8c=","21":"I+EoeueknIQyGkisSqxKZ0k4AHaSMVcYnSsrFd+rqlc=","22":"UoX82SaXju6b3jmdS+MD8Xnfn/3VhlFhAYM8C9t+6V4=","23":"rbw1wnlXZ9ZRZfFlKcAFpm/o0qPrEAh5CiGiU+qgP8I=","24":"W0CoRCgMRzMjfhj0EsBIBOyHnpM6CY5hhIMe4t2RsVU=","25":"aTrlIPm3f9DYKCxzfmu5JkDvt2lKIvzvcS0jeHdTZvs=","26":"BdfgHPrAn1aT1b6HTb/+svBhnWESL6panR12Ely00pg=","27":"5QBGvRB/SUq9tzRaE2WKFDYJW4Aut/e2Cyr24zdaY14=","28":"pSv1c3Lws/pA45Yx/8RXIqfZ3JoRzepC7fJIbgJqIU8=","29":"fZuPKkqGyaT6q6PnNPGOp3NxHbJ3MdAjglV3eUveq48=","30":"f0BjxCJw0xxUYuFfq6q2QqmNNX4pGhXYJIKeUiEhANU=","31":"g8CRcA8sw0DmwoeJaZ061TdgsOgADSqR1xe/OhHyXik=","32":"QnTjM2mNjE+uFKRCwGpBbYgcqBf4285ajA6vxsJLO8A=","33":"/2YsTdLEVWqBDIVUA4ZpeCOhBlvQnakatDpRmsU0M88=","34":"1sVCJ++DDlWqBX+oG80MdaM3cCG3EspEhQVmNK7++jQ=","35":"1Wfxlz2bbPtj799KDb6GV6FpjtNYBXEbdMZSXCT5w3g=","36":"DhusyHg02FsgfQF1J6zha0dnkj/gs36e9WX7dcmN/aE=","37":"ToE6g+5wMGm+xHPeh+FcrGJr+8GxTOJRouBmlQY2zXM=","38":"RmO/wtIkq/DnuDRVxMyRdtuGPpoaTzDqXm1DFftcQqg=","39":"JlQpwmc/s9w3OI5ll86UwAcbCAGGYyErPBjVr5+NoLY=","40":"ZczztbRAMe1Xp+LXbFAMJiTpWegWPnGTNAZw/S+lsAE=","41":"sa1Td3uJTBLdIMhWKKC6o8TGbhuxqOejsD1WbxqsWYg=","42":"gZAwjp3LZBb0UaIIeyTO2m9nrbJ3sSdkmhBRPjgjoxs=","43":"hOt9+fw8GPjfbWJsCqCIhpOYbfFoh0raUWjOwkK9vI4=","44":"+qc0Zf4RAJuOeAGv7nPXxt8vQF/OuXOLPUmFfhgxZug=","45":"9lTz2M2NY73g0PWMAEKfaRQJLsosgf3G63vF2oOGv7E=","46":"2kgQc+2/gP16nww3np6lPZ3oyNKU09jZh/CpexlNiMk=","47":"/kZ1nNXKLjWtuDTt47SW8bPkqnJYJ6ce13quN36C984=","48":"sWfCpCGr4n1W1SqjuXwNahFWbzKq0YHamWFVBArTCIQ=","49":"oHl5yUMa+htvQxwIFI/44JFTDCJcrd/6n6+4BnovBqk=","50":"XqNvd4xjIw2Q5lDgQYAo4nnRyK+kLQjPP3+gZW8pYTk=","51":"OfuT/uie7PEHEssSA1ANv79nbIq5gftJ/lXAAWXZB7A=","52":"oZ1ILK+3cyXdbhgJtIuA8nThtWizjDfAto7SZyA/5TQ=","53":"GZxy3CvEARhTUwUkS3ktoTvt2sv0r4K3AkFqhaqPWqE=","54":"yBb+jPzhLwCPYFESnsWHdTDg6cJ66/NpseOXBpZ2odw=","55":"+EVFEzkWEah0rGxnB4Oa6CZwFR1Qrn5GwWPZd2/BQZU=","56":"X8xWmyCnT1Iv+YPmAlNB/NLAk3CLH3UN7eAadbb3Xdw=","57":"hkMaNufPg7Xg+7WAMG2/83eJfQFtivPH+vvEl6tupxQ=","58":"GPdsS3b2DfhVhK4WVzlusYpyQ/jo0S9hLMUWRqkEB6c=","59":"3EI7vzwHhJXCysU9gPoGm6JDrcqIdsTuA8IEiQs2pz8=","60":"NRte8/4cYOD4FgeGuuW2GIj/CgDFWSv4Y0L4j3Smsxg=","61":"s6ujHUfzDiRROSV0OM685cRGrpxHPBd9YqCSO7wik2Y=","62":"NsomDvdgAmg85ygsUxc+ev95c8SXXj+wyQ7rIy23mvE=","63":"bXD0JdnDFk2FvqRCbQPfdDDBbue+iESLEEJvrdVczb4=","64":"tATX3w+6IKT9G2HahfPr6GZM1JeK6i18XD5Z8ZduaHs=","65":"K+oB4bO+Cqf2dPlxfMFttIVSTEoS3KLJyoEsbeKBwMA=","66":"3pAvMVFT92EWzj5EFwBByKVLoDP4iJKXSFJOyDZn3Js=","67":"P0T/lAKeHT6mPYnCbTArkhaSN+tapSYGiMma7jG7OjA=","68":"xL8Ijm8eLfv1yh2TcK5BpRf3FqlbP4CRSve7iQdpcBM=","69":"a+xFiw3QSVo/Vp24G1MOlWH1tkaMiZiQRnd27F1+KfE=","70":"iraRhjwmBApmqFOlXxZGnoETGr94stTrOgnEezgMR64=","71":"6IXep0jQFVhqcf6cXpnr8IkcIfIFXvRbVKnn0VcXXH0=","72":"bp5XDv9HMzWrSw9I6uOmc4cGadnHLQF+/E/zA+lE3MA=","73":"1gtO34bmHpzJDWaj6UvrL7uC8no40sxha010yvstIjA=","74":"rpbonrIPIWP8tL7hhzL4HkSO1k32suYXZNZo/lcBed0=","75":"HoXSI0djM3Du1QhQ2863klr5tlKbJOHjVU835Xs03H8=","76":"XAu1QIoJXiPslb3QXZv/Wm+NB3SRQQcYwH54WKF9Olw=","77":"1D7gFt30XZk1xX9qDhYg25V4hLGsro0h3dYD2wf9sq8=","78":"9J/pPg0rbIYK0SyvVGrFa+URbKHK4tcqJIVV+kgkVDI=","79":"o1z2kqfhstQQ4835uUFS0QPXmXqHtfdTJ79C137uXbU=","80":"OgBu2PX46Th5DQjjCTip5lG3aP20OToVLMMD5EzNuMY=","81":"9N+E7A8zr8gIOuVKRfII3bVEeDVJByP/Lf2lEPS+XBw=","82":"JC0uQWGWF5KXxYoJcL/aVi2iPItgHFZ/V6iCi7asGRQ=","83":"VFwcynxcLbkCtF63ZUaJgXn6HcS959vdBR3XUNJyeiI=","84":"kfKXW6NrswR/6vM7u0Tk42qdpv++tjEDlpSADUSJuKk=","85":"xbuXiKup/07+g1QTaP2eFV+mF2Gf5MndLI7AU+rSdoQ=","86":"OymDkE6Oau7GCcRPL3LeSCAc3uswKhopXun5eLoUCwY=","87":"OkrOUEQDMTU0x9AWBTDYSZn4AwuPhwsyPeOTERGOzek=","88":"PNokgptW2ysMqz6IIYsKVQ+uGaqru2JouWbGQqTMVYo=","89":"T+dHjtrS8A4NzLvuJ+Woy/muOZY1Vt++gaserzx1klc=","90":"9oQhPWJPk6nhsP9yApshJ/JIC5wwhQwmGDx5jSrm2sA=","91":"zRN+VDDxO2nFKUbKcHhVYwAWFBo1DjZsBeklzbn9tk4=","92":"EFypGYlW3Rn/WjJk43bxh8C0TuX6qNmv3Us+IxdAAhU=","93":"is0LA+ububz400p8jmJZ3h/WCHlfpNxHBqwBXn//uHc=","94":"otJQsREbapGbKHbOr6cOYAcQJM52qGzggAO2XMdXzfc=","95":"eAUtOnu3u3b1uGxq3z0+L1Ms4d/aBQajTWUNUszsiHc=","96":"/HcGCqTHgmEXq2I5ItwX+KGrS20yAODHahjbjLs5gIk=","97":"0KN3gbGiUzEwRvamnHZdXZBriX+25vjyI4bdrvOFksk=","98":"3fU6T16czO93Zc9TDvGw4Jw3s3xHlAUpef8DTPa4VZo=","99":"bFwMoU4XukfpxmcOkRjIgYVFA4frTgPPq5vVpHMzUJU=","100":"6Rk1Nsvdln0xRKTOXtNjnYkvG2Xwo1CjWrR+2bnIUb0=","101":"8Vc1QwMu4ENiI1mUZ4VPU7z8KaP0xk1ySA+hH+GyZ3Q=","102":"tUsZiSMhzmm5YNG7nHogUF5jRn9FaPO3jGhoV7vthPs=","103":"LsPDcLRALhdLPYzzF1uE71JZAo43aGMQW//oWMVAU6c=","104":"LC/syQYj0BZxjrNrFN1jd9g+d0OQ0hBwMu15Aa31RGE=","105":"Lu7gMUkW4Sjy+AzH/TTj1RXLtBvOAs5snt7XOEV3pS8=","106":"KMj5cZ4W0j0hDZxSeff/1uuSJluIiuo7cQ0eu36JGoU=","107":"TpkOeBbkdIuLlWKtqM6ClGXTkn4e2JGSLdheAfw8r0I=","108":"T/MyaUFJRlYlmEuHULQiWB7EbJjOK73Bxd9MoJLOJKU=","109":"I8yGOmaudjydM402I9ZorO7vE9EueGpCweqpFVFu5qY=","110":"8mXfJ6SJ73FIk+odJBcDcvFfPUBYFyJjVBQhayZl4qQ=","111":"mDIYsZQmGl5FrSZTg5I9/BsC2f9zdyRZlDekF8410hQ=","112":"sPl+R1N2/mNkDDbFAYwc9i9OhT8GtNzl2KNn+Na7diw=","113":"3w1LmbkGuJxAlP1X++1MqIix3fmjMhS5970F6I88p7E=","114":"BA6faAzJ2Nxy/EetgK5B3BT1Zboyu0aHwb4yaNRZf1A=","115":"SNKPTZO22E4Z4tR5HG5VVFM461Iq41fI8TS7ToDOL8I=","116":"7WmEMBBDuym/G6swTYk4Va1TuDHJKwAF5rieNEDehPs=","117":"lSh75YB7u6zUyOrhL96vXEp4sJUp0pk9S09RY2DcuHA=","118":"sBNpTbAZmU9v7z2GDl/BksgzxdALWiUGDdQ/2LvD/Ik=","119":"EFbtSUd8ifnO16qK6sK6qudSStluBo8a6b+sCJdDVqc=","120":"N5RaVH0+uNBip7kT5X00STjtuTvT68GdsFbY0psMINI=","121":"o0d9TrTn2RlFutCgUQCCT/4+oPVFip2snQJFWtehZl8=","122":"K/8DfqXJHjEOQb3ilnGCcrXLD5Dc/A0ZaD0yb5cWNLI=","123":"vVpiXcTW6rJ7x37pxjX9NSXEzm723+x8ZD8664ovlEo=","124":"t8sjV2G1vVBS+rqYN8UiNYurRbg1fDFT4zv3Htrjloo=","125":"OQOcEoDCTOTEsVDN3sTAfLwhtOjGQSBrZhPLi0/jbiM=","126":"ZCMMMGS7L6kO0BBAiepc0h0w1MqYo9s+9VTGdtjhZXg=","127":"KZlC6kq8quIEj0Cw7aRaoRQ2+HkFv+DA2htqqNAifnY=","128":"z/4vc7nTpUHgaOcjSFg2CpPmDFswyWfa5Fj8hKk2s4U=","129":"i9cSa5LiidNX8lJSkteALLc7Zhbj9iKMECWG095ySus=","130":"C577AAQk6QCVCvoKJJcAPgeDuZRMdwuuHaIjfoDrgQs=","131":"vLURzdxKMvy7V7BUPCxYf2rCmwx7grWZgN9SNr56CNc=","132":"FgEbJk/XvDAVcFUpQ4mUvFLx6ZoUdUUS85ZMn5UOWDE=","133":"rg84HhMSLI2cS5NDDnAr8/Jw0meBdECADnCHhyNKzbA=","134":"S40F6t8hMN98snLDRBH1CQ8Mz8iRnQ4CD0efkTYEP0I=","135":"1tQeOOgnTIylmJZhvfWUMLn1BXo3De9DFyYexljNXRg=","136":"AlHRd4pa34elwG0u2JmJUY47K3zxG3zbH7QFw5iYfCM=","137":"RhKMfilRuJo3KiOBFYbufvuk/F4SKZ436S/bylO8GcA=","138":"lWTO2A9cAmBcPGuH0LSC8j9LGfizenWRuBO8Qlu33ME=","139":"gRT+RfbiN+S34eJpZPvzCKVnxmbtd/RyuPLamHZMGB8=","140":"aQ5pJ5O5iFxfSmZDsviphNtSZM3nw0fYmH7hrEwmLNk=","141":"B6B6haE/dGbCc6z3tHNqXCZhq7QMQDVpsb9+9NWXMxE=","142":"n5yp+iBx8Wmgsz3gJURA4t5XNVAVi8L1gHw1j+i/9Y0=","143":"U+xt2G/CF2Wi14JTL3fBilKgGAIUccwGmVl5JK19s4g=","144":"5ipAc553vwLpgEEZIz99ZFz+wVBSyyPNNtmvsTrAAqc=","145":"HZWCD+R0wNwUPnIb0N7EeZXgqQOy0+6DF0VDYL+GfSQ=","146":"g7FIQhiKkBTHwHHWm9aeCqm/qYBtm05B7qZEVKTX+g4=","147":"idynPm60VIFxLuGRoQdpxDEbt3PeJNFdNCaiuHBWnuM=","148":"SHslDqkUWY5sBevg8SDkAEtZsf/gmflGqHDJ4aa0JXk=","149":"Erxv16l6hQsVaYoUQmaQTaNjyNpZJdx9UJFHNAvV29M=","150":"NHmZSP29bSivJ92RUyxkIFyiidiqQ7Ubm/bIgsogsRU=","151":"RiqaAiGf2m0t4ivK2BJUjEBEb1UVejnelpaRZkXgBjc=","152":"qC+6XRcEvJm/6S8ZK6i/hJDsfuTxcWg3jiIT17ESVSg=","153":"RK1031hptXjQWD3tqwD/cScN44xbItxg+sxN6Vgb1BU=","154":"V9KtfyMNtV/ppzDBmPXaj2Tthc1mV+BhoZXB428JI4I=","155":"1cY/ySmP0xpJ3wGprOxqMNHENnNthhQ0VtEYGbqqobg=","156":"mT9JeqJ+366whYo0OPGcaSqndE5LgJj53CFVBGax+IA=","157":"s6aEEOivR8JjtAQJILxglXvxYYRFCU4dRhPd9MY86B8=","158":"ycpCl83diTswFToSQFh1VZXOyVprB2gJyrn35BI+0nU=","159":"Uoqp1Lk49/8dzxZGJZI3siqWA3oG8gxfWlgCPsRTiHM=","160":"FoeViukZ/XDkooRAPYQVN9LMB1dp7mTSdiOoeh/LATc=","161":"o1YJ/P2UH/Fv6sEorcP6KDy9gZJh4Jbp+jhbtErBsDA=","162":"1//hAevJEeUcICMN2+/YSvIuwDnIkkWBvF98hJ5H4BU=","163":"BgwM/LxGtxXPyYeQYSmkMea1yt4/FqqU3YnAuS5a49o=","164":"q2aJIsyqGyHPDC/VxCOTuGorZQP+e4+1aU50ki3469Y=","165":"Ax+dlEPtRujz/K9taUp+D2s95B4ETo7UlRxeGGCQajM=","166":"RcYeqsK8C9WY/3idDFI7xS8jbbWhmdMMTiX7btk1vbk=","167":"mn1Dbncb0gqzetOOnIqARBgMQHTHw4MayZmOLy60vYw=","168":"TyDTr6Qf7xALqLZ2BLQyBB5fnrpLctJB7PqHdegykyI=","169":"ZKpF0QO5+q+tmkhtHDfqjXN4Ghyid+D6H3FAu4qwMA0=","170":"GVPPntkhbK6t4yEAZbpuPJO1B/2NMuJDFAv56SsUMvM=","171":"SW0dx7YVniThVrsaSp4XOkHwuxwH++NKKkNBodknHJg=","172":"WvsPJVRf5r0RZRFg3wnR/R8zpsol0bBVSDtxAQDcIDk=","173":"kq+hLZhDt/R58PKic7B9jMZdUDx6+I+wT0InPrLBfTY=","174":"vgA5MWI+5heb7n+gEqKcVqqPRTaDqfTB8q8TirK1F/E=","175":"4DzwfBjm3kDdHzGRWk/m4LpLxcrHU8s445rvH3E7HlA=","176":"pDjDZSLTi5CNnCusop0PEK7VfdI0tJ5D3qkPk6SVeFI=","177":"yn/+BJC640DjO91H9yozqo0fwyCSTcfzLBG2NP2YYh8=","178":"ZicIWEdDi2XRDvdlVL/h7/3P3/+jbtlx4ggU+gitgTc=","179":"ZW0rmYea3JFQuVu1fLR90p4xHvXQazWI1yIZ5j7Z9NE=","180":"5urhhiBuANeU3sNK0i+LcdpfPa1Z0TYvTmpIbdYnGmA="}},"BQFAEONk9Oc+I9/b0aKPi17s+BvLztocK/4hi5lzAL4E":{"chainKey":{"counter":14},"chainType":2,"messageKeys":{}},"BaV3oF2FT5nuDlNWWNnDhPJG6OwwQLKof6gKbGG7Ed1m":{"chainKey":{"counter":9,"key":"UEiTPUjb9ewdtVDQpqLQ5L1D+yXg1z/JKJGieF523BQ="},"chainType":2,"messageKeys":{}},"BcOdBGwNIm4jw804uVf7Tl26w0FEBCREglGc/4A6w4In":{"chainKey":{"counter":9,"key":"kllQmbAwetFLBmuX9gLOg0IYSn2/zC+/oLE4TSrLt0I="},"chainType":1,"messageKeys":{}}}},"BeDfRMldQwzejnbTkfOk7ZFiaZNoc+5D5ZRwhTF261gm":{"registrationId":118,"currentRatchet":{"ephemeralKeyPair":{"pubKey":"Bc1AwrY6Iyj7j2MXaCAPxdUWprpTLEYMNWYkr7VbrRtn","privKey":"8LG58F5Dm8ar2o/DjLRGrLvyqGtHvBTn9LdzSMoE/k0="},"lastRemoteEphemeralKey":"BeTLrZvTjldS/NgxyQclhOYCxq2jRF0RTkZ+6j+PN/x1","previousCounter":0,"rootKey":"t22l76iIIiyaweZkyfcu0fjKVyMi1fIxb57ogiYmK2M="},"indexInfo":{"baseKey":"BeDfRMldQwzejnbTkfOk7ZFiaZNoc+5D5ZRwhTF261gm","baseKeyType":2,"closed":1701487286710,"used":1701332584132,"created":1701209920748,"remoteIdentityKey":"BX6hUsnyexSAm24muok7QMQ1/QzzpbdscpTr5FpDebpx"},"_chains":{"BXv62lJq/xS5zIkjKrxbn0/saca76O7HvpC3ZgIR5UAA":{"chainKey":{"counter":78},"chainType":2,"messageKeys":{}},"BXkqPZW7/IVgqqPGmkca6jeDMA+bxcCo+5pVY5YWnf0W":{"chainKey":{"counter":0},"chainType":2,"messageKeys":{}},"BRFsf79ktPeRB3xeK4eEkUTP3uX8smEhPWt0TG7HoO1Z":{"chainKey":{"counter":32},"chainType":2,"messageKeys":{}},"BfYvR/OiQ4vxv0N4im5uhDiNh2YEhgU3AnOk8B54ewdj":{"chainKey":{"counter":0},"chainType":2,"messageKeys":{}},"BeTLrZvTjldS/NgxyQclhOYCxq2jRF0RTkZ+6j+PN/x1":{"chainKey":{"counter":42,"key":"aBln51wRzZxxnQ58uXV4n5RY5AV5b6RmBvTX7ULRrUI="},"chainType":2,"messageKeys":{}},"Bc1AwrY6Iyj7j2MXaCAPxdUWprpTLEYMNWYkr7VbrRtn":{"chainKey":{"counter":12,"key":"YxAbfvzneBgxQ9L2d+iRxjw3EGMO0gN4CnNLNp0j8Ww="},"chainType":1,"messageKeys":{}}}},"BVtvTRZdKXwW5bOEdGeZPfbv/1IoK2SzaKUsHmsmnvYj":{"registrationId":118,"currentRatchet":{"ephemeralKeyPair":{"pubKey":"BeTmUs6XMNXn+10k+sNjAK+rtbz799rCOVag2n0+1U0e","privKey":"+C9l13FptK4fiC+y9nz0U9jL4yek9D0yj6oGY7IYbWg="},"lastRemoteEphemeralKey":"BY3HGUbSbImWcTCCPT/jo1FHcELzMxoeR7vQKv7h2P8U","previousCounter":0,"rootKey":"GAWbcPhm8rOJavyPBLBoDirxtdBrAPu36KvI9G7B20s="},"indexInfo":{"baseKey":"BVtvTRZdKXwW5bOEdGeZPfbv/1IoK2SzaKUsHmsmnvYj","baseKeyType":2,"closed":1701487287211,"used":1701487286738,"created":1701487286738,"remoteIdentityKey":"BX6hUsnyexSAm24muok7QMQ1/QzzpbdscpTr5FpDebpx"},"_chains":{"BY3HGUbSbImWcTCCPT/jo1FHcELzMxoeR7vQKv7h2P8U":{"chainKey":{"counter":6,"key":"P0W2Hg4iMD7suFJH745KYZqS2TYvx+1RDsgAy85Id5I="},"chainType":2,"messageKeys":{}},"BeTmUs6XMNXn+10k+sNjAK+rtbz799rCOVag2n0+1U0e":{"chainKey":{"counter":-1,"key":"ug8HnkcZ/Jd4PciJeLWhQxU8LgGrXDKBDxqz3J42i0w="},"chainType":1,"messageKeys":{}}}},"Bb6WoNCpWBaeCYcILtrZyOXElucTRpb+homqNJhpdXY1":{"registrationId":118,"currentRatchet":{"ephemeralKeyPair":{"pubKey":"BXn/E8iAcEb87vK+4dbkrAFzmxhO3JaTVKpmmD4ETz4T","privKey":"kF8Uflr8wy+c9iGEl8oxF94d1gPpJI430o+TK+Zbe1o="},"lastRemoteEphemeralKey":"BYyLVdVi9InUW6OdOPAf3w43nYGzEmxXVHnTNA0sS7oq","previousCounter":0,"rootKey":"A88hO72RU4L9JFNyMoWXWOb3Iw2HvD8dBG21ytwZe3M="},"indexInfo":{"baseKey":"Bb6WoNCpWBaeCYcILtrZyOXElucTRpb+homqNJhpdXY1","baseKeyType":2,"closed":1701487298087,"used":1701487287231,"created":1701487287231,"remoteIdentityKey":"BX6hUsnyexSAm24muok7QMQ1/QzzpbdscpTr5FpDebpx"},"_chains":{"BYyLVdVi9InUW6OdOPAf3w43nYGzEmxXVHnTNA0sS7oq":{"chainKey":{"counter":84,"key":"VCmjfiq70apwE06aafydj7aNKuCn9e3Nk6wFygX8byQ="},"chainType":2,"messageKeys":{}},"BXn/E8iAcEb87vK+4dbkrAFzmxhO3JaTVKpmmD4ETz4T":{"chainKey":{"counter":-1,"key":"N6fzBY5xfym2XUhe0723cykbjUvwvPKEDvOTCsGNXrQ="},"chainType":1,"messageKeys":{}}}},"BU0v/WZZsAA05oIWWFnJri10HQ8Zn0QDlDP6AcrYOdkB":{"registrationId":118,"currentRatchet":{"ephemeralKeyPair":{"pubKey":"BV6yLYElhhYjyO4213vkPmJj5zi4t+oqMic8RoNt8fAM","privKey":"EHwJ8HtS7QqhPjiLkbrfhpavGORdkavmsul0NhOniH4="},"lastRemoteEphemeralKey":"BdTfHRZg6DkWPYrnAG9WgKJ0uZFMhNw9gOmZ7JzxsOBU","previousCounter":0,"rootKey":"ZNGYhD8uKbDCf2b42cZu2I4YR6F6R6v4c4xjxVcBIPA="},"indexInfo":{"baseKey":"BU0v/WZZsAA05oIWWFnJri10HQ8Zn0QDlDP6AcrYOdkB","baseKeyType":2,"closed":1701489716225,"used":1701487298106,"created":1701487298105,"remoteIdentityKey":"BX6hUsnyexSAm24muok7QMQ1/QzzpbdscpTr5FpDebpx"},"_chains":{"BdTfHRZg6DkWPYrnAG9WgKJ0uZFMhNw9gOmZ7JzxsOBU":{"chainKey":{"counter":248,"key":"Dg7c0Us7+YiCk9NUlfFWZiUfK5/LENckxOKSPZABESw="},"chainType":2,"messageKeys":{"41":"UtZkBIH2eEB5c6FPKNGZ2nmVcgSTJLgUlrnxDdrpHXo=","53":"W+pXW3Art9ZujKg7bAkN6Ux3Il8PqvFkLcOVISFSBEc=","54":"LxYPuiYjpJ3sgwpz3Dq/Gd/jjgyts+4RIsfW56YQAIU=","55":"enelV5cJfbTDsuKwU3cXTYT+E2unh18nHRGu/ywtATU=","56":"qBZVAt50KafVlLwJNLRw5GzEuymFIAgjQSF/w4t5wTg=","57":"L6WHctJeWtfdT0ARoSYUzua3WbjW4m/FZP2HigpQ3Qg=","58":"mrihJJu/N/YaJQ1DQA0VEY96lfnNdyB1EVm8lhCFP6U=","59":"Bg1KeYIt9nP3/AXr8tB8bOPVcJc0G60wGu9/MzoRtnw=","60":"1y+j4eYWTFSvltV7n056oGp+CO3YnDHGvSi9tx0PtUE=","61":"TbsWR4oISzM4MLqB0ewWORSr8dCbrfLN9AWulBzO6as=","62":"vjylNsI7IryDgwJCr3cIoiWdOQcy4FFHVY7hOwC9UnI=","63":"lrNwkkFzxvQz4x9nDnI67A94fers22lDpwUoCg4kY10=","64":"FOOQuJTSNR3TWUQPRIt9iTq1HKAQFUvFSG7o3TIHm0U=","65":"GsNIlf9K4ErJ59z6Y+hGNa0f4dIxs94bnE6zVn9WRdM=","66":"C3bfmCmHSri0hSBc2iRGQR6ZPi5lmh67m90D5wzKdFY=","67":"hh+82SQQhVrvV0gxMSoN5Tm0mp/m7mAQ0F0fw0AfxkI=","68":"VtzODBvpIY0MFyFjnxCtSr0/ihEaZ1kDF04pedbeoSY=","69":"6Ga6X9pfHOlY6wvdrZ5P5Py94nkYF5vbkuBrG0Wb49M=","70":"H406uFBNw9PdymcXJt30nS7ZmbQIcl3SARCFzzE2Y6g=","71":"Y06ydgcuD4F/7bvuZ2VuzLf87pcN6JIOqT65A7FV7VA=","72":"is2mpYNZPMVUlfAfU9sUMK1MjURsUobLfAOuzDHdWBg=","73":"DAzSe11z7xMx+ucwAFjz2IdaspVDCGpvWgleNqQhheA=","74":"ccsiLSLuakkOCNSHXud81DHo+gzBhr9HWeM+K+Yzw1U=","75":"pKcj582Ktj7cLivpqvvAHJko7H/Cvb4RHzf62RnsQp0=","76":"Up4UdtgPLEOEFGYuldce8W84RdHEuayvQCeH72/agdQ=","77":"be4mbCernp/CJhxBLVSAHo36OBQCYdUAX6DMU0tBV10=","78":"Q+ipXT+D8jHcjpQbhYkrNciOE18SdmkXEsBIvQOANjM=","79":"xBU0UbqH8D8PW7I0IGcjqe+QBS/xQLv9cssMjvlGioI=","80":"QbPIKoj6ldK9f8vdXR0jFjgJRNNtirkDDWylSRiZoLo=","81":"cZnHl611ZnwZ2XUyxGRLy8ePkGTy2ZBpxeptfpYW5yE=","82":"5p5wmnAb6ZyN5HWi5r6m5n5K50l65K2bnoKaDVK0gvU=","83":"f1xnhjmt/n2RWjX4iNF+6XZJfdlQNp2j9r4veu5UnJM=","84":"UFqnJIpJMI44jN6kllcafANuuSVXYUcjQHCEdiZqSr8=","85":"L/YpE9avW6QLQKmPcSbx8az1sAJqaX8tir0Z3yFAzhU=","86":"ZVp5FKftwBdZ5377teoCxhYtxV2A13X6hvSfsQPjPq8=","87":"PEkwYOl6MbXAzJ1tNVIiIfmtrWMf4lQIcWXXnSaqdt8=","88":"9vFbEkD+T10LJ0kIAa1qB7fe+aegisXiQk/VCkAEdaw=","89":"+Jsh1sDpxSEeOAOf3XmCR0CXVdTpKvdFymDAdq4a3oQ=","90":"xMtzNKKzxaCr1mk6JKbzfGdmOk2l6lnWPNOdGo3KG1o=","91":"Akz4u2IwtpNsQR20KorX165z+eP3/o0sIOnDtVdtCMg=","92":"M1ChdsV/0EqmE/7Ph0n8M8g7d6j5+dp3SQ2OpQZ4SWQ=","93":"wTJAAm/93/sjILcl9Rmix6+SGe43h0TGPQGyCwQ8ipE=","94":"YrTRtalC9ULeV3HxTmJGzUg9DCrkdh0gyyBta2sw4Rk=","95":"/Iehvu4KN2cXn1D+lI0pEFcvJ9J03wxaxWJ1FqzB7Ps=","96":"sA6FQ7wYWYNCT3hGrkDxIfOc84s/t0d1P98e/4DbblQ=","97":"oSsw2QoUdmAfCCJdwd7Bwx04kUTuHkqK4XVGV6BFizs=","98":"MJgQBSBuAqww8bM+SYS2IGFiWpPhH+XA/K0PB0tJa7E=","99":"cNeVZ9zTzzDOvyjCleg39+KDJONLKahpScrC9bzNlnY=","100":"ompBSSYGsQTcLlTPk7assnJLE2eKhu6IhNYqcn28YJs=","101":"qmgOTMsiRKpys8xkGq0fqD7+57CtvBjR5pega3IHlSw=","102":"WGMDGX7qQgr681Fz/LZ0AftMz8qpsZnu9HBswLvnVlQ=","103":"tz6pdo7wq5UQHRXAKlG78hrrvyasEOLaiGrwLgBj0pE=","104":"6+Dz6iB9eGIPxWhkdU4u2m9GQJeX644TUbY1Bt5AoAo=","105":"s191e7fRK2hnOixAQ93NaEu8HMIa+xRL4E/quIKtiO0=","106":"YVhTR7uKcYHUDdDYKqDgmMvUqUi+0HlZCKoRYI33R4Q=","107":"+fI8mCPbrzwVTd01rZCc48NxwYGi0WsQiUqhVok5zgQ=","108":"QcqL2ytYVckiYY2QDWfoSVUfehKsRoAPQfY5re8tla0=","109":"c5qGcd5mf2e8QVv3+8/2G6Lhf9HkTSUSi8tYEd2WrWw=","110":"/Ddh0g9fX+zClwN8dbOmyIhZ23IPWBz4Vt+HQ0bpLAg=","111":"Zn91cbSxVN7x+OGKgng8eXGQMCosSx6n1SCDrsDmG1A=","112":"zubwUM+szTyIINbEEWEXMGiOotBMdVntLeF60pIbbMg=","113":"KcVyCze0+FJ10RzVbbu0I/DBP2AP4+2G3lMP/EOkLsE=","114":"i3NDCfFLc8p3sxJxFeQZiooQfDn8VkqccxB0jOclmtM=","115":"rptFiZHITOALfcW7xUomrPDtTN39A6lyIJ4qjxxAjCU=","116":"7HcH5s3ZgaAGHRIDSM2IfEpY/xhtPf5EdrcVnWP6nSY=","117":"44hzajDz5w4MsV1XMDlfF/h1L/srcBjxdLIJrL2zXXg=","118":"xEjd2PaYrnwuX4f0aFyMeazn4dM4Ezqe3f3p/giMcVQ=","119":"KWAeX71vycLVHg9X6o5AyMwxSjdcYLGKTA1qrTUJSnE=","120":"Cv45lZ8rO0/+Cgali41FJ5nDcgZCux7fn4AI0B9rrzo=","121":"eGOx1tAiX5vEwjqopID1X2T6EwlAJDLLJe0dbpeARYE=","122":"XFzLFVrp5lV+A6cAqa2ih9iW/h8vkPRt7wvpEDDd6R4=","123":"o7i9WOuyOxGg2Ukwqixi01v5XfbpvCAH9/OwNWoahFA=","124":"Fw3BdeAatQ2O25gdWEkVJWM8G7BEEZHvaEMO1+0fjMQ=","125":"09B/Dg+4cfR2cwSBaoaQWc2cMnQFYxZ/OSEcUevGlJM=","126":"TqJ+I9O5eyxFG4eosvCOC2J1qqkmHBaB4ZrhVaaSkIY=","127":"atRLmJwAA5baVl7h94gqTLaSiSG2LXpnxnUoxFaQVZg=","128":"cxeX7RLE/XFdYePt4cXAnlRCjHIMJ5eA1jCQr4/xge8=","129":"Dxm5jxo0QxWaJi+XvK8B1SUCY4xTACDpNBeITvVN330=","130":"xSC1DcTTjLBsc7NCjalhJ2j1T7J3vsPCaAtxyB57Rlk=","131":"VEXZn+OvZgw6Sd9ZHEwd1cSiuW1pmzCW8jkkOfZ8x6c=","132":"uLEe7n8lOmAqcmpZVuFy7MSbdLMwOsVE7Njr92KYdnY=","133":"7Imq/+8579njR3otuNrojXNlqO4casdlIn0hBNZERYY=","134":"vOpy+WteEJKotXQwYBuN2Q0iAk7Fm384sv2f/l8ff5A=","135":"qNuAen++FAUQmTFTSYy4IFeUgowZwbCD2VynW97kgz4=","136":"tuWylI7y/AQ7AAJTwd3Xgtn8dD8OuERsgicVenUlAn8=","137":"Ml1L51j+FkEOoCVxv2Bx+b129te+gIg+krbDGjbkEvU=","138":"bLtgIujAzOgXxijMSYUL8qGDlpuzmBSTc+4mwxFDOKk=","139":"XyeQ5TCb5Pz9zznnTOezlYYpplFOqqHC584Ndr5KfP8=","140":"afk2KTL/26YFLzdeUmrfN5onugDfGKBHBpNhmZqbryk=","141":"mq9rW9G2w3BqafPfpEV+QlTYwBipZcB/jB9a8kWy6BA=","142":"Zns7zcW00STEbLqdJOFamwsv9nIfBscoGZgAAzWdIfo=","143":"ftgFYROnnsFA7keC7GYZbrn3WQElCw5XRa90MGESIyM=","144":"qEiag8RzxnpzL5ROuj2eVXU0WTVcYEEXOlrNABRJBAc=","145":"UF0AHmQMVolQmGplPepUw0sj2RF16xk0F6BCWtQdoEw=","146":"tct6gppz5eSmL3gN37syH99nhn29Ui/ZwnHcSgeEJK4=","147":"ZNeG/FG/ZTeEIo7jHZNHulHLXZgiTu7IS/f/nAzPZHo=","148":"9N8XQJvgpI7yrZlr6PAI8SJFsFWx5mC/PbdVvbR7ZBA=","149":"IVpyq5ekDfQ1agDXwTj5pY+doUo2sFtphQSnGwd6jrw=","150":"ux+2DUTHoUj0zIsnXUKhrkT2oNRCHgipP8rZ2Osnyzc=","151":"k4ncTKcu7WEYXB82Ac9NnpsFgCSlqljS7dpZYvmsX2Y=","152":"N38DJZMF/mhhj6W6mE7ibouxcTPHIcloeh/cUg6sLVw=","153":"tKEq0W5bWgT+MA+xLxnCE+K+Q7vheeRNW4qofSYh40g=","154":"nBn365lsinpgdJzcX0N3pZPkC13HU6DpzghLv8E0WYQ=","155":"7xQckhA7ElBmUeazrMAaMrweZwA6Jlt8gTQT5SES/eY=","156":"Zq7FLo5TmeQKhGmnliegiBiSFHnCUc7tZL6EECaGpXc=","157":"s+QcmOJlkzsMxSPMiBkmUPRPPDmrRUuAhrzgBADuadU=","158":"uMMIt53/Bz2IMNs3u03JMLhC8+eHwiv+cdiqM5y6Vzw=","159":"28/x17w1xcYZM2nGsUnYi/O2CCJ9xv5kpC0yfnijS54=","160":"nBjRZDe3eh2b8BXYx9gHIgU9aHOJJys05hjutH9YHLk=","161":"1W0zSSw7vkt7b+Rk69SpaZpL6SizeQh4dLrKXxmr3LI=","162":"3IVOwceb6AH3hZyFnfuAfOjtkTwI6nXj8HJKlXU3vds=","163":"yUjtT+4tiOWe9NhYAgCMeFmKux+KKjAWNmDmYXHO9oQ=","164":"7rN4X4uADbK/BZIg1/AJRKP7uEQFiV5I3ISOFeXJPzw=","165":"0H+WjgK6OH+sG/5/3P863S1GuEYDTpXCwDDDPAmgFqo=","166":"Xe9Tar8ItzVb1iMvUHWHDALw4246asApviSyey0VIOY=","167":"lbcxOvTNYE6rRl1SjTknDjjWCOMsrihbBARChQAiZ38=","168":"BnXE2pP/MQ2aBEK/RdAfQ/qPHBtJ2W/3ugLjOCVIpgE=","169":"J52LTsq0WEKcZ6exO4MfMsh+IY6ed72LZix76It/ua4=","170":"I/x5wDs1CJNz7+GG4yN6tZkjUmAk1lrI5bHKJ7vWnD4=","171":"2JBAAu9/rLeEMnj0q+kM0VI3n19JZv3hx+wkWYVN4BA=","172":"njjxuOvSGJb35xwal2nOaRKyJnFGjlM2b0au5JejPq8=","173":"CIF4Bmf92GltMtyTz2jt/qEzwJjqxT9QYWKCOdmyjVg=","174":"3JxyjoKtf+qmmQL+8k7q2eevIx5ciEieJh4sOMl/8dk=","175":"i4P2StHxCyVLSi5Hk4t29NhdJXNncQ6lktczN8v636Y=","176":"MpjF3LA/pleeZUoESCYpQsfnVUkDP/guCmF2QPf70S8=","177":"AFDFpfTWITzySOis5F4zUUsTwAQnQdbEN/y87te6p84=","178":"BijTHG5O7OLsHza/3s1p/9s6gd/tBpRTXtIuHd1Abj0=","179":"IDqQF0ZwwucZ1nv4o56jxqerYK3cPxUvVzi6E6jEMto=","180":"wo4q0NCg0RFN2PEWS6KIC1dNlNYUg1uMTR6cLe8MT4o=","181":"fZWUM/TiOxpS8LaUdeIW5p6Eg6lGkar20qQPPfHjHv4=","182":"53GjfeyVt8aT1QX1SPwAQdl24T+PG40NAtZhloKKdcg=","183":"LPIvrbyA2TvAAN1QWvMs3HKeA+xq1b3KbBveAikuGHY=","184":"vlKTBLlo7eWj6PNgZHeARbvLMnTHII+zqthPPCx+7tA=","185":"ZKdk0yEf9bLZgT9eo1Ulu8Cxi6fK85CAM+NhOg6SW2o=","186":"FAmdNEONXtdbtoWVU/OVbxdbVD0rGBt6nH2awwP+7f0=","187":"Ls93Y3RM9s1+lXiUbomSZusSxc41zbyCtiZWyQO0/YY=","188":"QlvpjGDJcC434I+oW2HX9o2muWHR/WmFob8LlwPf+uQ=","189":"j3719ndmtvaWL6lCIxRF1p1R4MRIzyiorCZmulQ7nh4=","190":"W1Okd9vp/iPoQCfGP1cgn9Hc8jET8OUYA315ysO57HY=","191":"/NVEGi8J8C9s5vDDzvxbaIy4zpiKd2XeYoyKQyO7g5I=","192":"vYXrePogoGgSkra/ym9LaWAjVC2YQvRoaA22Ls+RHic=","193":"noJcfKYZSqdtosPDsxi+O/dq4G5FKqQJwChGBR60yyU=","194":"GioHmRRibMK+jPK26HAvfy7158Q9eHKBPDje4Di3cJ0=","195":"unXNF1GLxg+WEE1BRGjfULTsAQfrVitLYy7bjbo8I7s=","196":"IT7YUG8+gi3Uiel5FVmazOuEQio6pEjSUYJE4j92dps=","197":"UapmVt82+EeZV1VIZmYPiNhuckcNtDAI2504dUaxO9U=","198":"9Gmo1ua/SpA4LBxJjtmkeN0cxGSbs686tQUBGK8gCkA=","199":"GBu+uvBeu+RCcT6rtRUXGoPTNKIBd0A0MYL5TLXqz/M=","200":"89fO1pyZCa2LvINx2SWUWXcDIsdv2QZSJoT4NGzEmbc=","201":"UlAM40AsOzYFr53dwa4GozrDyiezMtc7UnoZKl8ortc=","202":"UtVmQlAVtp4lrCz/5I0ds1DpFa5Cs+PmeUy+22VO7g0=","203":"YU3Qs5fK+RP6yQGxtsRPaJaMem7HUMViJrdFunMCRTE=","204":"K5LkZUZfaQNs3uexEYoAy5waKaXXxZ3dGu7yz4aBKSw=","205":"V3l/i483K7XBZwXqEABXS9n/zJA9w1rJFn1N0CzWHsc=","206":"lVMd4VRTLzHl/lmmeE+fjflybZvHGaZeHEe71H0/EXw=","207":"C0nG1A4+9DKrGrGOpfaGzIIB2Z6VhV/XxHCjKMYpFpA=","208":"4dU7PPN47rjQJmdwnHOVTd/yvkHkq4ZhFqWcPcrhgww=","209":"4UfwwH6eAcgiW9hxKzTdlJvARc64vgVQvxKQvI3s/gU=","210":"lCiW4yp0jZy3nm6WXJAlg8jAY3rZ6SskZhNlXxD8ZPI=","211":"6AHRZydWPJ/7WNIyIc2voaOeKR/YOtRlwenA53b4D/k=","212":"ShhpZNUsRl4v7vO5axIriiKMYATH6wab1BTroTAEXSw=","213":"KJLv6kww47uuPYgH5nkiT/l6lw4qvmh70ePBo+19svI=","214":"guJRKmBb3xNee9pAgar5PRigsKoby534nq1A+uLRMwI=","215":"wjCQWRZS7yzio4UAN6x+x8og9i2jeLcBw3CjoKvwQLE=","216":"3hR9jR9p3GxZ0+eExQndDS90iDfjntpzQWDrTVkNRQ4=","217":"Ps1O0TVRHZoskHu1XxcNi5nNdPrsdimtpXVlRTGnUdg=","218":"8Oedl6fMVqCTTKZqLhQe45xGjAx0lkzHiVOTxPnOslo=","219":"4RYKHKyz6AZXqJ2jef1F50TU1aDLNuYKw7G7STUHFFs=","220":"V2rmOCFZ+x8C6AcU5lYbsGOJvqzHGkLrWEllsg18MsM=","221":"MxQzNGECjjcXkHuPdNbhl8DgTj8VuxkTxRX12DRozbA=","222":"ckQz0BwXibNHFZTSllpwmTQSPuPM2Xwg0nLpWWa5Bfs=","223":"+FRwpDSIaLf0Yge2e9AocN761Faz12VGxf6npSZ0cn0=","224":"3bWVZ5zlfHpPINTXGijPIFGSaTTOsBQqniI7gCBHEkE=","225":"u3rdaMNx1KbtvAQ3VLjyKHJMVwoZHZ0jv7sC4UPEwoQ=","226":"gViF05EqdLHMe8F1UwER7A7MQOGeSMDNglzJEUPVQ8Q=","227":"jB+jESNwRtV/iq6J/udAdVwPVa6+FV57f8+wQTBCsqY=","228":"gQ8nhfgACji3ewEUqCyU6cdkIPI4ksyvMQV9VA2odeQ=","229":"HpLpBcgFojmv+8r1M9IMraKTxNPYUc94oJAbxjglV7E=","230":"d+HCcEBqtR0ux5gy3YpXIXmyrjcrNPMdo/4VMobB3JA=","231":"MUgHx67WcNon1q3c6fQg4PLnGZ5oqZmKr+Uni+BRbY4=","232":"YbKlpwhsndndFfUPJlxBiZ6BGrh9QWqGmv9VhIlOcAQ=","233":"iKBui1addDM2jeqn4A0XtA4lujpd8ZvNf5IBuJPqjAw=","234":"D87rE+sJrqqlqj5g2CdGZ1KU4BDrBElGtISd5DPrsgk=","235":"cDy8dEWTveuKo5y2J/nZ60wrsec0EjTTsT5y3bRFefA=","236":"bFcy2ZAq/pRUoqIhs59/6iABe7BxSu6kJyuijhS34WE=","237":"QnqOTV5hVPVBqiPAKbjmUglMnf0h3hfpi0k5Sl/9HVE=","238":"NK0P5nsHMPL+8jI/7oday3rmHCc6tXC2YLSLRRf7Fjw=","239":"Ek3SESwb9GgOFvoQBAVLsgsrGLWqM2QLRy2TgQ+k+wo=","240":"x8nCg8vN/Xpym/XKEiAbuvNWlXjoUaCBybqvvpl9Mp4=","241":"9dVCCSeuwtNU0frZKjY00RTCjn9ZMK6k+00dQQzSrMI=","242":"rJBp1WxG37UnD8u6RUnNhvXDfNWLNcidvD7fVcjy8hg=","243":"2s566Ham8DatZ9lXpCh6NDeakESUoYurUgYYfwGVMzU=","244":"KEoIgITByadiHpk8uNbbnJFKpF9LNafCVG80GkeA8b0=","245":"lnpH/4iOV8nJmHdcPHZ0kkC1UMebJTukeFL1c8uW6dk=","246":"3GQjJUplSEWdLW0usvJfTBBXAtLjFbGiCzkhzQae1XA=","247":"79d/0ZuUkoAcXz0qkDFg/Rhn1lD6aqAC507L8U8ibl4="}},"BV6yLYElhhYjyO4213vkPmJj5zi4t+oqMic8RoNt8fAM":{"chainKey":{"counter":24,"key":"PbNvTCbiK3N6SGEziSyRCvdRazuxeoOnuvPF61DuLWQ="},"chainType":1,"messageKeys":{}}}},"BZDmlKYfpIBpbhcXviBJ8IKXHJbNlKNYpU5FJQ5WBs13":{"registrationId":118,"currentRatchet":{"ephemeralKeyPair":{"pubKey":"BZ+guGgm0cgIIFit35m1tHRxYFMpojJP3vIKpXywH09f","privKey":"eHIqV81jgY+5iAEFB2SF1tIw5me6rE0g42g3PsDGeG8="},"lastRemoteEphemeralKey":"BYRS9GuKpCSYQB2kKcSqOyx2yxFAFt3g8m6etj1ZuvMm","previousCounter":27,"rootKey":"xrDgH1ISFL+PopMBSdhLM+8Wq5gfP87lVQ0cYK19PeQ="},"indexInfo":{"baseKey":"BZDmlKYfpIBpbhcXviBJ8IKXHJbNlKNYpU5FJQ5WBs13","baseKeyType":2,"closed":1701608530461,"used":1701558203067,"created":1701489716245,"remoteIdentityKey":"BX6hUsnyexSAm24muok7QMQ1/QzzpbdscpTr5FpDebpx"},"_chains":{"BbombCJ34XQy3MNikTyJdOzHUJP0aSjbS8Oc3f85tLkB":{"chainKey":{"counter":10},"chainType":2,"messageKeys":{"5":"+wDSJbqWZVyltivvC382jXg4wsNOCvGrVIGBg9kAAuI=","6":"mz8bRgUz6o7ITfzyVglDwGKTK9PZ186FJK/+//0rN2U=","7":"2IsrkDmkwwcTejw6aG0FercZY8CH/LhwOoGvEHgmX9w="}},"BUTHf6+KOvZYjkmAFfkFiLHJRZGc5NGpelALbhqGjTNu":{"chainKey":{"counter":19},"chainType":2,"messageKeys":{}},"BXUy3LHqAgoj1O/Sfju7gBKx3EitlQt9JGixxU7ydiMR":{"chainKey":{"counter":6},"chainType":2,"messageKeys":{}},"BeqY2YdNY/AJ3Rii4oosRkbZ78hMJScW0DYVBRFIAhsY":{"chainKey":{"counter":1},"chainType":2,"messageKeys":{}},"BfXQU+SOJ1OWwPrv94IljZRMNVk9qWiR1fAY2qB4MX04":{"chainKey":{"counter":0},"chainType":2,"messageKeys":{}},"BYRS9GuKpCSYQB2kKcSqOyx2yxFAFt3g8m6etj1ZuvMm":{"chainKey":{"counter":4,"key":"L3BcNFa/ycdSOoDU2a6EfwDhZZY6ioy8P2s89OSlPgc="},"chainType":2,"messageKeys":{}},"BZ+guGgm0cgIIFit35m1tHRxYFMpojJP3vIKpXywH09f":{"chainKey":{"counter":110,"key":"2N8ZdFrZAOQW3Vc4bkVrjenpwSP3op28jBZegcICAoE="},"chainType":1,"messageKeys":{}}}},"BaZO8hFDMxvlsDvg8N/+ku99ojxqv+SgAkYsn4SctB1P":{"registrationId":118,"currentRatchet":{"ephemeralKeyPair":{"pubKey":"BdlQmtPS6AT/f7klaX3CDmuZP8hPqBgJG+bJMhBSjK5W","privKey":"ULK17cxwd4ikQ4EDr12FWfKiaA1oPJbpAHKvpNUWo1o="},"lastRemoteEphemeralKey":"BcEcMJ5NcnXkuTnUec2TMYh6+M0XqgSgAJpvG/OlIyh5","previousCounter":0,"rootKey":"SbbBWewpq1TjdImEpIw5lTjlTaQikS+NW2YLJdp2OVU="},"indexInfo":{"baseKey":"BaZO8hFDMxvlsDvg8N/+ku99ojxqv+SgAkYsn4SctB1P","baseKeyType":2,"closed":1701608539430,"used":1701608530491,"created":1701608530491,"remoteIdentityKey":"BX6hUsnyexSAm24muok7QMQ1/QzzpbdscpTr5FpDebpx"},"_chains":{"BcEcMJ5NcnXkuTnUec2TMYh6+M0XqgSgAJpvG/OlIyh5":{"chainKey":{"counter":58,"key":"5vMYnyBatYJs5v+oV87yIIFrAOw7HPEGJHsWTXmkiIs="},"chainType":2,"messageKeys":{}},"BdlQmtPS6AT/f7klaX3CDmuZP8hPqBgJG+bJMhBSjK5W":{"chainKey":{"counter":-1,"key":"2yCzc5HyiHZaacTc3JLL1eAAYCJNtGcD/UsC/sxnYNM="},"chainType":1,"messageKeys":{}}}},"BTgh9XFYphJsQeQqPxUyOa5I0ktxIqFjAL/CLKAFc984":{"registrationId":118,"currentRatchet":{"ephemeralKeyPair":{"pubKey":"Bd2HfkjipcagEosPaWEMxlpBDlsERzk9cgm8b6phJwAI","privKey":"2KPKkfpBUNadbNNknSE5E8D9uDizBB5D9kFQ48CzZno="},"lastRemoteEphemeralKey":"BevhVSBU37Zs7Yuqs7X/BV+tp3Df/FsKYAnFS+X8duh0","previousCounter":0,"rootKey":"bdO+jN2eJbL/5pKwS0PyKUFGhq6P6Bkb5G8qbAxgpp8="},"indexInfo":{"baseKey":"BTgh9XFYphJsQeQqPxUyOa5I0ktxIqFjAL/CLKAFc984","baseKeyType":2,"closed":1701642093614,"used":1701609675913,"created":1701608539445,"remoteIdentityKey":"BX6hUsnyexSAm24muok7QMQ1/QzzpbdscpTr5FpDebpx"},"_chains":{"BTRgNuehOW9EtYCyfvEH+UQP8WjMtBfmbDLg1NtpEo9U":{"chainKey":{"counter":2},"chainType":2,"messageKeys":{}},"BYMUNB9vN+kGjACJetqlOeQ7r/KterGokZ7Ie8ebBNlH":{"chainKey":{"counter":0},"chainType":2,"messageKeys":{}},"BevhVSBU37Zs7Yuqs7X/BV+tp3Df/FsKYAnFS+X8duh0":{"chainKey":{"counter":2,"key":"8uAWh0BCBCKYtXzfNCiXR1u0PNoNqnsA/rEwLpunXYA="},"chainType":2,"messageKeys":{}},"Bd2HfkjipcagEosPaWEMxlpBDlsERzk9cgm8b6phJwAI":{"chainKey":{"counter":-1,"key":"da2DqhpmPeoAmYpcAdCxvTOPcaubSN/Hr47Z4RvtzjA="},"chainType":1,"messageKeys":{}}}},"BdiHNOJNsTRF1FVAvIaN1KJGz1iQYZoinghfCxJkZlsQ":{"registrationId":118,"currentRatchet":{"ephemeralKeyPair":{"pubKey":"BWREUS7AIpqGMv19Q9Kt4L/qTxk3/ORspNcZIbVFG0FQ","privKey":"CJpfuAVqg0JLhL9AkD6rwdMic8DWw3fVJsKsvnTTwH0="},"lastRemoteEphemeralKey":"BYE5upuE1ckH+B/0nvkSU2pFpRkJ84uWDGcER07FgxN0","previousCounter":0,"rootKey":"VLVf5zqZCrb/40YTwRQTf8yDQy618OVBhGHbq/eA5pE="},"indexInfo":{"baseKey":"BdiHNOJNsTRF1FVAvIaN1KJGz1iQYZoinghfCxJkZlsQ","baseKeyType":2,"closed":1701642095539,"used":1701642093636,"created":1701642093636,"remoteIdentityKey":"BX6hUsnyexSAm24muok7QMQ1/QzzpbdscpTr5FpDebpx"},"_chains":{"BYE5upuE1ckH+B/0nvkSU2pFpRkJ84uWDGcER07FgxN0":{"chainKey":{"counter":2,"key":"X4IUsXAVA7TJCSUXCoIWoUW5Ea0/ytH4qXRGwnVWsQM="},"chainType":2,"messageKeys":{}},"BWREUS7AIpqGMv19Q9Kt4L/qTxk3/ORspNcZIbVFG0FQ":{"chainKey":{"counter":-1,"key":"fcZnWjZ4n1AzqJAH+hAI0UslMkNMBqCJ7u/17OTQRZo="},"chainType":1,"messageKeys":{}}}},"Be7WZEske94VgnfE8ebCdPSi+n0JhwTM+a5r/zVFGwUL":{"registrationId":118,"currentRatchet":{"ephemeralKeyPair":{"pubKey":"BcRVahuSMtqhkwlwXC1lAkOperllEYgiklqklUoYitQ/","privKey":"GF5JZqKHvz+0n2fMqbzXlublPYc0WBOridxeVkAzC1w="},"lastRemoteEphemeralKey":"BaC6UG6SE9qLaUmfDz6Pgp400y7Prlhr51xRaC/9uXkZ","previousCounter":49,"rootKey":"W0pQR8NPOrQNY0wbuSRH5KqmCLdugUp3dGBAP7Lsk8c="},"indexInfo":{"baseKey":"Be7WZEske94VgnfE8ebCdPSi+n0JhwTM+a5r/zVFGwUL","baseKeyType":2,"closed":1702289470206,"used":1702289469741,"created":1701642095557,"remoteIdentityKey":"BX6hUsnyexSAm24muok7QMQ1/QzzpbdscpTr5FpDebpx"},"_chains":{"Bc5Bt2KLBM26sVtKK3hX0Wrd4FKe5GkY+HEv3nL8KlYK":{"chainKey":{"counter":190},"chainType":2,"messageKeys":{}},"BaC6UG6SE9qLaUmfDz6Pgp400y7Prlhr51xRaC/9uXkZ":{"chainKey":{"counter":129,"key":"3AEZEF7UQ14+0yCLRuasDNnwu9do0pJJWv7zyda8Euc="},"chainType":2,"messageKeys":{}},"BcRVahuSMtqhkwlwXC1lAkOperllEYgiklqklUoYitQ/":{"chainKey":{"counter":-1,"key":"A43MNkbeqBen5B4Z4Q3aMKxm4HlLIl88Y+VX2KGOn/0="},"chainType":1,"messageKeys":{}}}},"Bc+UovCenVvBSwm7T/ITxwBj/Ioii6mrmpLP/FJiwFp2":{"registrationId":118,"currentRatchet":{"ephemeralKeyPair":{"pubKey":"Be9IZmXzwFDCJA1xIqtGChtuSpF4GtXEj/xCqPxrzMkm","privKey":"WKHWEQXb74q/V9ko6ecV1z2QjdcLIV1WmVwbdu5TrmU="},"lastRemoteEphemeralKey":"BQf6pmJ419JZljN6s0vlQ5SJNUkexYy4c5Ei4laOVrYR","previousCounter":0,"rootKey":"/9JBOY4M/7z1XqWBsPDl6j7Qgcy0m6VFJYh/Hs0ALkY="},"indexInfo":{"baseKey":"Bc+UovCenVvBSwm7T/ITxwBj/Ioii6mrmpLP/FJiwFp2","baseKeyType":2,"closed":1702289470317,"used":1702289470220,"created":1702289470220,"remoteIdentityKey":"BX6hUsnyexSAm24muok7QMQ1/QzzpbdscpTr5FpDebpx"},"_chains":{"BQf6pmJ419JZljN6s0vlQ5SJNUkexYy4c5Ei4laOVrYR":{"chainKey":{"counter":3,"key":"eVX4QnpmcY+Od2SXjmp5e1yfipps4H4AmcsR/K9XV4M="},"chainType":2,"messageKeys":{}},"Be9IZmXzwFDCJA1xIqtGChtuSpF4GtXEj/xCqPxrzMkm":{"chainKey":{"counter":-1,"key":"OfqHsaOZhIZq3DbE8Z4XJtEnvzunSUwc+1epkiZuUUk="},"chainType":1,"messageKeys":{}}}},"BazLELnGkEbawn9iQboIf37KMumMtIII+AosuS8synAy":{"registrationId":118,"currentRatchet":{"ephemeralKeyPair":{"pubKey":"BZ/5uCAFMAQxhky744ZmuJeBynvSqUNv+POw8qSIzrg8","privKey":"OOFMaMzN4TxcDjz4ozLz8OzNw+KqFEHwCYaxYJKyeGM="},"lastRemoteEphemeralKey":"Beyfk5iaFXMlpBaejyN57RnaWtCi1+S6pHNJm9sd4uQO","previousCounter":0,"rootKey":"B67O6eQJzQ2OdWP9V9zlHnGsWE8ltP/0YbJT+C+Y7+U="},"indexInfo":{"baseKey":"BazLELnGkEbawn9iQboIf37KMumMtIII+AosuS8synAy","baseKeyType":2,"closed":1702289501274,"used":1702289470331,"created":1702289470331,"remoteIdentityKey":"BX6hUsnyexSAm24muok7QMQ1/QzzpbdscpTr5FpDebpx"},"_chains":{"Beyfk5iaFXMlpBaejyN57RnaWtCi1+S6pHNJm9sd4uQO":{"chainKey":{"counter":311,"key":"K0odVIG1NnuWtfLir+Z+lL6CBq8kAJ6x/dMoBE9LH2g="},"chainType":2,"messageKeys":{}},"BZ/5uCAFMAQxhky744ZmuJeBynvSqUNv+POw8qSIzrg8":{"chainKey":{"counter":-1,"key":"X1V33cfAvEF8My+umnxwei7kdyEzC7j5NKakD5dJgzA="},"chainType":1,"messageKeys":{}}}},"BZkfeZ/9DfWGGpupYjy1TDNTVIXkJ9lj731Mq2gfllg4":{"registrationId":118,"currentRatchet":{"ephemeralKeyPair":{"pubKey":"BY3KKmrUXP4d1JmWOBkNYE4YN6/HHnTdNZHeykwNlVhF","privKey":"OOSfFuyZlxlgfTKs//jKwKzj6wtZaEQG+3T9aYlk9E4="},"lastRemoteEphemeralKey":"BWmwD36bqTmpIWhtHYytSo/FdstOJNeAirCt9OkbX31U","previousCounter":0,"rootKey":"C6eBNYtWoKVCAQ132l6T5H05vZOYqilv4w9VAks2Rg8="},"indexInfo":{"baseKey":"BZkfeZ/9DfWGGpupYjy1TDNTVIXkJ9lj731Mq2gfllg4","baseKeyType":2,"closed":1702790455655,"used":1702292363264,"created":1702289501286,"remoteIdentityKey":"BX6hUsnyexSAm24muok7QMQ1/QzzpbdscpTr5FpDebpx"},"_chains":{"BUAMhR0n3saYtCW2palZh3eRICcKsD2Pk95sK7RECsMK":{"chainKey":{"counter":812},"chainType":2,"messageKeys":{"230":"h9n0i2/HumXW2Y0rChnN4gHKWj0tbt8M0x4jWVE/q68=","808":"17vNljfoabDznjCqDz2BUFttD4edV7RiMPaWRAupV0k=","809":"ga9Oao9Gcp3LZB65px/gLlFgDBkqDXE/VX39y7XE7t0="}},"BV3lWd704GWyuuMT2GYae4ETIT01Dy2OrLCS7RXjtnEe":{"chainKey":{"counter":4},"chainType":2,"messageKeys":{}},"BWc0KrbOLytYoBpR+m3Jb73aeEERr5Ly7aV1lg4fr0tc":{"chainKey":{"counter":3},"chainType":2,"messageKeys":{}},"BWmwD36bqTmpIWhtHYytSo/FdstOJNeAirCt9OkbX31U":{"chainKey":{"counter":0,"key":"Pgzwzj4BiJ751qk1KyPk82XP1opDaeWFSBvNdGBaamw="},"chainType":2,"messageKeys":{}},"BY3KKmrUXP4d1JmWOBkNYE4YN6/HHnTdNZHeykwNlVhF":{"chainKey":{"counter":6,"key":"xMn3bCw8It+8AZlydqp7ZuwkcJ/Q4pVjJ+gBCfiJIdk="},"chainType":1,"messageKeys":{}}}},"BRk4iXPlRYGFFw20g7SVJAbcIl3uTQotnUsp9IO133Ir":{"registrationId":118,"currentRatchet":{"ephemeralKeyPair":{"pubKey":"BUdRdFj0G0r7a0GcyIT7EritfR3m0tzMqZ6Yyp9fKfBu","privKey":"0COzxEeP+pLCKMj0pBcHOEha/11/PzxvWiBtQxvpe1M="},"lastRemoteEphemeralKey":"Bb/kz8Hh9HoN0XLaW07Y5yU89Zl1xpoChTYf0EnstcN8","previousCounter":7,"rootKey":"zhtLRfNsAiISwJlqDIzZHersyzGCyVedZqMlp+X8a78="},"indexInfo":{"baseKey":"BRk4iXPlRYGFFw20g7SVJAbcIl3uTQotnUsp9IO133Ir","baseKeyType":2,"closed":1703498741956,"used":1703498727882,"created":1702790455675,"remoteIdentityKey":"BX6hUsnyexSAm24muok7QMQ1/QzzpbdscpTr5FpDebpx"},"_chains":{"BRpeHISaHQgRA3hx2Tqva6TQ7am5S87RDipQNOfYW9EE":{"chainKey":{"counter":1963},"chainType":2,"messageKeys":{"583":"Nry1j+8vBr0HqPHYcjI7hNV0KiwqoTgfJ5MDx4kXbqI=","681":"NHwwJkB0eZ593rsCpbqSEjEQllYWDhtl3xathne89OI=","682":"+/eCQK6m3jk/A1J/PNl+YaNTrEqWL0n7qAsi9d9eYkc=","1681":"NtnGM4v3iVqibSR8JC35dnvs4gM/nk1zj34Cgx/4yYI=","1682":"gBZrv+xO569km+UuI5ocLIIk/xS3zjF6ecTLQFcpwho="}},"Bb/kz8Hh9HoN0XLaW07Y5yU89Zl1xpoChTYf0EnstcN8":{"chainKey":{"counter":201,"key":"+mv8+siiNeMHIqkjtvf0oT1KGhdLfYup2ua9ai0khyo="},"chainType":2,"messageKeys":{}},"BUdRdFj0G0r7a0GcyIT7EritfR3m0tzMqZ6Yyp9fKfBu":{"chainKey":{"counter":-1,"key":"zZl8bpP21ZJiD8iFFgnOxPUfwwafQy5z8Jn4nowGlF4="},"chainType":1,"messageKeys":{}}}},"BUOYug0s44J/KxUAJQnafr4HnAMjyMazzvKtPEDO2XlQ":{"registrationId":118,"currentRatchet":{"ephemeralKeyPair":{"pubKey":"BXVocoRNqCalMFe+TKkwQaeemNawHy0AHJVEnAYHdqMv","privKey":"OM9VlaAyFOhBGdCP22m9xCESHbC+sDTu58TZPJxI1UI="},"lastRemoteEphemeralKey":"Bdn7sRY3KM6/iC8KuqAfXd+mRtliAVIrDv6hSJ2yB9o2","previousCounter":13,"rootKey":"T2E31tsnKXPqfkyDyfOw579RDiqQeiIcie2qmZIUVDY="},"indexInfo":{"baseKey":"BUOYug0s44J/KxUAJQnafr4HnAMjyMazzvKtPEDO2XlQ","baseKeyType":2,"closed":-1,"used":1706612611854,"created":1703498741970,"remoteIdentityKey":"BX6hUsnyexSAm24muok7QMQ1/QzzpbdscpTr5FpDebpx"},"_chains":{"BVuP1OwD2eAMwPlWeLApJQJ0o0QPu+AAmxTgxQMV0AxX":{"chainKey":{"counter":387},"chainType":2,"messageKeys":{"245":"aZYBfpdoxAwaLslfXQf5/KfZnRqtoCXu0cepKeN4fA4=","246":"ZiMryBphxy2Kn3UXMmoT1OwON/nl3h8eNhZS+g7wybg=","247":"DuYK9uGRn1u98zoAOG3MPgz8L0b8P0/70ybTDndXqo4=","350":"zIdL7gvwA/vbkwiERyNhJuips44qtWwirwRgJjrPSYE=","351":"1UfTjZdh2Utp/r3x1w/ygMeA8aE+JE0xG/FpfYMGNNw=","352":"unv9X3vOfmMAGQe2//YO5POtSaPUVKxHiZXv6ZAQwd4="}},"Beuxi96Odkj6AR8aBvHUoaCKnkMQcow4+eIE5M8WyQFx":{"chainKey":{"counter":0},"chainType":2,"messageKeys":{}},"BfTcL2r0AFKOIXw8JNWkwRatGjRS7tS1M+2RGrnfXTsk":{"chainKey":{"counter":0},"chainType":2,"messageKeys":{}},"BSH8VBlz1v0MW4K8Y0Wbvx4mJ6vsx8n1CvXwEbIJhHht":{"chainKey":{"counter":0},"chainType":2,"messageKeys":{}},"BZhNAAIB+5DUL+lMXb7dUE4vJVsXZh63TVL/nimbErxm":{"chainKey":{"counter":0},"chainType":2,"messageKeys":{}},"BSfy4UfCqMfO2VrUQ0MIrXJ/0NEfrkfkQPhuvKop6sdg":{"chainKey":{"counter":0},"chainType":2,"messageKeys":{}},"BU6gq1GxPANwF01PjNB9cGzOV5Dp2ThFPrXcoSOoAxxu":{"chainKey":{"counter":0},"chainType":2,"messageKeys":{}},"BdPV5LEQ65WIm3wQU7xoGZ1cyl18UppecPeToQwlmKsY":{"chainKey":{"counter":0},"chainType":2,"messageKeys":{}},"Bdn7sRY3KM6/iC8KuqAfXd+mRtliAVIrDv6hSJ2yB9o2":{"chainKey":{"counter":614,"key":"xF0xgaJ9km9PnNZKSLIm2N2lQaigSPFMM1ZBTcM4jpk="},"chainType":2,"messageKeys":{"96":"pTxID2Gf+rzTmwVslZvdhdgt5KsY1LBTYwkCZIXV6a4=","97":"NsBlkHH3eF+S/oB18imsBd+bNRXcksomMNUngf5RYfQ=","98":"b0dUKN5D44cRiRjAH5btrO6IAOTH4QD2XCfz1A7gNHQ=","247":"aK67yVdrgGTgcXWkes6DPCD2KuX0MnHWQQlTJn32pXo=","248":"GjqLC36qKFf5T4xOu2CREsC2BVzWrtW+DqoHFBWlmA8=","249":"k+hJE8QTPcQENqqKkLrNdzH4OK2Zm4kFIbaVIlWOKSs=","314":"llj/BbA0UF7PzAKmfRIHPRrWmxRXYngJwby7wAycBOA=","316":"1BQ7QClijceSrjSRvef6fgMWgP3jBn5U+/iQXiFXzWo="}},"BXVocoRNqCalMFe+TKkwQaeemNawHy0AHJVEnAYHdqMv":{"chainKey":{"counter":10,"key":"DIKEoFnxJf/Smm74r4T1Y2FzM9uUEg7qgS9407jchX4="},"chainType":1,"messageKeys":{}}}}},"version":"v1"}