{"_sessions":{"BfTPd58CQa5qKoGWD0kNDqMS6OpzWoy5GFB78nDzrEdT":{"registrationId":1647278522,"currentRatchet":{"ephemeralKeyPair":{"pubKey":"BYbgm+HuFb5P2MKAh42H78iZC7vFslgkF+GxxRgaN3ko","privKey":"KF3hZB0Y/8WiV6M59P5aRY+1DNXQzsWZrRKujjcXa3s="},"lastRemoteEphemeralKey":"Bde2aj+q2D17uEnCwwqqT1oxU5zYYfVHLSuNnzgyFiNj","previousCounter":0,"rootKey":"vZv2egIEeay79qJBu0YqzMSlSaxPHq/uFLcRhPyg0B4="},"indexInfo":{"baseKey":"BfTPd58CQa5qKoGWD0kNDqMS6OpzWoy5GFB78nDzrEdT","baseKeyType":2,"closed":-1,"used":1702289498142,"created":1702289498142,"remoteIdentityKey":"BeXuCzv9N4YVKCdI5cC9j9RZ5bL9QyOuILUIjXDLbN5V"},"_chains":{"Bde2aj+q2D17uEnCwwqqT1oxU5zYYfVHLSuNnzgyFiNj":{"chainKey":{"counter":7,"key":"ieYK8zkp4TSXrt88+I6FEntUnKia+kSlV+RifbloHU8="},"chainType":2,"messageKeys":{"0":"C2Fj5WfXTQ92YeKG+XoQP7yStxjyMTKrrtH4wGIspkw="}},"BYbgm+HuFb5P2MKAh42H78iZC7vFslgkF+GxxRgaN3ko":{"chainKey":{"counter":-1,"key":"z9ABoljYWbWfHhx2A/9rtnbjlkbskeJaHmsobf1Bqe0="},"chainType":1,"messageKeys":{}}}}},"version":"v1"}