{"_sessions":{"Ba7uF8u99Q4X3u7DvGkIh3U7RlH99h2LT4qktIqfM8kh":{"registrationId":292491112,"currentRatchet":{"ephemeralKeyPair":{"pubKey":"BYZ2WqlnAbuPqr/Ax1Y3hqU7jZO3y6pvPRMKBNJ8crAZ","privKey":"oMh/w1caEvv1yvWAmDuvAzfD8HeFP8xDqS+H+psvrFs="},"lastRemoteEphemeralKey":"BXDfOp75S0BHmCAA1HCQpQ7h6J4Jqjxf0BZzKOfcwE1+","previousCounter":24,"rootKey":"D2nRngfbWCMK3iCsnn3VN+uqmsc/vQjrYc6c8PE9r8w="},"indexInfo":{"baseKey":"Ba7uF8u99Q4X3u7DvGkIh3U7RlH99h2LT4qktIqfM8kh","baseKeyType":1,"closed":-1,"used":1704752407325,"created":1700703832921,"remoteIdentityKey":"BUqWoiD2nGqaFy5PqnylblHx27KqZEqN8Iyz0BK9+BBn"},"_chains":{"BSo4wQpJm2f77THxOw1jT0COQ4GPiDkXeyXYdQdmZ5Vy":{"chainKey":{"counter":9},"chainType":2,"messageKeys":{"0":"xzBN007LjbbtGGT86wmYiBF1y8uyqWHZomHGuZ8Eyyk=","1":"qzk0baI0kK0mN8rg69LVu1WwOqxqnTq3Oki/zOlm/ms=","2":"U6soO45Cw71czbQaFqhqyyyBJ81bUGRynsEL/IVJRq0=","3":"uyIWJnRorhqaiizKwT0cGcPWfChLn7N1o0AH3J9bD9Y=","4":"9ANhsUMrJIptBU8I8fMG97xHkl28SmDjX2kKqeQav0U=","5":"xOupekXQRVn4zn6xrHqjzW955k6HmxEvC1E+DDxP2Yc=","6":"+ZkEsYVNEe58dKvO1Fj8fVBIgueNIgiPWxGQg+8Ns+Q=","7":"F0+HPSXf0ArEo0R98RioQNl5NGuMU2qlpZg4R/+Ikug=","8":"GLPJxrdFElnGj1pKJDNvmwZJrUs8zCD4I4oWka6Gygg="}},"BVHow+7OY7RweOBxwoDPfDh657izelYituAGhqoxP8oo":{"chainKey":{"counter":3},"chainType":2,"messageKeys":{}},"BScze8dNNUTcpuCAli+0CXjfsn9vCCigwZPyT5h9Gzg6":{"chainKey":{"counter":2},"chainType":2,"messageKeys":{}},"BWWtLL79YNaM9zhiuHsJyfwNxew36MhdlZlL1yCkGt43":{"chainKey":{"counter":2},"chainType":2,"messageKeys":{"0":"ESfUR0BtJRWYWq9t/LBax3Dh8puR5dfzyvVJPp/Dbzs="}},"BR4Frn6oIsTID7ZucSSC+Mwn/zwZHCgUU5cMFww7oDEU":{"chainKey":{"counter":4},"chainType":2,"messageKeys":{"0":"/B7lWCXKeEijxuNfE/popFnCn5MHn2sdywy7y2zw+7A=","1":"dZ54lcFUrw3TvChHtVe5oubfIgr79u1Z9Zlp+/Le/KY=","2":"VKQn1I/JwcgIttht87ppuiOArLqwgjJp5/BZejgvhjA="}},"BeT2J3Qyfhj5kNBU80EnHotNA4CnSHtByvx0hlzft+xF":{"chainKey":{"counter":2},"chainType":2,"messageKeys":{}},"BerNCEAj2ESl2mWmea+PTdZpDaw1tM2bkGoeDeN9MbYt":{"chainKey":{"counter":17},"chainType":2,"messageKeys":{}},"BeXlZBc3eQg5Q4iBajueSa4bcyceGPaQw/1eWAaWgRoK":{"chainKey":{"counter":21},"chainType":2,"messageKeys":{}},"BXQCa0tCm9JLlmFirUJd673RritIRy1siFHg6v7iRbVm":{"chainKey":{"counter":31},"chainType":2,"messageKeys":{"3":"uD1I/DnntgqSgZ7bN8vV0sPcZgOvtnEndItsmpQYPtg="}},"BW/c1YIYJIZrjjibNgro8sVaymLmDFKKBdvlzixDEC1k":{"chainKey":{"counter":16},"chainType":2,"messageKeys":{"12":"e3NL7BLk3Z6nR0wOgDRcpEq2a6u7ekMsB9fJiQEVkP4="}},"BXDfOp75S0BHmCAA1HCQpQ7h6J4Jqjxf0BZzKOfcwE1+":{"chainKey":{"counter":11,"key":"LPwbaXzb4mkeiHrmz0ECY75GnZT3WQHEmhtzmm8ra0o="},"chainType":2,"messageKeys":{}},"BYZ2WqlnAbuPqr/Ax1Y3hqU7jZO3y6pvPRMKBNJ8crAZ":{"chainKey":{"counter":10,"key":"NzzZmmgb+78kmhaVFfEJPnVVYRwnNKsJMP9IBpf6SYs="},"chainType":1,"messageKeys":{}}}}},"version":"v1"}