{"_sessions":{"BSzBDXS2j+8QdY+PQQ4kHykoSl5/LipVeIz0Nh4KzMst":{"registrationId":626678891,"currentRatchet":{"ephemeralKeyPair":{"pubKey":"BZTsPJ/zLI1fpDu6lOiOD3ffDQr8/FYd0nt8R4dLbDZv","privKey":"kABB6WeEDGUoNMmV422ucbH94px6jI6b2NnOeDBfQ2g="},"lastRemoteEphemeralKey":"BeIEPIKd8x+NZYE1uI3llxe4ggY7Sxtjq1IoiVeJLZBV","previousCounter":0,"rootKey":"07vODYV59/XWKHFv5XhrAd7t50UxFXwrMpEb9F1KOTQ="},"indexInfo":{"baseKey":"BSzBDXS2j+8QdY+PQQ4kHykoSl5/LipVeIz0Nh4KzMst","baseKeyType":2,"closed":-1,"used":1701729759277,"created":1701729759277,"remoteIdentityKey":"Bcp4HbcWCt9i2nPXFZxS/0vJssYenxvzBn5PqXzWWGop"},"_chains":{"BeIEPIKd8x+NZYE1uI3llxe4ggY7Sxtjq1IoiVeJLZBV":{"chainKey":{"counter":2,"key":"5l/uYVxhQi5mAtB9iH+zRt0BRqIzoCXYZ/qCmI5V9Hg="},"chainType":2,"messageKeys":{"0":"5w/9OTCmxjK3zFTT4gr3WcrpjpYpCXZGQlU0waQLX7U=","1":"C0rEu2qwGO03ROT8eiJAV5aThanmuU8kC+mMFub4HA8="}},"BZTsPJ/zLI1fpDu6lOiOD3ffDQr8/FYd0nt8R4dLbDZv":{"chainKey":{"counter":-1,"key":"u9SM99IR3lGL1px1yOE90MgjW9dnTjQP4k7ktbJ9SBQ="},"chainType":1,"messageKeys":{}}}}},"version":"v1"}