{"_sessions":{"BZJtWT0H0WV39dZnjFgpMIcWvctp/wgluzvWPUYpIiAC":{"registrationId":87,"currentRatchet":{"ephemeralKeyPair":{"pubKey":"BbOTocb4cupQWNSgFGEW9ZnT0cCaqhc3p7N1Mxoe4VRy","privKey":"WIKDqX1lnWVVLikh0DXntZhkG0GymBmxBrBzTZbuMWo="},"lastRemoteEphemeralKey":"BUtO0WTKbkrTxsm7qGGSkkfMYCCvRzsl2Ac0awk87cVj","previousCounter":0,"rootKey":"t4gZn5MOGq94XH5aqEBliNcSnJhQLptXAu+ihB+r5Eo="},"indexInfo":{"baseKey":"BZJtWT0H0WV39dZnjFgpMIcWvctp/wgluzvWPUYpIiAC","baseKeyType":1,"closed":1701516570957,"used":1700703832902,"created":1700703832902,"remoteIdentityKey":"BcxZ8ZDo6hVzJGMxh66hzELt17LZ9wbBEO5as4NfT6xs"},"_chains":{"BbOTocb4cupQWNSgFGEW9ZnT0cCaqhc3p7N1Mxoe4VRy":{"chainKey":{"counter":98,"key":"ANWSzJdxjzSo4CzhGP0OrEH0bFqLL5YbGlT7+0SwK9I="},"chainType":1,"messageKeys":{}}},"pendingPreKey":{"signedKeyId":1,"baseKey":"BZJtWT0H0WV39dZnjFgpMIcWvctp/wgluzvWPUYpIiAC","preKeyId":1973}},"BV1FI1reW1glZNXcMFbSFPQ9BgevKFthbcGI/GTO3UFv":{"registrationId":87,"currentRatchet":{"ephemeralKeyPair":{"pubKey":"BXtCR+rF7MnyUyqUc8QtXHzxB2A40YbnKiSXkNeiWZRi","privKey":"QFOzszOgrEzFkpR4+y+xxUZ+3rv005M3wk4AxT9YfUE="},"lastRemoteEphemeralKey":"Bf3rRCygGM+zFTXbWrjUGEE+7KSoJCwid6+Kcb9JVYM+","previousCounter":0,"rootKey":"Nac3vNdTie+WwpZcqX2c3uQiPDUYfBnYJvc0/N2+NQg="},"indexInfo":{"baseKey":"BV1FI1reW1glZNXcMFbSFPQ9BgevKFthbcGI/GTO3UFv","baseKeyType":2,"closed":1701613067298,"used":1701516570983,"created":1701516570983,"remoteIdentityKey":"BcxZ8ZDo6hVzJGMxh66hzELt17LZ9wbBEO5as4NfT6xs"},"_chains":{"Bf3rRCygGM+zFTXbWrjUGEE+7KSoJCwid6+Kcb9JVYM+":{"chainKey":{"counter":1,"key":"mswdX1E/a15DAD5H5k5SRgtKlzCoBh5uUVu8Nne6idI="},"chainType":2,"messageKeys":{}},"BXtCR+rF7MnyUyqUc8QtXHzxB2A40YbnKiSXkNeiWZRi":{"chainKey":{"counter":147,"key":"C+240TbxeYqURzwVqttOuckqg5Jb/+l11qrvwqSmrPM="},"chainType":1,"messageKeys":{}}}},"BQVMnXBR67ZK1VmLCmWymQWs0nk27BCwlyKIpbBbVyJL":{"registrationId":87,"currentRatchet":{"ephemeralKeyPair":{"pubKey":"BUAS23UIxqQIoMDQpZA/SU5a6RQkubZdPAgiQKDCqkwL","privKey":"cDD/y1mdYXQ1J+kYTNSh64dBpdsiGrX8U06Jgs2nt0Y="},"lastRemoteEphemeralKey":"BXtULx9167c/S2OC4eyBmNQIbTC8rYkgvqNtWvnbMmBn","previousCounter":0,"rootKey":"QGflKopcAjf1x7BJXvSjK1fAKiN70Pyi0BGIQkJJMCM="},"indexInfo":{"baseKey":"BQVMnXBR67ZK1VmLCmWymQWs0nk27BCwlyKIpbBbVyJL","baseKeyType":2,"closed":1701642095980,"used":1701613067335,"created":1701613067335,"remoteIdentityKey":"BcxZ8ZDo6hVzJGMxh66hzELt17LZ9wbBEO5as4NfT6xs"},"_chains":{"BXtULx9167c/S2OC4eyBmNQIbTC8rYkgvqNtWvnbMmBn":{"chainKey":{"counter":0,"key":"toFdhWhuOIUilH713N0S4k0ZlC2KarDL6SRV1Bu6ulY="},"chainType":2,"messageKeys":{}},"BUAS23UIxqQIoMDQpZA/SU5a6RQkubZdPAgiQKDCqkwL":{"chainKey":{"counter":-1,"key":"1ZNuZXSsHTPMtY5eG/A6WXntDO9PxnGzHpmLl18Xujs="},"chainType":1,"messageKeys":{}}}},"BTAB+UnMU+LL7g77TY4hHj22BmvtlLVOVXwTwt+H3lYi":{"registrationId":87,"currentRatchet":{"ephemeralKeyPair":{"pubKey":"BXviMTSuvVLWBzsHk/YmD2/aQKw4ypJdbILMNX8BrWh1","privKey":"ABTTiXSYTSDxNl/tzfOuqYM0LXD0r1zWVDE9y8hx00E="},"lastRemoteEphemeralKey":"BURPCLqvLldHYEsRC+q3bSUXAodlKz175guwzj+TR1kv","previousCounter":0,"rootKey":"vlAjQgGC4rY6qNKwffwMfWcl7H1AEzrA15by3VKb0uU="},"indexInfo":{"baseKey":"BTAB+UnMU+LL7g77TY4hHj22BmvtlLVOVXwTwt+H3lYi","baseKeyType":2,"closed":1701729762178,"used":1701642095996,"created":1701642095996,"remoteIdentityKey":"BcxZ8ZDo6hVzJGMxh66hzELt17LZ9wbBEO5as4NfT6xs"},"_chains":{"BURPCLqvLldHYEsRC+q3bSUXAodlKz175guwzj+TR1kv":{"chainKey":{"counter":3,"key":"vsOHsAwHCWQzd7nsbYbUBDBOpWjPiiOhgZi9an+ddLE="},"chainType":2,"messageKeys":{}},"BXviMTSuvVLWBzsHk/YmD2/aQKw4ypJdbILMNX8BrWh1":{"chainKey":{"counter":-1,"key":"L8fYgdUZu5Jr/nU7qz2DPZADytLk5PWnhW1IPlAl9uw="},"chainType":1,"messageKeys":{}}}},"BY3Udu5Zh4Dngvy5Lop0h502cxahqiKQf1H3H7Ij5A9d":{"registrationId":87,"currentRatchet":{"ephemeralKeyPair":{"pubKey":"BU8p81uA2TZJU9XRbW6qBgPORs5+O+NrZ9UKCoCg8i0r","privKey":"mLrdJKSonAsY2nw1uC6k9OFciSJzh5/k8zg7fWJRNVk="},"lastRemoteEphemeralKey":"BYf/wmq48rYf2ZuvKgUQOfLGY/XeSl1R16lbgQzr2n4g","previousCounter":0,"rootKey":"KRdrIx1o8N1XW7dQ/iONZDfVYHc0CDfJMLPkdJsHFzg="},"indexInfo":{"baseKey":"BY3Udu5Zh4Dngvy5Lop0h502cxahqiKQf1H3H7Ij5A9d","baseKeyType":2,"closed":1701729767271,"used":1701729762201,"created":1701729762201,"remoteIdentityKey":"BcxZ8ZDo6hVzJGMxh66hzELt17LZ9wbBEO5as4NfT6xs"},"_chains":{"BYf/wmq48rYf2ZuvKgUQOfLGY/XeSl1R16lbgQzr2n4g":{"chainKey":{"counter":1,"key":"BHbAguOoo8BtGvsuMBrcnazai4+d+++UdwhU7y0G4Gw="},"chainType":2,"messageKeys":{}},"BU8p81uA2TZJU9XRbW6qBgPORs5+O+NrZ9UKCoCg8i0r":{"chainKey":{"counter":-1,"key":"IgRCep6k9KpP+hKP5jtMCGq78TJeO8Bm9O3GZjS2/P8="},"chainType":1,"messageKeys":{}}}},"BbW2/mvP2eBIhW3LKH7xHf3tiqh33ZCjysrR5NJcylI1":{"registrationId":87,"currentRatchet":{"ephemeralKeyPair":{"pubKey":"BfXdBKd3YpyN9uJU86m1rb15/UUVczQbURcx//fD1nEu","privKey":"IPPEduV10s7DW+9GbJ/27+BXIAqcB4RGgOjrJcq1j2M="},"lastRemoteEphemeralKey":"BS7jdAWM/HvlyjNiHHklMOvNazitBBTceJjFd0kOfyBb","previousCounter":0,"rootKey":"ytbpj7Fyd1DfphAGKQ6rzHpkC+60v5VU99ZWWAMPp+I="},"indexInfo":{"baseKey":"BbW2/mvP2eBIhW3LKH7xHf3tiqh33ZCjysrR5NJcylI1","baseKeyType":2,"closed":1702289477913,"used":1701729767285,"created":1701729767285,"remoteIdentityKey":"BcxZ8ZDo6hVzJGMxh66hzELt17LZ9wbBEO5as4NfT6xs"},"_chains":{"BS7jdAWM/HvlyjNiHHklMOvNazitBBTceJjFd0kOfyBb":{"chainKey":{"counter":1,"key":"I547rJ08ELXPreiZWZKXT32eFcSeHS3YxSTy/BIe9To="},"chainType":2,"messageKeys":{}},"BfXdBKd3YpyN9uJU86m1rb15/UUVczQbURcx//fD1nEu":{"chainKey":{"counter":49,"key":"CzdhBjs7/R3IkcC+3q1saQewm4WMEvd2rjtKNeSce80="},"chainType":1,"messageKeys":{}}}},"BQ6U53x0zoPYP9yBcpGxVpqJzvYzafDXjTKNJTRVomp5":{"registrationId":87,"currentRatchet":{"ephemeralKeyPair":{"pubKey":"BeCjDqVAy9tmH8pSNdHnbjCcW+ax3SiE5kUYemFmafxC","privKey":"aJ7P+3JlIIMs+/YiSgNYB0L03m7eFmZpie6kb0Pjcn4="},"lastRemoteEphemeralKey":"BVEpVcAOGeLegmtePpsaCI0yz3Fplu/I7LrlQ+vDv9FQ","previousCounter":0,"rootKey":"J/dHVsu8zr2zogLKGnPI2JVkIxcmfaV8tDuIg2sRRqA="},"indexInfo":{"baseKey":"BQ6U53x0zoPYP9yBcpGxVpqJzvYzafDXjTKNJTRVomp5","baseKeyType":2,"closed":1702289478137,"used":1702289477928,"created":1702289477928,"remoteIdentityKey":"BcxZ8ZDo6hVzJGMxh66hzELt17LZ9wbBEO5as4NfT6xs"},"_chains":{"BVEpVcAOGeLegmtePpsaCI0yz3Fplu/I7LrlQ+vDv9FQ":{"chainKey":{"counter":14,"key":"BByfJNtuhTaA6UqvCOLA39mw338sZjpq7wbpFXMy8LY="},"chainType":2,"messageKeys":{}},"BeCjDqVAy9tmH8pSNdHnbjCcW+ax3SiE5kUYemFmafxC":{"chainKey":{"counter":-1,"key":"MQpKQZ0M9ObZzio7q9knVSmzQi8/3Sx9GCvgregCEfs="},"chainType":1,"messageKeys":{}}}},"BZ7xjuxZTrfr57mYfRN/O02UdYjZl1oXQRZaO/cwtJ4f":{"registrationId":87,"currentRatchet":{"ephemeralKeyPair":{"pubKey":"BQg2JTHnXB0ztbunubwjurPOaZy379/GzLLWDP1B+adc","privKey":"iH4DNxARF24QCQz33omJpQL9bjyXD84kmNahCa1c+HM="},"lastRemoteEphemeralKey":"BU950PcPY/fgJtkU2GSHEjfonpdUTZqoXB1NpEy6L/4/","previousCounter":0,"rootKey":"wPpPiQRZH/AUz7XOZ+/qKSqFXGKo7J04t4vct3JFB10="},"indexInfo":{"baseKey":"BZ7xjuxZTrfr57mYfRN/O02UdYjZl1oXQRZaO/cwtJ4f","baseKeyType":2,"closed":1702289479550,"used":1702289478153,"created":1702289478153,"remoteIdentityKey":"BcxZ8ZDo6hVzJGMxh66hzELt17LZ9wbBEO5as4NfT6xs"},"_chains":{"BU950PcPY/fgJtkU2GSHEjfonpdUTZqoXB1NpEy6L/4/":{"chainKey":{"counter":1,"key":"3gg/9GQi5duq3BcWm/EFO7o9GyzB5pmqlW9uOBBTklg="},"chainType":2,"messageKeys":{}},"BQg2JTHnXB0ztbunubwjurPOaZy379/GzLLWDP1B+adc":{"chainKey":{"counter":-1,"key":"idpWtXn/jX+XY8ngnBUT1VNUfQ9Llfs6lkoZJc9ZAU0="},"chainType":1,"messageKeys":{}}}},"BfZWEsxLO1HKqUX3lsqrfLOs4mU21vXadnJVkxayC4dV":{"registrationId":87,"currentRatchet":{"ephemeralKeyPair":{"pubKey":"BaNXZfq7NAQkqy0NkUP9qKYJYddLBxiKiXYKvD6g3Okl","privKey":"IGINb+feMzWIqEKimVasWtjo3VKA9U7cTl9q9JrOYEQ="},"lastRemoteEphemeralKey":"BbcIzByehkTfy5zHtRgecaie5thXmgHEn3mLWVA3SnE3","previousCounter":0,"rootKey":"oqSLUcn67xK3D7WLSpZytPiOV8kGHegr1tZ3uGXfbJU="},"indexInfo":{"baseKey":"BfZWEsxLO1HKqUX3lsqrfLOs4mU21vXadnJVkxayC4dV","baseKeyType":2,"closed":1702289480764,"used":1702289479565,"created":1702289479565,"remoteIdentityKey":"BcxZ8ZDo6hVzJGMxh66hzELt17LZ9wbBEO5as4NfT6xs"},"_chains":{"BbcIzByehkTfy5zHtRgecaie5thXmgHEn3mLWVA3SnE3":{"chainKey":{"counter":1,"key":"p0MGZOz1HP4MISAofbp2GncCtEZumLSxkUpJJ6ZbwDE="},"chainType":2,"messageKeys":{}},"BaNXZfq7NAQkqy0NkUP9qKYJYddLBxiKiXYKvD6g3Okl":{"chainKey":{"counter":-1,"key":"4lqKiKzYCLw8SmsC8CnWySSLEGqoR8iuF1NWkvGeo5E="},"chainType":1,"messageKeys":{}}}},"BcXg4FV3ergYYJYSUCc6o0JHbdJrMMGn16mi78/vP6Mk":{"registrationId":87,"currentRatchet":{"ephemeralKeyPair":{"pubKey":"BSdrYx4zvHXdPhJ6lHBYWAmXhjS6K4KYsahllwYrZTNF","privKey":"0Jxvlr1FhCHVQ5CM+2OUxbn7teXIeJxwLfKCFfLUO3E="},"lastRemoteEphemeralKey":"BR2eVzw8QIEAcijiStzzoleMkZ4YD7qmOk6wF84l2woi","previousCounter":0,"rootKey":"2azdZpbwUH1N5MrnfDdtgSOdY5FiIPICIiZTIoqo1t4="},"indexInfo":{"baseKey":"BcXg4FV3ergYYJYSUCc6o0JHbdJrMMGn16mi78/vP6Mk","baseKeyType":2,"closed":1702289487744,"used":1702289480777,"created":1702289480777,"remoteIdentityKey":"BcxZ8ZDo6hVzJGMxh66hzELt17LZ9wbBEO5as4NfT6xs"},"_chains":{"BR2eVzw8QIEAcijiStzzoleMkZ4YD7qmOk6wF84l2woi":{"chainKey":{"counter":7,"key":"U5AVVKoKxvo+YecnXNwEr+oPCsBpTr3+SiM/+wuHIag="},"chainType":2,"messageKeys":{}},"BSdrYx4zvHXdPhJ6lHBYWAmXhjS6K4KYsahllwYrZTNF":{"chainKey":{"counter":-1,"key":"38lbNCoPNDM+Mhcz+EY8QEl0VX11xC9y9L9W6XQ/OvM="},"chainType":1,"messageKeys":{}}}},"BX2I+wXPC3xt6KSbfMYEP25UEdfQWKSak7EAmXbvKP4B":{"registrationId":87,"currentRatchet":{"ephemeralKeyPair":{"pubKey":"BRq39JwiyHzq1ampk/xKMxg5u0itww1jrrYpTDi/rXJ+","privKey":"wAr8PAFE3Pi/lf1CWi3AAY8xtquU0CBOjllkXHQy824="},"lastRemoteEphemeralKey":"BUbhuQbkmxNhkmvvs4jWQOlDI7zOneoNb/DT138xgqEe","previousCounter":0,"rootKey":"nS4ThBTNqUi+pY6nEK9cyYP9GGI0cw5Z0JWLOMchBH4="},"indexInfo":{"baseKey":"BX2I+wXPC3xt6KSbfMYEP25UEdfQWKSak7EAmXbvKP4B","baseKeyType":2,"closed":1702289498749,"used":1702289487759,"created":1702289487759,"remoteIdentityKey":"BcxZ8ZDo6hVzJGMxh66hzELt17LZ9wbBEO5as4NfT6xs"},"_chains":{"BUbhuQbkmxNhkmvvs4jWQOlDI7zOneoNb/DT138xgqEe":{"chainKey":{"counter":1,"key":"X1moZIu3joKcTY1SHX/F21ABiRUXhMvFDJ9iwQVaV+Q="},"chainType":2,"messageKeys":{}},"BRq39JwiyHzq1ampk/xKMxg5u0itww1jrrYpTDi/rXJ+":{"chainKey":{"counter":-1,"key":"1qAWb6vTcrMJAKMSU6BIfZN128lEQTeLyzvaRW5QRLQ="},"chainType":1,"messageKeys":{}}}},"BXdy0ihK6NsWZPPaDiH05OwpTx/RbxyRcJ2aQsa9+VEa":{"registrationId":87,"currentRatchet":{"ephemeralKeyPair":{"pubKey":"Be8nNBSicsQ6ahxn2e0CyEhMf6xOIjJpLjvdmqHD7TBb","privKey":"8HmRrTQIto5d87IwE8HJv3oJSb9mP0mREnuS6mgy7Wo="},"lastRemoteEphemeralKey":"BThgp4hsQafdVF6fl7sMArSinRfveYQylJ5bN8f7LtsS","previousCounter":0,"rootKey":"S7++0T6CZcpDB8AlO1ci0cN00naTxB5OqWfvc3KOZK0="},"indexInfo":{"baseKey":"BXdy0ihK6NsWZPPaDiH05OwpTx/RbxyRcJ2aQsa9+VEa","baseKeyType":2,"closed":1702289509199,"used":1702289498760,"created":1702289498760,"remoteIdentityKey":"BcxZ8ZDo6hVzJGMxh66hzELt17LZ9wbBEO5as4NfT6xs"},"_chains":{"BThgp4hsQafdVF6fl7sMArSinRfveYQylJ5bN8f7LtsS":{"chainKey":{"counter":5,"key":"912oOuPRTAARCXJg5TLuC8c5NE4eID//80hGDNI14uY="},"chainType":2,"messageKeys":{}},"Be8nNBSicsQ6ahxn2e0CyEhMf6xOIjJpLjvdmqHD7TBb":{"chainKey":{"counter":-1,"key":"xe9yoFFeDODNrHKKcuhwdjH7cmEQwUEKqJMk4gXWLZA="},"chainType":1,"messageKeys":{}}}},"BWuniCH9OUGRSzXmqzwnfMUIrws2NntOiKbedxVSkxYQ":{"registrationId":87,"currentRatchet":{"ephemeralKeyPair":{"pubKey":"BbAt62ZJX6i+6NdCEGY3/kNyNswxns/tcCUBEFiMbKx9","privKey":"+FIaHN5Rc4Axp/oL3EaQuk0YrSbdOWaLz6wSB2Qyv04="},"lastRemoteEphemeralKey":"BQVFsFG9pAmfRTSNWjq8nYGZurRialU9rlJYZlJUyeE+","previousCounter":0,"rootKey":"Nkf7y6zaJIMVuKRVVqEDEiLdp7BO9Ko6za7Ecwcubks="},"indexInfo":{"baseKey":"BWuniCH9OUGRSzXmqzwnfMUIrws2NntOiKbedxVSkxYQ","baseKeyType":2,"closed":1702289574630,"used":1702289509212,"created":1702289509212,"remoteIdentityKey":"BcxZ8ZDo6hVzJGMxh66hzELt17LZ9wbBEO5as4NfT6xs"},"_chains":{"BQVFsFG9pAmfRTSNWjq8nYGZurRialU9rlJYZlJUyeE+":{"chainKey":{"counter":1,"key":"NWkrDu4nweyo1Ek0nsS2VENd7NpbDUH1ZZd/BnT5rMs="},"chainType":2,"messageKeys":{}},"BbAt62ZJX6i+6NdCEGY3/kNyNswxns/tcCUBEFiMbKx9":{"chainKey":{"counter":-1,"key":"gLtcnGFzyt1LSimRMOzOuNvW3UJOADBVq3Et2yIIqzs="},"chainType":1,"messageKeys":{}}}},"BTJRou7zmxD1pgCAlW0OKIcEkKc642PEaIEXQbb/pJQS":{"registrationId":87,"currentRatchet":{"ephemeralKeyPair":{"pubKey":"BU5MQDiMreA+NLVLYiCKW3Bh6PynnvRY2vuQqOwJ/Fd0","privKey":"sCzLu0SOeWroyjGzethF1PUPRon+YoIvgjz0IIEO3XA="},"lastRemoteEphemeralKey":"BetGii6GtUh4ZOmT6AIpjTvseu9UYChNd3SXCkyEMmsT","previousCounter":0,"rootKey":"4wK38U0x40s9SC8N+2ua/SjMQNfyMdZ570+tU3zoqR0="},"indexInfo":{"baseKey":"BTJRou7zmxD1pgCAlW0OKIcEkKc642PEaIEXQbb/pJQS","baseKeyType":2,"closed":1702292174763,"used":1702289574641,"created":1702289574641,"remoteIdentityKey":"BcxZ8ZDo6hVzJGMxh66hzELt17LZ9wbBEO5as4NfT6xs"},"_chains":{"BetGii6GtUh4ZOmT6AIpjTvseu9UYChNd3SXCkyEMmsT":{"chainKey":{"counter":1,"key":"4xkLCktHcGK1ITczScdGJc9FkX6A22mOUsAcvDPj4VM="},"chainType":2,"messageKeys":{}},"BU5MQDiMreA+NLVLYiCKW3Bh6PynnvRY2vuQqOwJ/Fd0":{"chainKey":{"counter":60,"key":"P8+EU3Q6nOC69GSSpFv1HSeP3/pwjxPom0neaYIguH8="},"chainType":1,"messageKeys":{}}}},"BTr6nhwUbUCk4B3irGdgb3cKu+B+LYTAU1NvJvfcLDdt":{"registrationId":87,"currentRatchet":{"ephemeralKeyPair":{"pubKey":"BRqpLTIO6knRnI7WuGHcpPc5C59hUN48KDLpeFIj7ug/","privKey":"2AsnZNhxXM4RRvzcjb7Fr7ZVrha+IAxO86xMzA0xXUY="},"lastRemoteEphemeralKey":"BWksGiPK4+Ia7igdIIIi4V6OFih9A3FLv2o9rlCIWFII","previousCounter":0,"rootKey":"n6tL5LrAXxKtyS+w9fichAfJWAHf4z8/yrXfqTDuUU4="},"indexInfo":{"baseKey":"BTr6nhwUbUCk4B3irGdgb3cKu+B+LYTAU1NvJvfcLDdt","baseKeyType":2,"closed":1702790461923,"used":1702292174788,"created":1702292174788,"remoteIdentityKey":"BcxZ8ZDo6hVzJGMxh66hzELt17LZ9wbBEO5as4NfT6xs"},"_chains":{"BWksGiPK4+Ia7igdIIIi4V6OFih9A3FLv2o9rlCIWFII":{"chainKey":{"counter":0,"key":"6WdEZCUEA19hdExD+bsnrFA2B8dSWVn+czvG3H/BDMQ="},"chainType":2,"messageKeys":{}},"BRqpLTIO6knRnI7WuGHcpPc5C59hUN48KDLpeFIj7ug/":{"chainKey":{"counter":22,"key":"rQ1DxeB5OYPH/rKMLh22nqYqT38R3RyjfO5fvtO55TQ="},"chainType":1,"messageKeys":{}}}},"BRJg6zZhRog9MiaIFZoaJkYUPk+C1mIHoz0vgAXqSqF5":{"registrationId":87,"currentRatchet":{"ephemeralKeyPair":{"pubKey":"BTxm9vsdUwuILxv5IXmClGam0OrAkYb4dVgFqWuKgzdQ","privKey":"eFIaMZEEXuBe871cLTFJfj0pQkE/W3Ww6C4xd/u05GM="},"lastRemoteEphemeralKey":"BXGX2ZU88p0HZreQ1wTrc6nacBFTB2ymdqzRzfkINy4n","previousCounter":0,"rootKey":"6oT9VS9lN9ahJVNJ8OtGMy2rCov7+vMkNVLUxB998kQ="},"indexInfo":{"baseKey":"BRJg6zZhRog9MiaIFZoaJkYUPk+C1mIHoz0vgAXqSqF5","baseKeyType":2,"closed":1702790479916,"used":1702790461941,"created":1702790461941,"remoteIdentityKey":"BcxZ8ZDo6hVzJGMxh66hzELt17LZ9wbBEO5as4NfT6xs"},"_chains":{"BXGX2ZU88p0HZreQ1wTrc6nacBFTB2ymdqzRzfkINy4n":{"chainKey":{"counter":2,"key":"+xovsQTsLYGzG64mW35sxwdIjxSuSFumh1YEXdlPNXI="},"chainType":2,"messageKeys":{}},"BTxm9vsdUwuILxv5IXmClGam0OrAkYb4dVgFqWuKgzdQ":{"chainKey":{"counter":-1,"key":"jPccchTv0qsHrf5FMpl+T9zSAv0VaEMzbWy+SEnksHI="},"chainType":1,"messageKeys":{}}}},"BUrtteZJGU1v7SzX8x7e5sW90SfsJsYVxbOLme/zFbJI":{"registrationId":87,"currentRatchet":{"ephemeralKeyPair":{"pubKey":"BbEW+YD28KvDsH8hAWZYdTExQj9mFehW/GVqyU5rIJsb","privKey":"+IpkoLCxcL3swEpgxM59Dro/ZAG7RE5bJL1q7u7/g08="},"lastRemoteEphemeralKey":"BUPt51heumqa73IkjnDiJaxYYqg05yLDqD0dc50fJm4d","previousCounter":0,"rootKey":"CLdiQ44PUAnoT3zZvE8haB8yPKZASbreeSo8/m1PZPA="},"indexInfo":{"baseKey":"BUrtteZJGU1v7SzX8x7e5sW90SfsJsYVxbOLme/zFbJI","baseKeyType":2,"closed":1702790498980,"used":1702790479934,"created":1702790479934,"remoteIdentityKey":"BcxZ8ZDo6hVzJGMxh66hzELt17LZ9wbBEO5as4NfT6xs"},"_chains":{"BUPt51heumqa73IkjnDiJaxYYqg05yLDqD0dc50fJm4d":{"chainKey":{"counter":1,"key":"higUbhCxZvDQpnsa6+E/R2wUyE5oHfZYY7709fvXFcE="},"chainType":2,"messageKeys":{}},"BbEW+YD28KvDsH8hAWZYdTExQj9mFehW/GVqyU5rIJsb":{"chainKey":{"counter":-1,"key":"1n2Lj2NcrA/zPluS6DXrBOfdojgXf+9+tPZl1u6HBZM="},"chainType":1,"messageKeys":{}}}},"BXNVtpxLdN4De650wMp096JiZQprjEcKOFnix8tETJMF":{"registrationId":87,"currentRatchet":{"ephemeralKeyPair":{"pubKey":"BUiUEoGgkOGNnfNlCSmg/E3kkmDUgtG42j8wZg2E7yVM","privKey":"CHGLsmmmAW/wor2HhCM5BUHlsrmqk9jJdr4Nna9SM2E="},"lastRemoteEphemeralKey":"BaKcP6cNeZRQ9AEcr/wR1rQgior+epO0pkMNkm6uzuw+","previousCounter":0,"rootKey":"5A7515FFqBvBNAB4q0RxJeVObNdYmTYWK39yvKujw8E="},"indexInfo":{"baseKey":"BXNVtpxLdN4De650wMp096JiZQprjEcKOFnix8tETJMF","baseKeyType":2,"closed":1702790538967,"used":1702790499000,"created":1702790499000,"remoteIdentityKey":"BcxZ8ZDo6hVzJGMxh66hzELt17LZ9wbBEO5as4NfT6xs"},"_chains":{"BaKcP6cNeZRQ9AEcr/wR1rQgior+epO0pkMNkm6uzuw+":{"chainKey":{"counter":1,"key":"T7SgIKf/G6FEZfBKt7w4DJu8zGmcquZ8Jjhr69Zmhzg="},"chainType":2,"messageKeys":{}},"BUiUEoGgkOGNnfNlCSmg/E3kkmDUgtG42j8wZg2E7yVM":{"chainKey":{"counter":-1,"key":"63M9bztLbCdbHzdsJzJhga45JG+ScexAQ8D/wELGIjY="},"chainType":1,"messageKeys":{}}}},"BSD12DRsV7iGU3MDB6Zlj7AJ/ZD3GkWCDCTnVNDZLP5G":{"registrationId":87,"currentRatchet":{"ephemeralKeyPair":{"pubKey":"Bb0MVq5RG6lLwl+XX3q0GR1sh4ziFd0YSHkAgYMs6Tgl","privKey":"kMaUj1/m2J/ETcjw8INKUHgavgGD8HhC9julAbUnUVc="},"lastRemoteEphemeralKey":"BSj39+aSJHOKpCGgxX9PQih70bzYO6bCjUP/d6PXn4VT","previousCounter":0,"rootKey":"CpEkbciCSqLiPF8z8snQchElV+REgK6omAJIkjngTaA="},"indexInfo":{"baseKey":"BSD12DRsV7iGU3MDB6Zlj7AJ/ZD3GkWCDCTnVNDZLP5G","baseKeyType":2,"closed":1702790550247,"used":1702790538984,"created":1702790538984,"remoteIdentityKey":"BcxZ8ZDo6hVzJGMxh66hzELt17LZ9wbBEO5as4NfT6xs"},"_chains":{"BSj39+aSJHOKpCGgxX9PQih70bzYO6bCjUP/d6PXn4VT":{"chainKey":{"counter":1,"key":"E8u9NTAVZ6N/HzK2O9L9UIDSE8CNe5iBvV9f3lwwmK4="},"chainType":2,"messageKeys":{}},"Bb0MVq5RG6lLwl+XX3q0GR1sh4ziFd0YSHkAgYMs6Tgl":{"chainKey":{"counter":-1,"key":"hEgtKnIP5Db7q8zl4cU7VM9X3mfond1vhicVqxaEtRo="},"chainType":1,"messageKeys":{}}}},"BQ6V1a0cli8RthV6dcpd9e4urqpdqS0xJBOj0iwL/GAt":{"registrationId":87,"currentRatchet":{"ephemeralKeyPair":{"pubKey":"BT5slL6/V3KofBtK7DYKM+0eGnK+H5+7YEP9Z4DQ0o1n","privKey":"kGPC4M66g4G4QoSE0rZGzAAmqB1Jayp//Up3K/2KOXU="},"lastRemoteEphemeralKey":"BSwIVBcNaVmeDqh14yuYaOoNHRvsScfr/FEtHBiBNuJ5","previousCounter":0,"rootKey":"XgPpJcpAY8Sh0JrL1B6bG9KQN2My/+5VdfyFDJt/0o0="},"indexInfo":{"baseKey":"BQ6V1a0cli8RthV6dcpd9e4urqpdqS0xJBOj0iwL/GAt","baseKeyType":2,"closed":1703498715268,"used":1702790550263,"created":1702790550263,"remoteIdentityKey":"BcxZ8ZDo6hVzJGMxh66hzELt17LZ9wbBEO5as4NfT6xs"},"_chains":{"BSwIVBcNaVmeDqh14yuYaOoNHRvsScfr/FEtHBiBNuJ5":{"chainKey":{"counter":1,"key":"WSy92tfEmBOzZgZEIqZG2k8pBTQ8xuMNpIDkYgHoXXw="},"chainType":2,"messageKeys":{}},"BT5slL6/V3KofBtK7DYKM+0eGnK+H5+7YEP9Z4DQ0o1n":{"chainKey":{"counter":7,"key":"1lsWwQ/xGU0zcQfeU5ttfEU9yHSB9wr1YytrG2oyZK4="},"chainType":1,"messageKeys":{}}}},"BcD80fmJz+R5CcBMuoK1gudOeHRX8mmrfiNPaHEYOIRL":{"registrationId":87,"currentRatchet":{"ephemeralKeyPair":{"pubKey":"BSb83I4o6xldB/HMEhiVeUdO7qHsUtL62+DARJt0IYwy","privKey":"2A3kSXnitjiXIAh8wRqjCj6Hw6wLqo1K3s6kdMXyOVM="},"lastRemoteEphemeralKey":"Bb2gsl4BgzoQYCgmfcECMryLKJmI87cRo6AkVYozcM1i","previousCounter":0,"rootKey":"IEeYBWR7wnQF3axD4tZs8z2IeUCHd5FEDxCr0+KNbyM="},"indexInfo":{"baseKey":"BcD80fmJz+R5CcBMuoK1gudOeHRX8mmrfiNPaHEYOIRL","baseKeyType":2,"closed":1703498718024,"used":1703498715291,"created":1703498715291,"remoteIdentityKey":"BcxZ8ZDo6hVzJGMxh66hzELt17LZ9wbBEO5as4NfT6xs"},"_chains":{"Bb2gsl4BgzoQYCgmfcECMryLKJmI87cRo6AkVYozcM1i":{"chainKey":{"counter":3,"key":"L0LcM6dtoan6SmeaNhecQ4eePazPEK7yu/TyyapwgZI="},"chainType":2,"messageKeys":{}},"BSb83I4o6xldB/HMEhiVeUdO7qHsUtL62+DARJt0IYwy":{"chainKey":{"counter":-1,"key":"f/qUHy+ThqHMPYmmmNTUij9AbPRvvIMGnxoJb/819GM="},"chainType":1,"messageKeys":{}}}},"BT54m1TZg3VD+zdN/wKT+6eLp++vcD9jA1aurRHJ27ME":{"registrationId":87,"currentRatchet":{"ephemeralKeyPair":{"pubKey":"BTOFJBdA/KYXqD6xpU68wojxf0znu2m9/HhCTsIeQyIX","privKey":"MDGvi7TgqbISNVTfhIqV+rZFOQKGv2xP0GVZrI3qYH0="},"lastRemoteEphemeralKey":"BTobF20uKzNiIg46kTGTIWuOabUxWCUrb8FBgXopyCBO","previousCounter":0,"rootKey":"59cdZLh24pAlpDnC1BK33r4FlSNC7x49JckM1eLHTyU="},"indexInfo":{"baseKey":"BT54m1TZg3VD+zdN/wKT+6eLp++vcD9jA1aurRHJ27ME","baseKeyType":2,"closed":1703498719235,"used":1703498718043,"created":1703498718043,"remoteIdentityKey":"BcxZ8ZDo6hVzJGMxh66hzELt17LZ9wbBEO5as4NfT6xs"},"_chains":{"BTobF20uKzNiIg46kTGTIWuOabUxWCUrb8FBgXopyCBO":{"chainKey":{"counter":2,"key":"1Bj0dNPEwtYrHcKOkpfGW3W59vROj/ut6emRtudZOfI="},"chainType":2,"messageKeys":{}},"BTOFJBdA/KYXqD6xpU68wojxf0znu2m9/HhCTsIeQyIX":{"chainKey":{"counter":-1,"key":"gaIEksilcluegIOmhfwBQh7Od+LODgMYHoG54iYMKjA="},"chainType":1,"messageKeys":{}}}},"BbBCu8SSyzY7LUNH5VvOt9Z/lwHEQMKUuhxZ+8sOkeEz":{"registrationId":87,"currentRatchet":{"ephemeralKeyPair":{"pubKey":"BU4kxSoExUIdtP6YGxlgNwiRET/4LusWor7L62sHA3QM","privKey":"ODedo2mFddDF0ypf8p0DKELbHPRZg/8RJ7laWCBtbEQ="},"lastRemoteEphemeralKey":"BRmCQHE6V45ErZMClKcCoEKBu+p+xAy4rfPUtDc6xiEh","previousCounter":0,"rootKey":"ZRT99mhmG+gEiDzT541Y04w3qztGW84CB2bySCyEqCg="},"indexInfo":{"baseKey":"BbBCu8SSyzY7LUNH5VvOt9Z/lwHEQMKUuhxZ+8sOkeEz","baseKeyType":2,"closed":1703498728197,"used":1703498719249,"created":1703498719249,"remoteIdentityKey":"BcxZ8ZDo6hVzJGMxh66hzELt17LZ9wbBEO5as4NfT6xs"},"_chains":{"BRmCQHE6V45ErZMClKcCoEKBu+p+xAy4rfPUtDc6xiEh":{"chainKey":{"counter":3,"key":"5vLXcBHdCI80qhDPVsKe5lXoO2bOlg5W36iTcCkrAM0="},"chainType":2,"messageKeys":{}},"BU4kxSoExUIdtP6YGxlgNwiRET/4LusWor7L62sHA3QM":{"chainKey":{"counter":-1,"key":"1MFDS4LQnP/V1rVxs9Hwumuv19dkhtGZaUvsC/k3HB0="},"chainType":1,"messageKeys":{}}}},"BWUdQuraDuqGMI9sv8PQ3pxbc8uqmWaIJX/MWZ92eykd":{"registrationId":87,"currentRatchet":{"ephemeralKeyPair":{"pubKey":"BWBc4B4P8e+K7l2QzPR1bw+2rlAJrFo1dHZkKXTVRp0I","privKey":"wP/esSoUUk+HNDe8/G1F/82GkE0LMuA1+UdFTElms24="},"lastRemoteEphemeralKey":"BQ8kUcAO18/nR0OWEXJbAKmbSdfAI0wlDc5bRH/V7YYd","previousCounter":0,"rootKey":"MBqfrWU0YLKsJLfKqDt49KchUTONJ2gcJAIFQ2Jv9EA="},"indexInfo":{"baseKey":"BWUdQuraDuqGMI9sv8PQ3pxbc8uqmWaIJX/MWZ92eykd","baseKeyType":2,"closed":1703498758904,"used":1703498728212,"created":1703498728212,"remoteIdentityKey":"BcxZ8ZDo6hVzJGMxh66hzELt17LZ9wbBEO5as4NfT6xs"},"_chains":{"BQ8kUcAO18/nR0OWEXJbAKmbSdfAI0wlDc5bRH/V7YYd":{"chainKey":{"counter":7,"key":"eoCDBdCWRXMSa2dp+9WOR1av+1/U7RN03iTdtg5r8Yw="},"chainType":2,"messageKeys":{}},"BWBc4B4P8e+K7l2QzPR1bw+2rlAJrFo1dHZkKXTVRp0I":{"chainKey":{"counter":-1,"key":"0QDKFO0uIlfgh7CdKmhmpWvtCMWcQ2Icwh6xCk5IJj0="},"chainType":1,"messageKeys":{}}}},"BSLKckvtjzyYoimPEqInwedoQPHQhD5ny60N1zh2vmcC":{"registrationId":87,"currentRatchet":{"ephemeralKeyPair":{"pubKey":"BY2D7XdNfJGMseEiUmA9/7HsKDVOHGy+goc+MJvf/RBO","privKey":"+MtD53P+yRuylL0jLl2yym2EpvTinVUYjh1K8+lJUl8="},"lastRemoteEphemeralKey":"BU2g00G6/lGHV6AJHWVfMRXgYceFh5JlGglvhHjKBDdC","previousCounter":0,"rootKey":"JvWQz191tsVt8Cjf95sNC2V/Ux2YbUMmjSlprORjjKI="},"indexInfo":{"baseKey":"BSLKckvtjzyYoimPEqInwedoQPHQhD5ny60N1zh2vmcC","baseKeyType":2,"closed":1703498800194,"used":1703498758918,"created":1703498758918,"remoteIdentityKey":"BcxZ8ZDo6hVzJGMxh66hzELt17LZ9wbBEO5as4NfT6xs"},"_chains":{"BU2g00G6/lGHV6AJHWVfMRXgYceFh5JlGglvhHjKBDdC":{"chainKey":{"counter":1,"key":"wARmEZBRSyEGVt5F7fSE9DJQ2Lqy4dIQpwFuf/ao6vQ="},"chainType":2,"messageKeys":{}},"BY2D7XdNfJGMseEiUmA9/7HsKDVOHGy+goc+MJvf/RBO":{"chainKey":{"counter":-1,"key":"ZUm7QCTREDeteY1EKzXRKVxqCqPk+P/FhAAa5ay68ls="},"chainType":1,"messageKeys":{}}}},"BTS069tVwQ6nx9lBqahZeWsY0SpMj1N+kqGP1oP41Nlm":{"registrationId":87,"currentRatchet":{"ephemeralKeyPair":{"pubKey":"Bc34R8L7q6+hkfjgWtQfyqEDo/l45NNC9Yhj2PL4ZrYP","privKey":"gK8FUf9hwJPw9oHsDbhRsUto4+zvSLbZrQADLWcqWFA="},"lastRemoteEphemeralKey":"BYu2teCJRlXdwEX/K2UpzbmzIg9uRrBn2HuISt5SqT0z","previousCounter":0,"rootKey":"Iye9fprAMyLqd5jrJ4sE+vSWsgJGp7cnxVIaMcQ+mgQ="},"indexInfo":{"baseKey":"BTS069tVwQ6nx9lBqahZeWsY0SpMj1N+kqGP1oP41Nlm","baseKeyType":2,"closed":1703498800454,"used":1703498800209,"created":1703498800209,"remoteIdentityKey":"BcxZ8ZDo6hVzJGMxh66hzELt17LZ9wbBEO5as4NfT6xs"},"_chains":{"BYu2teCJRlXdwEX/K2UpzbmzIg9uRrBn2HuISt5SqT0z":{"chainKey":{"counter":1,"key":"keK2QZ0UNjZ1uhGmc+7WFX8eHojipEU8zmOGUoJh4K4="},"chainType":2,"messageKeys":{}},"Bc34R8L7q6+hkfjgWtQfyqEDo/l45NNC9Yhj2PL4ZrYP":{"chainKey":{"counter":-1,"key":"D3wkobLlNzYYyONfIXHpuVNckUksdUE9QqY/a+TnrLQ="},"chainType":1,"messageKeys":{}}}},"BRF4O1m+G9Q9pKvfQ/Az4AA9GroBZLXefSH6hYAIVy1w":{"registrationId":87,"currentRatchet":{"ephemeralKeyPair":{"pubKey":"BRnlrKmxNrosXQOL0MzoLaOu/AK24c7gf8dMPa9J0ElV","privKey":"+ODzww3e8XivWtuh49+S0GJCCbYw1xez0maS2Tna+FM="},"lastRemoteEphemeralKey":"BZzL971i/RgVM1RyTFMeg3psnJ6O8xvdAcIjahfoMhER","previousCounter":0,"rootKey":"DZHu6dA2mgilxSgUa4xCxXbZvckhlTr6zIl2iSzUymk="},"indexInfo":{"baseKey":"BRF4O1m+G9Q9pKvfQ/Az4AA9GroBZLXefSH6hYAIVy1w","baseKeyType":2,"closed":1703498800753,"used":1703498800470,"created":1703498800470,"remoteIdentityKey":"BcxZ8ZDo6hVzJGMxh66hzELt17LZ9wbBEO5as4NfT6xs"},"_chains":{"BZzL971i/RgVM1RyTFMeg3psnJ6O8xvdAcIjahfoMhER":{"chainKey":{"counter":1,"key":"ovNSQ78P7TaNx7FsPZYpiRoJDTOohc1W1en+Zm2jVF8="},"chainType":2,"messageKeys":{}},"BRnlrKmxNrosXQOL0MzoLaOu/AK24c7gf8dMPa9J0ElV":{"chainKey":{"counter":-1,"key":"0g1ELDHa/FlqcLfg4zNsOEJhCZGMeGdXD/1sON8stLY="},"chainType":1,"messageKeys":{}}}},"BeLCPz2YgWS4wJ212G16TXkbzyswT51UxgGIAWeck0on":{"registrationId":87,"currentRatchet":{"ephemeralKeyPair":{"pubKey":"BYZ7Yc80JbMl0FstXjl3ikLXFaHHYbj02u2aLRmlMZQ4","privKey":"aADyaJKt8v9ubmRDkEfu+7Fb5FM4xn5GwBFITUhA5lE="},"lastRemoteEphemeralKey":"Bf1KSwhn8VREM3PEFRtpSOQYtyWjPl0luH4tliD9x/t3","previousCounter":24,"rootKey":"VNfR302Q0y304vOkR4+DJlS+p8xa3p3jgDENfnBD/f0="},"indexInfo":{"baseKey":"BeLCPz2YgWS4wJ212G16TXkbzyswT51UxgGIAWeck0on","baseKeyType":2,"closed":1704752322112,"used":1704752317547,"created":1703498800771,"remoteIdentityKey":"BcxZ8ZDo6hVzJGMxh66hzELt17LZ9wbBEO5as4NfT6xs"},"_chains":{"BZuUVN7ROe5QPS1m5y+XaCGFveub6TBbrb5csVr/qJBj":{"chainKey":{"counter":5},"chainType":2,"messageKeys":{}},"Bf1KSwhn8VREM3PEFRtpSOQYtyWjPl0luH4tliD9x/t3":{"chainKey":{"counter":5,"key":"T3soGhlkCR2WQBwen8y3vdjNlpaomQ5zBkm33gKJExQ="},"chainType":2,"messageKeys":{}},"BYZ7Yc80JbMl0FstXjl3ikLXFaHHYbj02u2aLRmlMZQ4":{"chainKey":{"counter":-1,"key":"TURzqSq8aWBKaIzQTfNSmNoDeC6csisr/XbfiC4Mxfw="},"chainType":1,"messageKeys":{}}}},"BfWG2B34V3KUdgh0o8RpfP/yown/lYqbrwWBadEcFIo+":{"registrationId":87,"currentRatchet":{"ephemeralKeyPair":{"pubKey":"BZqSms69df3xScWH63cMqUAgdlZpjenOu8267Ba82G49","privKey":"wE79ykH0XKEifmFo9AUpc89Qo5Q/I+jmfdXnTFHNV3Q="},"lastRemoteEphemeralKey":"BVLXcoS8vm9HLWyU8qx432D7XZwbCo8zJD9qEuTJ4XxC","previousCounter":0,"rootKey":"HFlHs9Lw37uhxylMruTdsohonqy/SnIemoMecYzlRIo="},"indexInfo":{"baseKey":"BfWG2B34V3KUdgh0o8RpfP/yown/lYqbrwWBadEcFIo+","baseKeyType":2,"closed":1704752341114,"used":1704752322129,"created":1704752322129,"remoteIdentityKey":"BcxZ8ZDo6hVzJGMxh66hzELt17LZ9wbBEO5as4NfT6xs"},"_chains":{"BVLXcoS8vm9HLWyU8qx432D7XZwbCo8zJD9qEuTJ4XxC":{"chainKey":{"counter":1,"key":"ibCV6x/qjIyeOXQakOkhbooudaWv836D75qwYighXyo="},"chainType":2,"messageKeys":{}},"BZqSms69df3xScWH63cMqUAgdlZpjenOu8267Ba82G49":{"chainKey":{"counter":-1,"key":"hXEXtsaDT6sbQoDsb2U2ZegrTsNQB29h7DhElY/obpo="},"chainType":1,"messageKeys":{}}}},"BQMgJujuLnCT6gNI5FAU/C787VeEfi0V9YzttbOmTbpJ":{"registrationId":87,"currentRatchet":{"ephemeralKeyPair":{"pubKey":"BcbzrNhMkJlVmstTBCPqjfMiZ2irLWUFcUC10DUXAQgn","privKey":"SJeFaWT3Jj6AuoBL3r9UV3LyQqOmyGJYbRrb3/1m4VE="},"lastRemoteEphemeralKey":"BVKatMLDA3vtVzk+3BQZbJjY5fKYLPPjVri56abyhbx6","previousCounter":0,"rootKey":"CTz9+Pp4jsKvOMd0I9oGp5SyaxSzGxAtVVQGuifkmE4="},"indexInfo":{"baseKey":"BQMgJujuLnCT6gNI5FAU/C787VeEfi0V9YzttbOmTbpJ","baseKeyType":2,"closed":1704752344674,"used":1704752341130,"created":1704752341130,"remoteIdentityKey":"BcxZ8ZDo6hVzJGMxh66hzELt17LZ9wbBEO5as4NfT6xs"},"_chains":{"BVKatMLDA3vtVzk+3BQZbJjY5fKYLPPjVri56abyhbx6":{"chainKey":{"counter":3,"key":"R6ie+5Li2NuEkT6vsHR25ZB+p3EI/UtOuKLSQj6Il7Q="},"chainType":2,"messageKeys":{}},"BcbzrNhMkJlVmstTBCPqjfMiZ2irLWUFcUC10DUXAQgn":{"chainKey":{"counter":-1,"key":"yUC96MfCt8i8Hn7woA+N2vjgQXAVvYIF7ADmhoyolZg="},"chainType":1,"messageKeys":{}}}},"Bd/+42fJUjfn0gWlpDPW30157ExHEUVs1mAxkBa9iflf":{"registrationId":87,"currentRatchet":{"ephemeralKeyPair":{"pubKey":"BUCA4u0PXdv9/xFraImHHXL0wKbIcmNYK5STISRfOKsw","privKey":"MEIb3VhsKH1pwzIbhdH4nIO/OWvmk1IajniSRyL3nHs="},"lastRemoteEphemeralKey":"BW2RPpYbJu3zd4dcxM81RynEmFinDdE97KZfGffHADJW","previousCounter":0,"rootKey":"crP2EtOZ2gRYGombBPL+gyvyAaxbg96/c+0XtfUaMOY="},"indexInfo":{"baseKey":"Bd/+42fJUjfn0gWlpDPW30157ExHEUVs1mAxkBa9iflf","baseKeyType":2,"closed":1704752371880,"used":1704752344693,"created":1704752344693,"remoteIdentityKey":"BcxZ8ZDo6hVzJGMxh66hzELt17LZ9wbBEO5as4NfT6xs"},"_chains":{"BW2RPpYbJu3zd4dcxM81RynEmFinDdE97KZfGffHADJW":{"chainKey":{"counter":1,"key":"1cg61MEWIiqTPv/46yUzblLfXC3WSXKFz81u+rkesqA="},"chainType":2,"messageKeys":{}},"BUCA4u0PXdv9/xFraImHHXL0wKbIcmNYK5STISRfOKsw":{"chainKey":{"counter":-1,"key":"0Ad8gO3VXIjsgOM384oBmhvPzPz0WtUXR6ZKCoiz174="},"chainType":1,"messageKeys":{}}}},"Bbl238bLs9sm0nNwgdXEMjsAp9u0Xt0K44OGeMPBugBg":{"registrationId":87,"currentRatchet":{"ephemeralKeyPair":{"pubKey":"BS8itIMQOCY8bT0xo2q7JYdYbWMP+BKrf1mcr8hKRJR6","privKey":"8PfKvuZUBXe3fVil36hZqArr/hutDUZjtrnzGrbdNlo="},"lastRemoteEphemeralKey":"BTLrK1KHN0gtxJDm9svMecup5qoQjHsgYJFZed2xR0Eg","previousCounter":0,"rootKey":"wFx9fchFeUqKWs8oXGVfaWK6ibUSSyHpCWuJVAxuoq0="},"indexInfo":{"baseKey":"Bbl238bLs9sm0nNwgdXEMjsAp9u0Xt0K44OGeMPBugBg","baseKeyType":2,"closed":1704752395078,"used":1704752371893,"created":1704752371893,"remoteIdentityKey":"BcxZ8ZDo6hVzJGMxh66hzELt17LZ9wbBEO5as4NfT6xs"},"_chains":{"BTLrK1KHN0gtxJDm9svMecup5qoQjHsgYJFZed2xR0Eg":{"chainKey":{"counter":1,"key":"6DIdX7fwZN2GDa7W2WdVPcF8QSiqWqMKDxvc7GCcj5s="},"chainType":2,"messageKeys":{}},"BS8itIMQOCY8bT0xo2q7JYdYbWMP+BKrf1mcr8hKRJR6":{"chainKey":{"counter":-1,"key":"kZugONhJ7aN93P82/SUAgJKrOHFPpjkodGGBJcdTAPo="},"chainType":1,"messageKeys":{}}}},"BZ8Q0fi4ufPVPDkdw83QXkdDeKAx3nMCmleCHqgcCxJR":{"registrationId":87,"currentRatchet":{"ephemeralKeyPair":{"pubKey":"BSEaaLaa2mULQ3YDmNVDFCcgkOw2/c+M0dxLUbs5ZKBP","privKey":"CACRWBeuLzXHXR0ez2VWSD0Eh7bWbO/Fi11L9ecdoWQ="},"lastRemoteEphemeralKey":"BWz0siZ2Z5XMtFvNX/b9++haVh5Vl1UB+14ErfoDchAW","previousCounter":0,"rootKey":"370QPHkl7fz8gLqEE62Umy48fQroRFpuBvETptUvR8M="},"indexInfo":{"baseKey":"BZ8Q0fi4ufPVPDkdw83QXkdDeKAx3nMCmleCHqgcCxJR","baseKeyType":2,"closed":1704752407535,"used":1704752395092,"created":1704752395092,"remoteIdentityKey":"BcxZ8ZDo6hVzJGMxh66hzELt17LZ9wbBEO5as4NfT6xs"},"_chains":{"BWz0siZ2Z5XMtFvNX/b9++haVh5Vl1UB+14ErfoDchAW":{"chainKey":{"counter":3,"key":"2srLbuX8dd0Nb68fzgnbi55m4UeKcwQ192w7QLXIfBo="},"chainType":2,"messageKeys":{}},"BSEaaLaa2mULQ3YDmNVDFCcgkOw2/c+M0dxLUbs5ZKBP":{"chainKey":{"counter":-1,"key":"+D2hyDeJ1TicBqQlcnDIteMAYvxpBugPwIcCNq3z5Wc="},"chainType":1,"messageKeys":{}}}},"BXFqPooaS/3DYnJX80EVek1pLrb1NCPgPHMILyy4IKIR":{"registrationId":87,"currentRatchet":{"ephemeralKeyPair":{"pubKey":"BfiJezA1Cn+KAftFBHmeyj8yuMiV32KxOVhcNELEV8Ej","privKey":"KHs1AkfTB9EKoaUBAiDumQK5jpJqd4Mb17+hFgvO8EA="},"lastRemoteEphemeralKey":"BQlhWCcSmOX5/nHMuTjNOI4yIKdmyobdbL87Pny2+hoT","previousCounter":0,"rootKey":"lzQGUQ/TDZzdXom1vWjznbwenN99CWJ3Nop5Bvw6JyI="},"indexInfo":{"baseKey":"BXFqPooaS/3DYnJX80EVek1pLrb1NCPgPHMILyy4IKIR","baseKeyType":2,"closed":-1,"used":1704752407553,"created":1704752407553,"remoteIdentityKey":"BcxZ8ZDo6hVzJGMxh66hzELt17LZ9wbBEO5as4NfT6xs"},"_chains":{"BQlhWCcSmOX5/nHMuTjNOI4yIKdmyobdbL87Pny2+hoT":{"chainKey":{"counter":8,"key":"BlylQk0l29goRRLrdwLNcVpqBhro2X8Cf/TNGluw6HA="},"chainType":2,"messageKeys":{}},"BfiJezA1Cn+KAftFBHmeyj8yuMiV32KxOVhcNELEV8Ej":{"chainKey":{"counter":8,"key":"SW37XB6irDJWHrNsKLfbiV1UxGcpiMdFRJqF3/Z/JXs="},"chainType":1,"messageKeys":{}}}}},"version":"v1"}