{"_sessions":{"BWtPBuAtVPm5/ExRC2KH3VW/ZIM47ZQMlFHnlu/VJjUi":{"registrationId":489120552,"currentRatchet":{"ephemeralKeyPair":{"pubKey":"BbEX8dtzJB2Ba9sDWi2IptKLdDNRig0Z7r4aJMekVrh6","privKey":"oIrTSyN4p6+rD+N0KxtqDmaFiuhI8eMuYHdk6ta6c3k="},"lastRemoteEphemeralKey":"Bbbjl6az5eK8Lg6XzkU7+aKKWSUeCoFeRNaRc8GyB2YV","previousCounter":0,"rootKey":"OEr1haULqES9RsZa0TrnpnIAYtfQqeiN+gRWlTNBntc="},"indexInfo":{"baseKey":"BWtPBuAtVPm5/ExRC2KH3VW/ZIM47ZQMlFHnlu/VJjUi","baseKeyType":2,"closed":-1,"used":1703498799307,"created":1703498799307,"remoteIdentityKey":"BRVEKvQGbmUSBBpadhFpEIR0ARkL+pT0eXC+FP+lLt14"},"_chains":{"Bbbjl6az5eK8Lg6XzkU7+aKKWSUeCoFeRNaRc8GyB2YV":{"chainKey":{"counter":0,"key":"yLnDadrSQ1hMFKtF+Kj6SvmqXcmdAkTQ+xQmqXWCAho="},"chainType":2,"messageKeys":{}},"BbEX8dtzJB2Ba9sDWi2IptKLdDNRig0Z7r4aJMekVrh6":{"chainKey":{"counter":-1,"key":"lXX9ZL/OAtnpAqqU1hGo9Mv6pSvm6qJ9gvk9pqfeanU="},"chainType":1,"messageKeys":{}}}}},"version":"v1"}