{"_sessions":{"BSiKawCBrobndB1/cXsEZGml4a2ygSKgytNq8YwDIT4G":{"registrationId":644682258,"currentRatchet":{"ephemeralKeyPair":{"pubKey":"BRI/Zhc1inWv6zZ3PRujEYbITUL5kS9/43AfTVwTNqEs","privKey":"EDWDlj3/jWG2kNLXaPLvhlyUIkp5WCbfJQG3G9DWtX8="},"lastRemoteEphemeralKey":"BUO2Tt6nFuZmJespIOdSA6ucVYWQhig7ONX2e/3qIjAo","previousCounter":0,"rootKey":"OO+apKRubCMgtYgNFykbZ57svobkKH02Mj9NkYNjBAs="},"indexInfo":{"baseKey":"BSiKawCBrobndB1/cXsEZGml4a2ygSKgytNq8YwDIT4G","baseKeyType":2,"closed":-1,"used":1701295244632,"created":1701295244632,"remoteIdentityKey":"Bev5kwZ/8yP67FNSmPRlTDYzHj41esGs4rkK0BfUqJhn"},"_chains":{"BUO2Tt6nFuZmJespIOdSA6ucVYWQhig7ONX2e/3qIjAo":{"chainKey":{"counter":1,"key":"yrLRZIILgfuRAhvZv4WwPOCwU62K97JKv1SSEw4OEdY="},"chainType":2,"messageKeys":{}},"BRI/Zhc1inWv6zZ3PRujEYbITUL5kS9/43AfTVwTNqEs":{"chainKey":{"counter":-1,"key":"MQJBYK39TSxC5q3Xic+6gC4wVc3ZL+DM71anZAzjUw0="},"chainType":1,"messageKeys":{}}}}},"version":"v1"}