{"_sessions":{"BTKzxGpBhYe2J/keyohZuk1XLtDe2Ny3PHTH5DIuynhY":{"registrationId":948045184,"currentRatchet":{"ephemeralKeyPair":{"pubKey":"BWEjmnYyiaBL8+b32feTfiCGfM4RM+p8k98AQCFDH3de","privKey":"iEywXaJV7eOAA73ka8wUgUxrKEV3AlSixVmQqJNm30g="},"lastRemoteEphemeralKey":"BQr9JqR/rwjYDNodlseSSfNmiBCLqBw2qekXkZzVtrYE","previousCounter":0,"rootKey":"o4EmUGQwnyrA2WuHVx+uwFQVgHwsjuNiesGHwJ01FH4="},"indexInfo":{"baseKey":"BTKzxGpBhYe2J/keyohZuk1XLtDe2Ny3PHTH5DIuynhY","baseKeyType":2,"closed":-1,"used":1702289470526,"created":1702289470526,"remoteIdentityKey":"BRqGHwMwNm9C81rwVcuJyVFFjlXmlHHMwwfja2gecpwn"},"_chains":{"BQr9JqR/rwjYDNodlseSSfNmiBCLqBw2qekXkZzVtrYE":{"chainKey":{"counter":0,"key":"grSiMIWl8Vq0g0AufaDwipFrx4Z2676dyMqlAq+ZmKE="},"chainType":2,"messageKeys":{}},"BWEjmnYyiaBL8+b32feTfiCGfM4RM+p8k98AQCFDH3de":{"chainKey":{"counter":-1,"key":"TgGVi5kefp95psh2E/YHwcQ2HY+dsr+UrIoJyym98dw="},"chainType":1,"messageKeys":{}}}}},"version":"v1"}