{"_sessions":{"BZgzNx43WAWvVIs478Blrd8x8ffdPk4foLCPTzSpPr0Q":{"registrationId":2041321366,"currentRatchet":{"ephemeralKeyPair":{"pubKey":"Bdy5lQp5rmgpBOeHEVn3MNAs7QzHpPC4sDBDNZDJAxMK","privKey":"qFYPEnVyKdC84qdYjq/EErNVmN2c5KZCnjEqKH2VN2U="},"lastRemoteEphemeralKey":"BQgJ3d+lQmb64p3jBpC8rgPdkQNEafSDUs8qlHZAepQW","previousCounter":0,"rootKey":"WUBXVWK2l+wqsPV5S7QNax4ecOhA7qVB7lGBt+6esbA="},"indexInfo":{"baseKey":"BZgzNx43WAWvVIs478Blrd8x8ffdPk4foLCPTzSpPr0Q","baseKeyType":2,"closed":1701155887437,"used":1701155886347,"created":1701155886346,"remoteIdentityKey":"BR1SZyhtCOQCJ08wO8H7zkJsDjJWr1bon6pTLDTs9r8K"},"_chains":{"BQgJ3d+lQmb64p3jBpC8rgPdkQNEafSDUs8qlHZAepQW":{"chainKey":{"counter":1,"key":"/LEAQy8zypKePh5pyUlu6WJPl0IMg3zPAakjWeFrCSk="},"chainType":2,"messageKeys":{}},"Bdy5lQp5rmgpBOeHEVn3MNAs7QzHpPC4sDBDNZDJAxMK":{"chainKey":{"counter":-1,"key":"YphzXE4lUMILtk0LHJxQ2aj2CdJzxnDhzMvo1eShNlM="},"chainType":1,"messageKeys":{}}}},"BXvKGk3ZQsONl+lYYsP1sQiWQHWydNGUFZ75kSY5lbgp":{"registrationId":2041321366,"currentRatchet":{"ephemeralKeyPair":{"pubKey":"BSlOP9abNZxM61YBsCQg2jfDaBxdXJ3X2djLpVPvTXUz","privKey":"INfiMYUODgnyP0y0fIyJZNDvRZHLICQ7NQF9Fe2U+EU="},"lastRemoteEphemeralKey":"BUX01yyVjjfEBFRm4iUQVl5mVgzyh5pqS18JmZoslgoc","previousCounter":0,"rootKey":"Bcr4ZukCPoA8aBPiA2uWStaWjQLVf2EVCFkfKy5WwWM="},"indexInfo":{"baseKey":"BXvKGk3ZQsONl+lYYsP1sQiWQHWydNGUFZ75kSY5lbgp","baseKeyType":2,"closed":-1,"used":1701155887456,"created":1701155887456,"remoteIdentityKey":"BR1SZyhtCOQCJ08wO8H7zkJsDjJWr1bon6pTLDTs9r8K"},"_chains":{"BUX01yyVjjfEBFRm4iUQVl5mVgzyh5pqS18JmZoslgoc":{"chainKey":{"counter":5,"key":"xZGFhUDoPt0inaHvV0wqK0IvXTRBGAoPyIyrjcxH6TQ="},"chainType":2,"messageKeys":{}},"BSlOP9abNZxM61YBsCQg2jfDaBxdXJ3X2djLpVPvTXUz":{"chainKey":{"counter":-1,"key":"61ruFXSBUujwapvrS66pDUxe16id4Eit19DZ2D2qaAg="},"chainType":1,"messageKeys":{}}}}},"version":"v1"}