{"_sessions":{"BXoXJd2lvLthytoYlsG3O9EDNAI9qWVNNyp2lzqLnJkM":{"registrationId":1548424706,"currentRatchet":{"ephemeralKeyPair":{"pubKey":"BdobOEdvj0y8R6qhRug13OIW+iWMpKfStoL7rW9INStD","privKey":"qFQYBR2Gm5gDuLFk2gRezAK/kYPNOP8oof3q0hJsw2w="},"lastRemoteEphemeralKey":"BbncL+wDmYcBOqVk3LkugyHCkYT635w+Bh99I3T/RGxA","previousCounter":0,"rootKey":"VCSfijPDE5NJXOV4b9Jvv1e1ZT6nOHdQqigmNk4TUlM="},"indexInfo":{"baseKey":"BXoXJd2lvLthytoYlsG3O9EDNAI9qWVNNyp2lzqLnJkM","baseKeyType":2,"closed":-1,"used":1702289557475,"created":1702289557475,"remoteIdentityKey":"BaDzP+p5GGg6UdvKMzSkUvfxhhvKeX5+sQhYVlOMyDdQ"},"_chains":{"BbncL+wDmYcBOqVk3LkugyHCkYT635w+Bh99I3T/RGxA":{"chainKey":{"counter":0,"key":"WP1tHrtbD3R2oMXSxpp7N9vXsTnf6vfYe4gN5a/IYy4="},"chainType":2,"messageKeys":{}},"BdobOEdvj0y8R6qhRug13OIW+iWMpKfStoL7rW9INStD":{"chainKey":{"counter":-1,"key":"3qocVcSSPOAqgYQvNtcn9gSWqYRhE4TQSmC2JXGiijs="},"chainType":1,"messageKeys":{}}}}},"version":"v1"}