{"_sessions":{"BUg67Ad4Ehy+07sFf02i0/srCagrVNVkHpjMLACRGIxd":{"registrationId":36763685,"currentRatchet":{"ephemeralKeyPair":{"pubKey":"Bc7eD37SqrwgJ5or0QoihvqjgSSsG2FPZJo7vOqtgJ52","privKey":"aFg74yuLdHthTd7WnPnLlucHdiusLdaBlIAllpWL8Ho="},"lastRemoteEphemeralKey":"BcwJnb3STXvSQeVzEnDiOj9oHwmUjcHGTwmFIVQT+Dli","previousCounter":0,"rootKey":"ebR4AZWfYAlyrXJeuCGZ/5pkpD6ITMS71AeoqDEg7+4="},"indexInfo":{"baseKey":"BUg67Ad4Ehy+07sFf02i0/srCagrVNVkHpjMLACRGIxd","baseKeyType":1,"closed":-1,"used":1701296653427,"created":1701296653427,"remoteIdentityKey":"BU1G7HvnqcrkAfSzIg7hC/+vOBIaKRqP1ZXLFhKDuucp"},"_chains":{"Bc7eD37SqrwgJ5or0QoihvqjgSSsG2FPZJo7vOqtgJ52":{"chainKey":{"counter":0,"key":"ym5dVuTTgTCG+M5d5Ho0+TRMwg86AwrsLCXsZ9vzrLA="},"chainType":1,"messageKeys":{}}},"pendingPreKey":{"signedKeyId":14,"baseKey":"BUg67Ad4Ehy+07sFf02i0/srCagrVNVkHpjMLACRGIxd","preKeyId":9551684}}},"version":"v1"}