{"_sessions":{"BcRpfORfJr+xbc8uzAnl8AZbv0yNIGyKT/DgUKw6bdcK":{"registrationId":1919539242,"currentRatchet":{"ephemeralKeyPair":{"pubKey":"BVVwEzmmVh+EDjrqvWEF/OcvRm7wDIf88W080Z3UJmdS","privKey":"MMv5tJqWIS34g7+d58V4DRhK4Ky3a6AEBj5WR0qLsUc="},"lastRemoteEphemeralKey":"BXV1mtKQ4pB0PqrpX3c7WVh/gA/bnAyyLmqbdMQVdZYI","previousCounter":0,"rootKey":"gDHllvwle40RFjD/lv4Ggxhqh2u+seeTc9we1sQK4jg="},"indexInfo":{"baseKey":"BcRpfORfJr+xbc8uzAnl8AZbv0yNIGyKT/DgUKw6bdcK","baseKeyType":1,"closed":1702289580067,"used":1702289467227,"created":1701296653459,"remoteIdentityKey":"BZq7eNRC5mokwwi2dNbaEtxMK2bZhIgSEayowfe3HVY4"},"_chains":{"BXV1mtKQ4pB0PqrpX3c7WVh/gA/bnAyyLmqbdMQVdZYI":{"chainKey":{"counter":1,"key":"peNhQIMwxbGhqheyi5SZ2bOKrf14WUxrnM0zDq4kwnk="},"chainType":2,"messageKeys":{}},"BVVwEzmmVh+EDjrqvWEF/OcvRm7wDIf88W080Z3UJmdS":{"chainKey":{"counter":-1,"key":"nx9YBXlg/CNIQ6TUo5mSxBPjqsQrBWRQBKECIN+eKvM="},"chainType":1,"messageKeys":{}}}},"BcKc8rRTlnUcBVYpKnOC6TrWe2wswdvQmzfj3LSCHWRy":{"registrationId":1919539242,"currentRatchet":{"ephemeralKeyPair":{"pubKey":"Bb6Of0LHej3QJoeZBcm9Zm6PO7jjiAr1q3wGt+tuOn5U","privKey":"cA+OpcO70gOpU7TkpHy8zJk19DwJnqmZ314ImNJU/HY="},"lastRemoteEphemeralKey":"BcXs20LhVd390k7sgxPaTjNe/mLiNmKmMqVbkOR8JG8y","previousCounter":0,"rootKey":"+ADoRxpjGuI6g31ZsI/Cg1NQid153sJTwk3xzj1pljw="},"indexInfo":{"baseKey":"BcKc8rRTlnUcBVYpKnOC6TrWe2wswdvQmzfj3LSCHWRy","baseKeyType":2,"closed":-1,"used":1702289580079,"created":1702289580079,"remoteIdentityKey":"BZq7eNRC5mokwwi2dNbaEtxMK2bZhIgSEayowfe3HVY4"},"_chains":{"BcXs20LhVd390k7sgxPaTjNe/mLiNmKmMqVbkOR8JG8y":{"chainKey":{"counter":246,"key":"xtmrxzotvvEp+EBkzYhs5zb9vFjd3Wt2H+OQ9IAHa/c="},"chainType":2,"messageKeys":{"0":"SGnRCwr8J93Iy6X263bdJZB0b1WFw7a/l5znlQ2OryI=","199":"3ewLq7AGMlf3D+WzarFJfuhdGCB26t9k2ZCNsvp8z1I=","205":"k2pZj2RWevrQNQaiYNwbK00tJWXsOlPITbU671N8rm0=","207":"TKEyygt0pYD/fdo1sHEkJPtG/YgBg9F9/hfvJXx5Oew=","214":"o/+ZQzoA6TM2CGIi84/tOwrcbg8pPH/9zCaJ7PIxP0s=","215":"+TvYfE3Hm/KhN1gxzLVR7BM/R2yF3xnYEkDR1TurAxc=","216":"mGO7ypQq3+u1Jygf5DVaMtxSdJXOgBZDDnzfGSMg0G0=","217":"bUNzVFrrq6+TF4u0NS9mf9uSFbTeuDovtL9M7RHBfQw=","219":"PCef9YNENy5XMAzyaOuumNPJfE2KvtMVMF4GNEq4P8U=","220":"KuvUR1G5Bvb1J6Tv/zKLbrzG273N03EWDzYB7oq9qKQ=","221":"XkrcCC3HpjbHt0BvswCW0n9OP+YcKXLNwToFIFcuSAI=","222":"SYma0UlNrJ5OYVCmKxkhWqDUQXP3lRa5beKFqIY34v0=","223":"Oh+WLZmL6qH088XvgugBj7S1BmuZR+MoM/oQYx/Z4aw=","224":"w0EglNwNBsPNoFPrdYjhDOy+RReaeUExsn7mNMPY3D8=","226":"+Kpmli7pf/IPskWzkGG1Y3gpZvtvjqSPFc5gnL2ln6g=","227":"294cCjflfMmUzAEqzg4WBhSNEvf4gH5XaG6WGRZTQ7Q=","228":"+PuGhCXrchXWWmTTmYGOpBPeBfyCUR+x4P7Qf7+vZ8o="}},"Bb6Of0LHej3QJoeZBcm9Zm6PO7jjiAr1q3wGt+tuOn5U":{"chainKey":{"counter":-1,"key":"Hm0Z3uIVIDXndXCjhl4EepEDi9BE7GFHIX9QYtMUhMY="},"chainType":1,"messageKeys":{}}}}},"version":"v1"}