{"_sessions":{"BX5QdnhbfbOX3/tK7/v+0GJ5Rj9NnNNgN9LeN4kwy694":{"registrationId":120780151,"currentRatchet":{"ephemeralKeyPair":{"pubKey":"BYyOUXQX1OQ4oS4VHNCfRD6p/hj5P9Jqj1VNUqGbcFoe","privKey":"IGMXK6lq+H8QvDsntTT0SfGBH0corfYvJzo9vqKw50s="},"lastRemoteEphemeralKey":"BTwpFz20oW/IbjO+w2eCtiiNFPA7r3k+rHAY8D1/JeZ3","previousCounter":0,"rootKey":"tolZQCrLPU0RYoSevimj530WFrcV8T9Etb9BOHoc+9Q="},"indexInfo":{"baseKey":"BX5QdnhbfbOX3/tK7/v+0GJ5Rj9NnNNgN9LeN4kwy694","baseKeyType":2,"closed":-1,"used":1701155862161,"created":1701155862161,"remoteIdentityKey":"BQWjyeWXlfZrEu9h8rcJkIL1lqzAN4NwklvmWFyK+pcL"},"_chains":{"BTwpFz20oW/IbjO+w2eCtiiNFPA7r3k+rHAY8D1/JeZ3":{"chainKey":{"counter":0,"key":"Yj0Rh1a/IG19j6vBlG+FVwsAK2YMIvEBCaFnOefmw3M="},"chainType":2,"messageKeys":{}},"BYyOUXQX1OQ4oS4VHNCfRD6p/hj5P9Jqj1VNUqGbcFoe":{"chainKey":{"counter":-1,"key":"9PSKx8RwmpO7kmkYFwgtKLAU7IF+eV9sZqG1DUn3bIo="},"chainType":1,"messageKeys":{}}}}},"version":"v1"}