{"_sessions":{"BZvUE3SfSmOjsetanJp2Wwn/K9HSRXxFkpl3mt8MMZM/":{"registrationId":321206946,"currentRatchet":{"ephemeralKeyPair":{"pubKey":"BchOrfGhyaGrLYs5/KXur4psT/4PmKzBsgy4ylStgm41","privKey":"iCfS5BAkIcSLgmVtAzHF7GDTtwb5cZDCZgO4QW0sJEE="},"lastRemoteEphemeralKey":"BbFFkSBXCZexbdA+ThOW7138uQ1yjkbplw0/Ha1GQnUR","previousCounter":0,"rootKey":"gACWu/ehIbzi/hpKOlNAL7QcJ1Qk4xlMXl+PQIfCoQc="},"indexInfo":{"baseKey":"BZvUE3SfSmOjsetanJp2Wwn/K9HSRXxFkpl3mt8MMZM/","baseKeyType":2,"closed":-1,"used":1703498732690,"created":1703498732690,"remoteIdentityKey":"BcxDrB6NrwK219L5kHBw/9/0hiYylAYnK+fuoMJblV5C"},"_chains":{"BbFFkSBXCZexbdA+ThOW7138uQ1yjkbplw0/Ha1GQnUR":{"chainKey":{"counter":1,"key":"DtupzGKo9gzouTkMCYUyuqTjCctBEqAYD8uioeXnHWc="},"chainType":2,"messageKeys":{}},"BchOrfGhyaGrLYs5/KXur4psT/4PmKzBsgy4ylStgm41":{"chainKey":{"counter":-1,"key":"f4adzCuIDDyp4UeN2NatLOeqjZ5+o5QF8QC/JjpuFAc="},"chainType":1,"messageKeys":{}}}}},"version":"v1"}