{"_sessions":{"BRBkv93F/h30mOaEXR5aW7dR7xhiD1S0DkFzchFPkc87":{"registrationId":1069924134,"currentRatchet":{"ephemeralKeyPair":{"pubKey":"Be5oMI5LXy/fsoAyHEhL8GHuuXKEwtVGkD6Yc11icZME","privKey":"cOuzWG/axPgyWbup+7sp44oNREovpivI0bbP25qgznQ="},"lastRemoteEphemeralKey":"BVQP3r+MW+4XRHcFy5XL9gydRoO95Blk00LH0SCCmQ1b","previousCounter":0,"rootKey":"k70gGB80YnmZggvkC1uXTtu1sGR/Fmq6azNXpMgw+os="},"indexInfo":{"baseKey":"BRBkv93F/h30mOaEXR5aW7dR7xhiD1S0DkFzchFPkc87","baseKeyType":2,"closed":-1,"used":1702289594468,"created":1702289594468,"remoteIdentityKey":"BW5zBDydxWwzWPIoS/TpgkPYibtJNof56wykSFCehwlF"},"_chains":{"BVQP3r+MW+4XRHcFy5XL9gydRoO95Blk00LH0SCCmQ1b":{"chainKey":{"counter":1,"key":"NbvJ6Tvy45RinqcMFNR3jh+oLqVyXvWa/mf8xzMkJD8="},"chainType":2,"messageKeys":{}},"Be5oMI5LXy/fsoAyHEhL8GHuuXKEwtVGkD6Yc11icZME":{"chainKey":{"counter":-1,"key":"naC5xPMUWc9nnYWjPqf/MqNa0Qvp3B0UQ8/+OEgo32E="},"chainType":1,"messageKeys":{}}}}},"version":"v1"}