{"_sessions":{"BWvpYc4iqsmuPWbIRgMfyiWi9U64W3XMzL0ZIbvIGBtv":{"registrationId":834653045,"currentRatchet":{"ephemeralKeyPair":{"pubKey":"BUUHoO8R2dBl/l54q/PAx9KPyb5LROMoG/9QKXNorldQ","privKey":"yAUwMhGQd9zDIVnqy63uC5R0m1zVUCBLcOfjHUPA0lQ="},"lastRemoteEphemeralKey":"BcjDn8cUOdFUriK/uV7IeJDD5T1UUWUYY0h3EjrYNMZr","previousCounter":0,"rootKey":"OVuwdc7eLdo+xjm0Y3zbItl7YsZBpKOmZhjiQ4LXYEc="},"indexInfo":{"baseKey":"BWvpYc4iqsmuPWbIRgMfyiWi9U64W3XMzL0ZIbvIGBtv","baseKeyType":2,"closed":-1,"used":1702289567276,"created":1702289567276,"remoteIdentityKey":"BeHl0ERe2cVrVT9HDrJMtmnKY8ZpVIUtzr6Cl8EpSxJ+"},"_chains":{"BcjDn8cUOdFUriK/uV7IeJDD5T1UUWUYY0h3EjrYNMZr":{"chainKey":{"counter":0,"key":"J9EVs+hJ5nTcZr5akc79cFLmyluszNVAeIE9JSQPd0I="},"chainType":2,"messageKeys":{}},"BUUHoO8R2dBl/l54q/PAx9KPyb5LROMoG/9QKXNorldQ":{"chainKey":{"counter":-1,"key":"QuKQBtgiDmlRQtC9VuItzThE2HD52tA++2ewPFlx+pk="},"chainType":1,"messageKeys":{}}}}},"version":"v1"}