{"_sessions":{"BeuoxK+aiasn+VC2BerF6sPS/bFcZQ6xni/sgnmU+2lL":{"registrationId":104151263,"currentRatchet":{"ephemeralKeyPair":{"pubKey":"BWdYgWKXkl36xVMr9tXBLQfTPlfkhNB93g/ZrU23bFIy","privKey":"SL/eQxT4WuD1gIvdsjukNJv/fJv2QErsfAiQGkt9T10="},"lastRemoteEphemeralKey":"BTqSudFYc6DGuYv8q04pH0HUdMny2DvwjFLarTVXN6st","previousCounter":0,"rootKey":"+2beG209eMc4vxA77z/KWsqmtNMSQ4H3nB3zsIzbFWk="},"indexInfo":{"baseKey":"BeuoxK+aiasn+VC2BerF6sPS/bFcZQ6xni/sgnmU+2lL","baseKeyType":2,"closed":-1,"used":1701211161916,"created":1701211161916,"remoteIdentityKey":"BQdU/BF19Cq6RGBhW9JN4+a9wgdQghot42H9jJv3LR1+"},"_chains":{"BTqSudFYc6DGuYv8q04pH0HUdMny2DvwjFLarTVXN6st":{"chainKey":{"counter":8,"key":"wWFLY7Ri19zDc+thMZ5S2ZY6nMcqElaYGP5Vnsl79nk="},"chainType":2,"messageKeys":{}},"BWdYgWKXkl36xVMr9tXBLQfTPlfkhNB93g/ZrU23bFIy":{"chainKey":{"counter":-1,"key":"pXPU5aVxvdTnsIMFllNc/jzohMhwFqtiBFlIskS+Zjw="},"chainType":1,"messageKeys":{}}}}},"version":"v1"}