{"_sessions":{"BSjM/qyqoURkEVYALYnqF1eqvISXqArmjHDTlDpuQIcy":{"registrationId":1483997394,"currentRatchet":{"ephemeralKeyPair":{"pubKey":"BXDR8c8PBqRlkDZaXBMOuMY6Y+UNNHivxgntGVmttRJf","privKey":"UPzo2rk2by5CmlYf2TYdb96HWZeUsxhKnBBKEZgPS08="},"lastRemoteEphemeralKey":"BfffCl6m95SVlSUNL2G74Pyvaa3jaMlPCAXwt5vym/dV","previousCounter":0,"rootKey":"gEKs60sHuc+RQlk/TZk9PG/q7ZbY1OkIZzZCPuI9WGw="},"indexInfo":{"baseKey":"BSjM/qyqoURkEVYALYnqF1eqvISXqArmjHDTlDpuQIcy","baseKeyType":2,"closed":-1,"used":1703498722225,"created":1703498722225,"remoteIdentityKey":"BW938siJhvdZPGGpU8cd9wWbFSz6+VYe8dm84PTZdBt5"},"_chains":{"BfffCl6m95SVlSUNL2G74Pyvaa3jaMlPCAXwt5vym/dV":{"chainKey":{"counter":8,"key":"eWz2yDD61FiK5vy1iuPZnL2XgCPiUuOGmhuj7t3NNWY="},"chainType":2,"messageKeys":{}},"BXDR8c8PBqRlkDZaXBMOuMY6Y+UNNHivxgntGVmttRJf":{"chainKey":{"counter":-1,"key":"iY2s0RjO4tteFrLhfRljOS/DzW+Pmd50ko+S7Rv9XpQ="},"chainType":1,"messageKeys":{}}}}},"version":"v1"}