{"_sessions":{"BftkC5vuV0z1jn9GnYQQwD2JjwCLkfP67WXR4om0N2VW":{"registrationId":1356037771,"currentRatchet":{"ephemeralKeyPair":{"pubKey":"BcXMrgxngV+Iec31rRxORIiG9yBa52RLP/zbhlPWH6NZ","privKey":"MMkk9MpnzNIp//fj5GZId0ElxPmRRv0ksjQ16P8agEc="},"lastRemoteEphemeralKey":"BcaTP4jnP6zP206xn3LybEjCG9mrdiv6fLSwup482eJH","previousCounter":0,"rootKey":"MtedGE8/IHwAwnuZpPykzKxqgKA9leyBV8qDdZa7zFI="},"indexInfo":{"baseKey":"BftkC5vuV0z1jn9GnYQQwD2JjwCLkfP67WXR4om0N2VW","baseKeyType":2,"closed":1701209938226,"used":1701209936707,"created":1701209936707,"remoteIdentityKey":"BT+Iv4IduEpXcFJsyElO0elwHcFyPjDKqa8OoHu8umwE"},"_chains":{"BcaTP4jnP6zP206xn3LybEjCG9mrdiv6fLSwup482eJH":{"chainKey":{"counter":0,"key":"4bvAoe+0tIWS3Rxtw5692O4T69IZycAB9UbXlVkjmv0="},"chainType":2,"messageKeys":{}},"BcXMrgxngV+Iec31rRxORIiG9yBa52RLP/zbhlPWH6NZ":{"chainKey":{"counter":-1,"key":"vFbf5AYaVUTRFC6PK3rEAJeAz2FioYnejbb3sikZtsc="},"chainType":1,"messageKeys":{}}}},"BS3P9WZ+Krq7FUf6uxljVz28fpuyGvKkAMprou5DFNo8":{"registrationId":1356037771,"currentRatchet":{"ephemeralKeyPair":{"pubKey":"BWzQ29g5kG9hUKd/k4CzQOA3za8Ky3WevwVOhrjCg+E3","privKey":"cOwv+0JZWu1pona1SksLgNxFLbzmMe1d7IFybYrCU1I="},"lastRemoteEphemeralKey":"BZB1BZmeOPeprZsJIECG80LOBCvYI1owB37oVH3UeJ8c","previousCounter":0,"rootKey":"AbND7WeIvN0xkrIsT87baalIi58z6HPnCx7UCriDPHY="},"indexInfo":{"baseKey":"BS3P9WZ+Krq7FUf6uxljVz28fpuyGvKkAMprou5DFNo8","baseKeyType":2,"closed":-1,"used":1701209938251,"created":1701209938251,"remoteIdentityKey":"BT+Iv4IduEpXcFJsyElO0elwHcFyPjDKqa8OoHu8umwE"},"_chains":{"BZB1BZmeOPeprZsJIECG80LOBCvYI1owB37oVH3UeJ8c":{"chainKey":{"counter":2,"key":"PwUM8cPylqEpqwzVhCnZv2pN8pWbrOZygW99AUxMAUE="},"chainType":2,"messageKeys":{}},"BWzQ29g5kG9hUKd/k4CzQOA3za8Ky3WevwVOhrjCg+E3":{"chainKey":{"counter":-1,"key":"VLKtp2R4866lMa3grpPr0b0xqB15VWfsH71k+05i42U="},"chainType":1,"messageKeys":{}}}}},"version":"v1"}