{"_sessions":{"BefR4XMOQbAG/8gbH7V2GqeDolUN9WpmLHJb3y3aniEa":{"registrationId":1570727303,"currentRatchet":{"ephemeralKeyPair":{"pubKey":"BQBsnG3lCAUf1LM4SHQcX1KOhu1Q7U08eWrnME/B7QxW","privKey":"2CFaBcwfA16vv7uuobtyhPf5lBTe15ssjzFF5mM0Q0o="},"lastRemoteEphemeralKey":"BTvgmq9XwzV3dK2safB0RxRGyxGbV7+mwBrg1G703qhu","previousCounter":0,"rootKey":"DL2WckEB0NXXUmjVX60TgNvdxecN0qdVpqfVgh06+38="},"indexInfo":{"baseKey":"BefR4XMOQbAG/8gbH7V2GqeDolUN9WpmLHJb3y3aniEa","baseKeyType":2,"closed":-1,"used":1701165758279,"created":1701165758279,"remoteIdentityKey":"BfpgT5QTojWUbp0JwOgnBdbNpOWCLPJ8QYNLQB9QcYpr"},"_chains":{"BTvgmq9XwzV3dK2safB0RxRGyxGbV7+mwBrg1G703qhu":{"chainKey":{"counter":6,"key":"1bSZgznz+uybAB6ZvIj1I1Th6JG9Se49o1S32dOPbKM="},"chainType":2,"messageKeys":{"0":"3p63XE3CS3YdhgMI+5H6bPusCbYkQgqKyb3WwMXLRYM=","1":"NPw+t74n/9pT+FYTDEdjnlr9/3mPI5pOIRiZrxIynas=","2":"oCFDOZk/o50IN00WT/nZ0VdB3R7B7KwA0MW0oJyHT9A=","3":"GNDUlXxFfGcK7VhuU4g7xxm8CUco91WrdAc6IDciBTI=","4":"pGya31hMouEbN9FnLmlXzy6FS2OW97M/jG3NdNQt5rE="}},"BQBsnG3lCAUf1LM4SHQcX1KOhu1Q7U08eWrnME/B7QxW":{"chainKey":{"counter":-1,"key":"8XDtv4bhPENZ0bcqUC+JF6SIIikSmr7MAw/mdEj/my0="},"chainType":1,"messageKeys":{}}}}},"version":"v1"}