{"_sessions":{"Bcr9gvysxdWu+dfpirQYCdufOpak8fy31ClZUlC0rxU4":{"registrationId":150889279,"currentRatchet":{"ephemeralKeyPair":{"pubKey":"Bd3jdgitxusctp9rU/4iUB09qyYOeyJKtzU0JE+iN0AJ","privKey":"EKlWvXWAh5eyoPJXu22Sn3ssmGToxvtYTPPhJbK9RG8="},"lastRemoteEphemeralKey":"BRgBmQZvlCNdEVYqM4Y0vpNOcHRc0zbcjoYfWuBdavV0","previousCounter":0,"rootKey":"9F1UhgRsf+RK1kQ5lRAbQUjdZAh3v4u2c5WJZhp490w="},"indexInfo":{"baseKey":"Bcr9gvysxdWu+dfpirQYCdufOpak8fy31ClZUlC0rxU4","baseKeyType":2,"closed":-1,"used":1701165756898,"created":1701165756898,"remoteIdentityKey":"BaEeaYvyEvAyfdzQzK2Ods2MjfsrjoJOpxZMkSC3ys0Z"},"_chains":{"BRgBmQZvlCNdEVYqM4Y0vpNOcHRc0zbcjoYfWuBdavV0":{"chainKey":{"counter":16,"key":"2z+MVVTlowA4gsv0K5HMONOS6tsXaQnPd5BBQSQ8W6o="},"chainType":2,"messageKeys":{"0":"SI+SsDVdrVJtyRT4AU3jVLuJeJnvcFv9Q5QuLyHf5Z0=","8":"RYSd+3lxl/rH5NQrd5zjOKbyxDy3uB3IUvlzLXJ2GTM="}},"Bd3jdgitxusctp9rU/4iUB09qyYOeyJKtzU0JE+iN0AJ":{"chainKey":{"counter":-1,"key":"rTY2jM5mRiPHpEjngTJ7KzzOGCdTnuwgIO1Az9xjRa4="},"chainType":1,"messageKeys":{}}}}},"version":"v1"}