{"_sessions":{"BTHYAuIW9EMrQaJU6SrB6iNOapSADdYmsP+ig5zS8cM3":{"registrationId":1460030079,"currentRatchet":{"ephemeralKeyPair":{"pubKey":"BSmKaOCEbYB5xt9aBzxObJwfAxK6SQoK+qFm4dfpXhgF","privKey":"iGPH7Oot+/OotVmRZkvDOY7Clxw0jrVBVL8F1JaA9lw="},"lastRemoteEphemeralKey":"BSVlAVMqADun2keTzB9y7hsOIOxOa2bGZ2Cx+u0BAWRn","previousCounter":0,"rootKey":"dfs3vZco44nLma/Z8f0AaV1yjcy0vaIatnnbQxiLoyw="},"indexInfo":{"baseKey":"BTHYAuIW9EMrQaJU6SrB6iNOapSADdYmsP+ig5zS8cM3","baseKeyType":2,"closed":1704752355716,"used":1701170891481,"created":1701170891481,"remoteIdentityKey":"Bcxn+f3ufAbmm+tVj+PXPeookcuMJdawMpAnCDaFOjMX"},"_chains":{"BSVlAVMqADun2keTzB9y7hsOIOxOa2bGZ2Cx+u0BAWRn":{"chainKey":{"counter":1,"key":"WrWHOm8d2r6AsC4GYSb+VCU5GJmLxIsQ3r5mwZKsb6U="},"chainType":2,"messageKeys":{}},"BSmKaOCEbYB5xt9aBzxObJwfAxK6SQoK+qFm4dfpXhgF":{"chainKey":{"counter":-1,"key":"jdy2k24K/pJPpJ/oyEFer6XN81OUoeShujKFb2/N8ww="},"chainType":1,"messageKeys":{}}}},"BaH1emTZ8yR9ZIp7/RPdLHXbYfU9WCJEd5CF1erKqzFq":{"registrationId":1879705415,"currentRatchet":{"ephemeralKeyPair":{"pubKey":"Be1ZSZVSAuvxM57okuPsrN/bh87iuTzfabKg4HNcLtYs","privKey":"oCNsq/PEWzeIQp80SYVxwsF3Z2YN6xGvqBQ3U3Bsbno="},"lastRemoteEphemeralKey":"Bfbwp/y92w4K9aRbcSi2O3F4N39jZkpJtAA9NXCtAeR9","previousCounter":0,"rootKey":"JD3jKV7tr3sduKRDwu5+QNNI0+cTU8ulOrHS1gbSJ8A="},"indexInfo":{"baseKey":"BaH1emTZ8yR9ZIp7/RPdLHXbYfU9WCJEd5CF1erKqzFq","baseKeyType":2,"closed":-1,"used":1704752355731,"created":1704752355731,"remoteIdentityKey":"BSvHwgjbLo5mHx4c3z+NOK5qOAHa5wI98cCcEm+FChA/"},"_chains":{"Bfbwp/y92w4K9aRbcSi2O3F4N39jZkpJtAA9NXCtAeR9":{"chainKey":{"counter":3,"key":"L/TRil7nC8m4D5Zxjlt3zNetC7IgdDJiZchG8dKNxd4="},"chainType":2,"messageKeys":{}},"Be1ZSZVSAuvxM57okuPsrN/bh87iuTzfabKg4HNcLtYs":{"chainKey":{"counter":-1,"key":"01ZPIr5oZNgyPlvgQhVCbu5HOz1WCRZFZSCHl7+ulkc="},"chainType":1,"messageKeys":{}}}}},"version":"v1"}