{"_sessions":{"BYoPUrOr/x97f34vR3eCw4LdIWbly/YEiTjF7DNhtJgo":{"registrationId":1062021742,"currentRatchet":{"ephemeralKeyPair":{"pubKey":"BZNyR0HuGL6KXI6DREPOxTq//E68Pptc+UIStYBj+CJl","privKey":"2GOIAZtBv8BEpiqtbIN26CUm7G5JeJxuiLnYuWpLnGc="},"lastRemoteEphemeralKey":"BZDcK7A8tAmE983n0NktQUfyoAUckOF2/FRsQ749Z0Rs","previousCounter":0,"rootKey":"ZJTEZRd2OP4XHQM977vBOwHfcDc9S41g2MQNmMnJ9mo="},"indexInfo":{"baseKey":"BYoPUrOr/x97f34vR3eCw4LdIWbly/YEiTjF7DNhtJgo","baseKeyType":2,"closed":-1,"used":1703498729523,"created":1703498729523,"remoteIdentityKey":"BTGyIsIdZjhURV79F5O510ydeg4vCE1Lw3mz09lDtgRx"},"_chains":{"BZDcK7A8tAmE983n0NktQUfyoAUckOF2/FRsQ749Z0Rs":{"chainKey":{"counter":4,"key":"5w7H8qb+68tl6oTtOI434Ob/q6JWDuzvLxdjaieaqkY="},"chainType":2,"messageKeys":{}},"BZNyR0HuGL6KXI6DREPOxTq//E68Pptc+UIStYBj+CJl":{"chainKey":{"counter":-1,"key":"OZ0qMOX1T3dVOm1E6UMSa95iqmyQ5RRT8+ODNHJ2IQI="},"chainType":1,"messageKeys":{}}}}},"version":"v1"}