{"_sessions":{"BXrp+rRTmL6HAHPbjOTeK7q/FGB+lINPgARNhIJSnXAr":{"registrationId":481206589,"currentRatchet":{"ephemeralKeyPair":{"pubKey":"BZZuxBolMHE3E5ZaM/KIJresVMA+3f9WrDqqZF82xZhz","privKey":"mCEehgW72btZjHo1qjq2lZtlafsRK3FY7I3qNzE7z2o="},"lastRemoteEphemeralKey":"BQIEiZCCxRmUbt4peIaLgZS7bvhgW6YEGEUcivQqvq0h","previousCounter":0,"rootKey":"IlSZ4lQ6yL6+/G4ArdqN0u3WJzowMAOUYetLx84LvL8="},"indexInfo":{"baseKey":"BXrp+rRTmL6HAHPbjOTeK7q/FGB+lINPgARNhIJSnXAr","baseKeyType":2,"closed":-1,"used":1701608537599,"created":1701608537599,"remoteIdentityKey":"BUtXkgyz/5HyPqxRLaI3bcqzoxKF7b7I9M5oTS0hV9x+"},"_chains":{"BQIEiZCCxRmUbt4peIaLgZS7bvhgW6YEGEUcivQqvq0h":{"chainKey":{"counter":18,"key":"IfE3xUQf8VfVDQ1G6MwqMJKkBukRrnFBqSpVL8LCjWY="},"chainType":2,"messageKeys":{}},"BZZuxBolMHE3E5ZaM/KIJresVMA+3f9WrDqqZF82xZhz":{"chainKey":{"counter":-1,"key":"+VoLEGKP6qiSUjpal2Xtc23HKHnaaNExqriOh7O1ZdE="},"chainType":1,"messageKeys":{}}}}},"version":"v1"}