{"_sessions":{"BaWZfTup2IZYgtACu9g0eYWPsS58rFKEVKugViC1Vadw":{"registrationId":1158606082,"currentRatchet":{"ephemeralKeyPair":{"pubKey":"Bb5Z9G7508UKZirYmZO7webXOQayI9meEpIPvK5XzmZy","privKey":"KJUHWegWhUUrn7ye9JcKsVVHfSTuleGdQZ9xAHJ5VFY="},"lastRemoteEphemeralKey":"BXNNMmMWpdKQTGW8qanuAQb7fj+67WG2Ec5eXjUCRAtX","previousCounter":0,"rootKey":"xC3sogAPfOecuN+X8EQQ3FEPWhZZRJjB+FQ/OfU+lxE="},"indexInfo":{"baseKey":"BaWZfTup2IZYgtACu9g0eYWPsS58rFKEVKugViC1Vadw","baseKeyType":2,"closed":-1,"used":1706654349971,"created":1700703062301,"remoteIdentityKey":"BVxll8TiQ08CiQNyxEppIRHmLrfvMO9dtQSisstM6kkH"},"_chains":{"BQApAUh8zFGIekqNRfkgHWaoHsww6oprrLTJD2bSPwpD":{"chainKey":{"counter":2},"chainType":2,"messageKeys":{}},"BRZ6NrLZweCAhNzLLgf55D8p6QxVL/4FzUvfVNsYEA9q":{"chainKey":{"counter":22},"chainType":2,"messageKeys":{"1":"+jk+z754S+F34bp41aLvdHJuSiSXVB+io3+/Z8ZA9jM=","2":"V1FzM8RgInwAqwo/z7x0D6T87sGBt43YOrro03dh7sY=","3":"PGTpyvkamVHrMrMfIVZbS23X/9u6r+0cyX4tR5uZXsM=","4":"pd+NDmebzxx9p5qiK4rrrV6SS1rTB6fFi8dJM1VoFXI=","5":"Iy4uNvSblDNJ61YN4Sv79sVbW3xGXwjuuMB5MDleIYY=","6":"K3T8qoJRwV8T4WsgD/ViijQFDj6D4m96c5yZfxg3chY=","7":"NjaSRwiTdyv5VSc2NAm7UdbmuON0bIxYxF+B3YVEoy4=","8":"8cGmvT7Budxmko1qqiTrl0KSxo981qFsqhleetjWdEw=","9":"MpLSj8hM3NJEcgyE1sgddD7BfMGBflTfmzjs7uJ06qQ=","10":"nuDxcBh/lTUevmAmwYdVM00PS0hSjjfMyd2J6Zy9dHs=","11":"cQAyndo072r4WX3fmeJ+65i+RwE/3mpV1GvOinam5ng=","12":"ClucdnMB3GRUJid7EphIDvoXCUVWRaPQGk1R49dsjwU=","13":"EZf24h+esza4zxpg6oiTJDBrk4RC6StPfhBjTHtY3BA=","14":"VD/Ff3gg+o56xcA+h4aKc6ErbqgwEUwL8mQXPVxnZWI=","15":"z58Lz0SsM9bxm1Sn3eFt7r5Xebwz+6EVyR/Uq0r86ko=","16":"fyQrps2a5sJ16difSUg2dtWvkvMKqMnmed2pwv0lx7k=","17":"tzyKEEbzYEM1a8/c4KMVVzLGtxcSw/LBRG907KxHb7Y=","18":"DsYVOi24BTigZXCollJxrwvPNLLuwQKiBt21U5Fhsww=","19":"UWG86vFBCuj1iGxhNbAS5wd08XO5OZPQpg1eAz9vx54=","20":"8/UMx8BAk0ipdxcptPyILJ4dIhoVdPOH4Qi14zzP/vI="}},"BeN46KlkxPetopbHIA4bigymeWe8m1MiVurKv7b33BMn":{"chainKey":{"counter":4},"chainType":2,"messageKeys":{}},"BeO9UmZp6hWn7UZ6RKHTRSFj9i4KBlCH73RplKbB1aEp":{"chainKey":{"counter":0},"chainType":2,"messageKeys":{}},"BQCqgR0T+oIh+zMPvHN9AEgVudeSIk3dOnj8NMaPF3sG":{"chainKey":{"counter":0},"chainType":2,"messageKeys":{}},"BTbgSOS5BTGP+iSGNKQ26y6Io0U+WfBimtxOr8jPIyAT":{"chainKey":{"counter":0},"chainType":2,"messageKeys":{}},"BfEc/jP9buzVQoEOFZesNQY2p/pJsVykty0OU4Op2JlY":{"chainKey":{"counter":0},"chainType":2,"messageKeys":{}},"Bf+4t6Mfz2LuGIFnVZgd92bUpj/R32FIL4wqZlzy5rNq":{"chainKey":{"counter":0},"chainType":2,"messageKeys":{}},"BetnCkKj+v9xQtVfoRdkLAlkrjsJECwvpvK9dhOOQeNC":{"chainKey":{"counter":0},"chainType":2,"messageKeys":{}},"BWn+7KYISOnFzse4VZmQMRryo8RTnoZxpAlN6Gd/WwQ2":{"chainKey":{"counter":0},"chainType":2,"messageKeys":{}},"BfEjFcwaY75xeTGW9efe/++6Fg1QFiJx97HA2r2uMNgX":{"chainKey":{"counter":0},"chainType":2,"messageKeys":{}},"BSku4npq2abqGb6I/uVuYJftGiC5QbSIBGKBfEa+8oJI":{"chainKey":{"counter":0},"chainType":2,"messageKeys":{}},"Ba68S/H0nG2XHEs41hCsdzPalInDlWEwaxM8obyB/uFn":{"chainKey":{"counter":0},"chainType":2,"messageKeys":{}},"BfF248LMJZBnb7k0zGL3KFmNAueFX4uYcTm58MW0cGkO":{"chainKey":{"counter":1},"chainType":2,"messageKeys":{}},"BXJKEhzdzJ3p5d8g9yjzL82bBKE6n5wm8Nx9p/ogqVth":{"chainKey":{"counter":0},"chainType":2,"messageKeys":{}},"BYYtJQ3ABod34uHeJMSuUVqw/iXKBJVQm8f9DSrwGtYc":{"chainKey":{"counter":0},"chainType":2,"messageKeys":{}},"BUxlGPXQ5t3G+PDmb49czQ5iYqahx6Iv8loJNXXQDQcy":{"chainKey":{"counter":0},"chainType":2,"messageKeys":{}},"BWPwp+NaKKvzA7Lo9cbykpWuwS6TQm+eW33F6CXlEmE5":{"chainKey":{"counter":0},"chainType":2,"messageKeys":{}},"BUlcimKPboq1rEhj2gbsc5VDsKBeIzszQBIPbjzM0lcl":{"chainKey":{"counter":0},"chainType":2,"messageKeys":{}},"BRvFPHveoi0+awpNlqfjBIrVV/Jv3nQEQXZ+XDu22QwC":{"chainKey":{"counter":0},"chainType":2,"messageKeys":{}},"Bd7znKnw724KAiqu9Af5lSKHpwZAERQ4p4t7ku9q+SgB":{"chainKey":{"counter":1},"chainType":2,"messageKeys":{}},"BQ/XePXfgn8gDDwAri1J4SiL1/T2yanTwq9ubwSqqco7":{"chainKey":{"counter":0},"chainType":2,"messageKeys":{}},"Ba7bYp/4SHfB6xkkAJIcjwMiw+HIiunXo0K9Dt7G8u8s":{"chainKey":{"counter":0},"chainType":2,"messageKeys":{}},"BWxMCdfJvg8czhbk1xQEd0kU5s7wDTY3qVX7KUNTsaJg":{"chainKey":{"counter":0},"chainType":2,"messageKeys":{}},"BUjUPE/Pd0KCQjdB8VV9Rd6evakq4R9AjEkliW0q/jxD":{"chainKey":{"counter":1},"chainType":2,"messageKeys":{}},"BV/MmRPoT86Aud+kGhZbMCteCITEIBhTLxuyee42px5N":{"chainKey":{"counter":0},"chainType":2,"messageKeys":{}},"BRJUb0wkIwXuh7RSottYvkmMX71SdJnb0qYdcnAxjXc8":{"chainKey":{"counter":7},"chainType":2,"messageKeys":{}},"BfDeidxHiwTzfUkvjIA/GcSgZLfDcE1rbfKf8DD/oVsi":{"chainKey":{"counter":1},"chainType":2,"messageKeys":{}},"BWL5qIMeVRWE4bU2MScJDodxOOxVFyf72ggz6nnhiTJG":{"chainKey":{"counter":0},"chainType":2,"messageKeys":{}},"BaMmKBSY+k4Wkr2IQmAW8+HgeN90k2yO7BazjmDwLY9v":{"chainKey":{"counter":0},"chainType":2,"messageKeys":{}},"BabMAp10TOM5J/nQ2hwBCnaxMRLDTfJIdV8d5HEfoEtP":{"chainKey":{"counter":1},"chainType":2,"messageKeys":{}},"BYjRiqvrd001fYXeuX4WGVsVphbhNgV9BPXkDZ03bcdJ":{"chainKey":{"counter":10},"chainType":2,"messageKeys":{}},"Bcd7L2RCVuI438WizC8zDEtb50Lyrb568Q+GgyyeXXoS":{"chainKey":{"counter":1},"chainType":2,"messageKeys":{}},"BfHINzXJaWIRDdHKAKspsW5H1ZM4g+zUisiecBSFKg80":{"chainKey":{"counter":8},"chainType":2,"messageKeys":{}},"BTHMHG/bDntfvUWvURkXOJmAjV47GXmGoE2PK84DTbJ7":{"chainKey":{"counter":27},"chainType":2,"messageKeys":{"25":"U+UtDk1j7WHX59g2WvF/JgLetzfA6g9XUNxMMYpx1wM="}},"BUk1VIoJPs/Cx4/sFJW+RPeVtoY7TuokFFvawM3IP7Y6":{"chainKey":{"counter":0},"chainType":2,"messageKeys":{}},"BeJk6elmHeXxCwbMNC4WuCpA6CTY/critPB36k0X+CIQ":{"chainKey":{"counter":5},"chainType":2,"messageKeys":{}},"BcBadvsxtp0Mzi4mO0ztehlRgV8eE9IOhMpwgqHvSDRS":{"chainKey":{"counter":3},"chainType":2,"messageKeys":{}},"BfJsjtcSIak4FKDdvaSByANwvZtjBbqvgWKsG1C4HSBj":{"chainKey":{"counter":0},"chainType":2,"messageKeys":{}},"BaSxhYw4YkOube32DW0j61srm6ub8c9cs8KGDp94LSg9":{"chainKey":{"counter":1},"chainType":2,"messageKeys":{}},"BSXnTRxX4/X9KzaZIWx5F6VQVQqQhi8JQsD3lhuHsysQ":{"chainKey":{"counter":0},"chainType":2,"messageKeys":{}},"Bd8BWWc2fRtlwV9d04zM7Vz3rafCCAu08v0pVZ7rb6Nj":{"chainKey":{"counter":3},"chainType":2,"messageKeys":{}},"BdftLHZmrx0ehVc5NY8PKJFAVvOIvvlyFCHxU74rLA4a":{"chainKey":{"counter":0},"chainType":2,"messageKeys":{}},"BYpeziEe7VmDT55CVqxR660yvNo/mE7HR4P3jMpQhfpo":{"chainKey":{"counter":4},"chainType":2,"messageKeys":{}},"BVb4G6S9qeGaZ33yDBG1W0ySL6Bi1JHfwH843uvW4RYt":{"chainKey":{"counter":0},"chainType":2,"messageKeys":{}},"BSx6qdqOMf2N/WM0mwLzbcSpmk57is7SxrjN6ITENx0D":{"chainKey":{"counter":2},"chainType":2,"messageKeys":{}},"Bb1ByhQcQEQVjedUmIwQWfSeemme8TztsODgTGWJ80d5":{"chainKey":{"counter":3},"chainType":2,"messageKeys":{}},"BcVHX3y1IACzZG8psl8jWEBJBVrH31N645PgEmTTwTdi":{"chainKey":{"counter":21},"chainType":2,"messageKeys":{"1":"/mL0VkLY1mHL5/QGoEdsOdUJf33w9j2wLdfojMpL4+8=","16":"f1qvr1Jctf645uKnzjrU6jY/nlPGaPPThyKDOwbEvu0=","17":"huLP+AEKUmi6TuD+WVaXP3sKOXQH0Sst7849JFY1yNw="}},"BcCSLgiK2gJSDNwVXiyg1oI+UT4b5oGwbv4gOQOtPRwC":{"chainKey":{"counter":1},"chainType":2,"messageKeys":{}},"BXJRvaQtLK2Iqy20Y+iLKiCIrB1am55PHQ83hO+4yJ0Z":{"chainKey":{"counter":0},"chainType":2,"messageKeys":{}},"BesHl9kTxMbn5iyLIBwkawH091L4s5YfPGiYcjVYGmMr":{"chainKey":{"counter":0},"chainType":2,"messageKeys":{}},"BUZF5iwTn2vV8kZsT7woPdW3GvvUQIEDn7s0FCDyzcJk":{"chainKey":{"counter":0},"chainType":2,"messageKeys":{}},"BSINVPHLIYL6KiBtMc4uOmvRZdTAXUy60Pq/HBH5FUM0":{"chainKey":{"counter":4},"chainType":2,"messageKeys":{"0":"LmPTqOi+rZ8UZNdnRVOtkI06hhSI8g1TvY5PsXOQ/pM="}},"BYf+fR8KZjDBT9JIBnxBXuImUUtoMQ3tJh6BlQJgoit/":{"chainKey":{"counter":0},"chainType":2,"messageKeys":{}},"BaF7RFkIun/nnU4UEpSpdIq+ns8Xzckc/2fUXjH3yAkm":{"chainKey":{"counter":0},"chainType":2,"messageKeys":{}},"Bb5J8R2XwCSU7jY9ujKWf908r8WkOTV6TrBLJFlxMExH":{"chainKey":{"counter":0},"chainType":2,"messageKeys":{}},"BXFUgllQbk1KkeYM119XZZQ3h7Tu0VUpOGbN3jpIWSII":{"chainKey":{"counter":0},"chainType":2,"messageKeys":{}},"BeYK6kGDgQjwVKf3aw0zo3sF/8iT0KlSO8D0Q4TejVwA":{"chainKey":{"counter":0},"chainType":2,"messageKeys":{}},"BQxuO23axZ4tmbGrisFBPxco5oLOww6pjtPpHOEFip5Q":{"chainKey":{"counter":1},"chainType":2,"messageKeys":{}},"BZS15rawCw1lQEPP5YlPEsLIwrBmL3dTHU1CTeeJulh+":{"chainKey":{"counter":0},"chainType":2,"messageKeys":{}},"BbGMnJ28iaoacYIONDXRo56qxZrUnysZRRZRlWON6RMn":{"chainKey":{"counter":1},"chainType":2,"messageKeys":{}},"Ba8pJWEOrMbUC/DuJd8MoWHZtHKMkBcXXE93JM1aST9p":{"chainKey":{"counter":0},"chainType":2,"messageKeys":{}},"Ba/4Iigk1r1iz++N0IoaDCd6qy7oFc1KnBTUoOmhgGtb":{"chainKey":{"counter":0},"chainType":2,"messageKeys":{}},"BfBWuAmNxub9cK5pTYYg0H+yf6OGK5jt85f3inL2f81P":{"chainKey":{"counter":5},"chainType":2,"messageKeys":{}},"BZpn5rSTRtmXdFW3yh9cYR02Y80NGVWv6d074r+qNS8S":{"chainKey":{"counter":0},"chainType":2,"messageKeys":{}},"BSUr9j29vauQTqf1ENfgTugwomsEZE9XPJiRCvqNw4JF":{"chainKey":{"counter":4},"chainType":2,"messageKeys":{}},"BcMR/nODiu0KHdYK6Uh5Ocv6EhFwMDdZlF0rx/R9FMJ9":{"chainKey":{"counter":2},"chainType":2,"messageKeys":{}},"BVITntKZP53zzLTxJvxlhbZHEKVAL6P9dzkVBcRy+KZe":{"chainKey":{"counter":0},"chainType":2,"messageKeys":{}},"BQj0qz+Xu65b/xvqdcIv95j+Mnxe9bce74LkIF+p8+FB":{"chainKey":{"counter":0},"chainType":2,"messageKeys":{}},"BXT3UfKf04PsBlDn4zjnetnpLDIsuLJipGbXWxjrBwM9":{"chainKey":{"counter":1},"chainType":2,"messageKeys":{}},"BSgmVUtzihaazZFZAiGEy0m2hJH/jTUoWCFSm7sPH742":{"chainKey":{"counter":0},"chainType":2,"messageKeys":{}},"BVzTEPgRTdu76QMvJOb19QGfUNDYhIdujCr2UVJf0hJu":{"chainKey":{"counter":0},"chainType":2,"messageKeys":{}},"BRniBuZcv6FbABjoQPDho66XwsrjwDhyDFDNBwHDfSdb":{"chainKey":{"counter":0},"chainType":2,"messageKeys":{}},"BSHfDfpS3GYMpfJ8Z+9XL8sMznNkcg4Q5h8ihWXaL65c":{"chainKey":{"counter":0},"chainType":2,"messageKeys":{}},"BQK4ZQvzwsdCODijTp4a9EtxWyuVJfhua+uKP/Yhg1EH":{"chainKey":{"counter":1},"chainType":2,"messageKeys":{}},"BbkjFKzjgBADtyD+hgrvtfmI5d/ARtAIzAfACsCQLZxT":{"chainKey":{"counter":0},"chainType":2,"messageKeys":{}},"Bb5fWUJHJWOyrnZ7lFBG5VK3jgzT9VNVCRBWW/vsVZhi":{"chainKey":{"counter":0},"chainType":2,"messageKeys":{}},"BSUw4J+aLvvWq93z0PhPoq53kg4ZW8X6zDKeWvh9Yp98":{"chainKey":{"counter":0},"chainType":2,"messageKeys":{}},"BUfsW5J02hbn6uw5Nt8KopS/TrEY6+zg17WVgT5KW7Ew":{"chainKey":{"counter":4},"chainType":2,"messageKeys":{}},"BQ5Y3hxFZm+hH7DlFBlbnXpaz8edT5sAZxluTlWM5Iwy":{"chainKey":{"counter":0},"chainType":2,"messageKeys":{}},"BT3erTEa5Fn7Wxex8h7J+xjv4zqTINfPp419BjiuZJNo":{"chainKey":{"counter":0},"chainType":2,"messageKeys":{}},"BV3dWXirmdXZSbQHcbozl5AJQ+VbzBT3djTIhVlKqq1P":{"chainKey":{"counter":0},"chainType":2,"messageKeys":{}},"BR/XPzG9m91BfRzy+0TjknBUZO7eLacvL08wXxEaP79i":{"chainKey":{"counter":3},"chainType":2,"messageKeys":{}},"Bcmh+z+f+4GPZdTsBbJGZ4utA5j3hRP+UCyDCi8dGkQl":{"chainKey":{"counter":0},"chainType":2,"messageKeys":{}},"Ba5VouwZXWBP/KYfzMPccPv22tYHeMqoUy3DZlYM2TRi":{"chainKey":{"counter":0},"chainType":2,"messageKeys":{}},"BR5gdsiUr9gB5XeoKizrqHu0L28LbTjHf128shCbK6Yd":{"chainKey":{"counter":0},"chainType":2,"messageKeys":{}},"BX9hBGWJ71L1OI2agGTqpMDRAgWpGeQEv1yXt7jaJ9Bo":{"chainKey":{"counter":0},"chainType":2,"messageKeys":{}},"BTQpfHc8YP4lU75IdgTyJXRJW9znDupCSaxr2I6tRQAn":{"chainKey":{"counter":1},"chainType":2,"messageKeys":{}},"BQvBJfT5kP0xoAQ5KmF8u56U85GsPPOrwv5T6YI+RPgZ":{"chainKey":{"counter":0},"chainType":2,"messageKeys":{}},"BSyn/EvX3KTTyA8uclrlrqkz2HIIcXLSsUgcxHhTBH82":{"chainKey":{"counter":0},"chainType":2,"messageKeys":{}},"BUVef4o7JOQUthevqhwvHvQWSh/YoqpL0S88eYtpYs5G":{"chainKey":{"counter":0},"chainType":2,"messageKeys":{}},"BcZkWV1P8k+qnStdL9yoYws2oBulYrCHsp7eZ6n4uKUL":{"chainKey":{"counter":3},"chainType":2,"messageKeys":{}},"BXeVB9+whEPZF9xovBZzzHopjlZdNOTmgTpVJS8T1JdM":{"chainKey":{"counter":1},"chainType":2,"messageKeys":{}},"BY0QtDodarQ5C6AjXT03sdAxjgIKuxyZQjJOkRyWUkkJ":{"chainKey":{"counter":1},"chainType":2,"messageKeys":{}},"BVR6AaTgKtqLeMgh+hfJ1VcTR98jahpE2EjRCLfKShZ0":{"chainKey":{"counter":0},"chainType":2,"messageKeys":{}},"BRgaca++D2xzaAj0zqdZZtozmyH1DCGaLdeQ5wzyY9g5":{"chainKey":{"counter":0},"chainType":2,"messageKeys":{}},"BQyuGdUorTzXVmRVKT68ffaBNigOgbffNTM+3RCQGmZr":{"chainKey":{"counter":2},"chainType":2,"messageKeys":{}},"BTjlF3afL39/J9JFdzoNWKcrwbOaEdQGoAC8PdeTV3By":{"chainKey":{"counter":0},"chainType":2,"messageKeys":{}},"BRdubXjAm6WdyQOuO7xBubEUg5YiyCF4MCMmv77lr5xJ":{"chainKey":{"counter":0},"chainType":2,"messageKeys":{}},"BU9vFETDYgqk+yLw75do82Bye6lpTogjU0RKtHwCT5pG":{"chainKey":{"counter":0},"chainType":2,"messageKeys":{}},"BQNzG/go7t496SE+bHhkcMlMzVe4o1Qliqz6wFJmSOZE":{"chainKey":{"counter":0},"chainType":2,"messageKeys":{}},"BdECl3QjgknCOrqvFxKRDrAkvLeSPgj+3eN20UZRz7Qj":{"chainKey":{"counter":0},"chainType":2,"messageKeys":{}},"BXIXoCkq2gGGqsEv9M/BJCGkovn8Q4RKHhZgqftoI35w":{"chainKey":{"counter":0},"chainType":2,"messageKeys":{}},"BT1KiuF46InQ5oWa/sDvRW8/4QMy6xWeeDGMRNK0YONa":{"chainKey":{"counter":0},"chainType":2,"messageKeys":{}},"BagEQwR8cOmvyOJQcBmo+AHUm1gPNVM1fdSths2ndfFr":{"chainKey":{"counter":0},"chainType":2,"messageKeys":{}},"BZ5qB90ySQqlI3pqeEpR6r+fn8SXxQxFfg+/7bZ8s8Va":{"chainKey":{"counter":0},"chainType":2,"messageKeys":{}},"BQS/9MyZ0eGJSq4OWhtCCckPQx9ox1TuAoLVTfD1gEtr":{"chainKey":{"counter":0},"chainType":2,"messageKeys":{}},"BWHjJ1ukUnD6U6tIHIiPb5X1QClnjmJIpH47gAK4Ri4c":{"chainKey":{"counter":0},"chainType":2,"messageKeys":{}},"BeSyPexossCHSAtraHvnt5YIzFIB6dJrImWm42PA/0Ne":{"chainKey":{"counter":0},"chainType":2,"messageKeys":{}},"BagBEm2kWSMvIx0KQdzb/NSPb4sHfSCfccytF2JSO3VM":{"chainKey":{"counter":0},"chainType":2,"messageKeys":{}},"BWCCQa94TZLsza7sorXKaULgXakWTdU9N2XMl3IE3l13":{"chainKey":{"counter":15},"chainType":2,"messageKeys":{}},"BYBgrFrjQP4DbkkJwN3hkwojNbiIez8Wfz7NFvwpz+Ak":{"chainKey":{"counter":1},"chainType":2,"messageKeys":{}},"BUvcJoJtVuDYyC718wEBnKF5+0mzDu89rxWcFL2f1M9N":{"chainKey":{"counter":19},"chainType":2,"messageKeys":{}},"BVzeakezL2K4wOdRkBA/aWrkqqfEnqetgc+3h2eIIPgi":{"chainKey":{"counter":3},"chainType":2,"messageKeys":{}},"BcWDAqGBKiM77NKyzcqkpt5YKYRLy3GtsWYA/eB2NkEO":{"chainKey":{"counter":0},"chainType":2,"messageKeys":{}},"BWGW9fSfzzN+8eB+7ECSXrNUbn5wv2kzDfKXKACl9dR9":{"chainKey":{"counter":1},"chainType":2,"messageKeys":{}},"BVDUeegNnD6Y/sRbivZ88ISqdykdD7zDGX2fFivA8hpV":{"chainKey":{"counter":0},"chainType":2,"messageKeys":{}},"Ba7jVgjOiQKo4fPxqZcP5CcyNY+kJgTJdnFqvmycf4kG":{"chainKey":{"counter":0},"chainType":2,"messageKeys":{}},"BSTmNI2IurqrDtfQ5S0C45DSQtSYfKTdNd+92eJFfht4":{"chainKey":{"counter":1},"chainType":2,"messageKeys":{}},"BQxnYvTXO/uYsnMNNzUTIf1O9jcIJFN2u+5JNMyi5E1V":{"chainKey":{"counter":2},"chainType":2,"messageKeys":{}},"BQbbhHLwUJttr8fjemNZlNQ9ML27AWng34yznwBSKHZ7":{"chainKey":{"counter":1},"chainType":2,"messageKeys":{}},"BZCmdhnANEDfU9I3EVKwALDOqt1sJpem1QMFuUhEo9MK":{"chainKey":{"counter":4},"chainType":2,"messageKeys":{}},"BeotDldXnzw0BdWzJySmQPvS8mjKJLZ0lMpcJg/NXegq":{"chainKey":{"counter":1},"chainType":2,"messageKeys":{}},"BZhuK9Es+Ieiv2TQt2DTsIv7tA1wNMc21G4p0RvB4LlI":{"chainKey":{"counter":1},"chainType":2,"messageKeys":{}},"BdlHld+2M6wGEiPqZHulN5a7uMk0NGskUbBQOGr2cj9J":{"chainKey":{"counter":2},"chainType":2,"messageKeys":{}},"BVchhrOSxZyzcAeE479Zmv3TpMsYMnBoqhEaskFN1Idr":{"chainKey":{"counter":1},"chainType":2,"messageKeys":{}},"Bekc2SV29w8yeMp1qQ0eQtGGwtd0RzmChpEI6YIFlI8f":{"chainKey":{"counter":0},"chainType":2,"messageKeys":{}},"BYrjlF7WVSmY9Fzdnq/5YroDmQMnouVQd9wY5OAzLcUb":{"chainKey":{"counter":0},"chainType":2,"messageKeys":{}},"BXG0bj9itAvuYGognQMgqRfadfJMdugQdU4FWVxcwSZs":{"chainKey":{"counter":0},"chainType":2,"messageKeys":{}},"Ba7ruZv6y0B5+ML7D8npSa/3b/32Ii5C1BDSQzy6wVsy":{"chainKey":{"counter":0},"chainType":2,"messageKeys":{}},"Bdjne8Swnd9B9360uRy47rIazyC+MP89++OrwYO0yFEo":{"chainKey":{"counter":0},"chainType":2,"messageKeys":{}},"BW58SBcYIk8MduxeMTdmO7nYMx6VdY9B97HdE7pc4yQH":{"chainKey":{"counter":0},"chainType":2,"messageKeys":{}},"Ba/K+xs1l4+gTEfYnsCbuKnf7KXq0NhyGm+0u7BQ71gY":{"chainKey":{"counter":0},"chainType":2,"messageKeys":{}},"BdSKuMDZ+2uClCtcJOMJ3/naocYg20xPyQ1pcyhLLnxA":{"chainKey":{"counter":0},"chainType":2,"messageKeys":{}},"Bd9FFJgTeJUIKluyRmOacVhk5mj/ssTHcZJSS+FssuRL":{"chainKey":{"counter":0},"chainType":2,"messageKeys":{}},"BZ898RfnGI0xfaC5FrobeomxPdIsgvyHsUho/9mbe9F5":{"chainKey":{"counter":1},"chainType":2,"messageKeys":{}},"BbPQjI3hZPYX6CgECG6u7zdgZSgeyRq7uNc9CYJI3c1e":{"chainKey":{"counter":123},"chainType":2,"messageKeys":{"3":"kr0mjQv1FSllays/1+MxnxKPz9b2229yhhPYw0XhfyE=","27":"Jms6z45O6EtsXAgPLKJNP5HxMTTJiO2oI0vpBFibREw=","34":"lo0UUUkvLNwymnUPEz8ViZ7H7LtY14PJTW6arilqpu8=","38":"ryoMbvkMyaw3vSnMwwOM1qHo2SbDqcqDEx/qceGFqzU=","46":"0HzWhef7yy9EqzfuxjSzjEJ5UGRyBRlvzS8IvzSmdBg=","47":"8d608UemEN6O0UaHE/OnjowTASO0JCNSI1wq2nQ1sSo=","55":"hbWWzYVfhCl0Kgjj8uBBhHGWVxiKlYrNX9j0Yon3im0=","56":"2DLOWEWojibkAGLhR6kT9cKriLqirzAQ5UFS5AJv848="}},"BdEtoBFkTfTQFfNPn9qTICN2Fw1+cV2XDH0MuzMZj6NI":{"chainKey":{"counter":0},"chainType":2,"messageKeys":{}},"BbKexZNOU8UmWwtH2GYlVg+4t3ZaG2fJTCDZPl7/eFxC":{"chainKey":{"counter":0},"chainType":2,"messageKeys":{}},"Bb37avJ5ha97a+TLUEh4C9Y1UbrOL9KkdLj3F/FsmVAL":{"chainKey":{"counter":0},"chainType":2,"messageKeys":{}},"BRkICsRLno6zgx7HSMuHhyWZ3TIdi7CfKlBsk9Hg4lZD":{"chainKey":{"counter":0},"chainType":2,"messageKeys":{}},"BencN1k+69vyflvDzHXGTzzYQXB5EFavyUDCaFp2DA5s":{"chainKey":{"counter":0},"chainType":2,"messageKeys":{}},"Be+5tT7/FP8J4ObBhRxH+P5Wn2JHyPzkgReyoJr9P0db":{"chainKey":{"counter":0},"chainType":2,"messageKeys":{}},"BXjMCkGra7O3zAWqSw8kwNThz6Iq8Wtj9s1D9nKoVsQx":{"chainKey":{"counter":0},"chainType":2,"messageKeys":{}},"Bb2A5aI8sNDRRuEeXvuSLTLCvslYaJA6C/kiJLfWDrRQ":{"chainKey":{"counter":0},"chainType":2,"messageKeys":{}},"BWHW9BbDMrAAdprGLLYtM/N65amroYF+IiXeZRX2j4kH":{"chainKey":{"counter":0},"chainType":2,"messageKeys":{}},"BY+IvrMUJFCweX/lUo0zaXdYbqEwXg4tLiWEDLRDuA9N":{"chainKey":{"counter":0},"chainType":2,"messageKeys":{}},"BSomKczLdL4V6tE7X8f0Wjr1Te91g6jATJXJCz+5bwVA":{"chainKey":{"counter":0},"chainType":2,"messageKeys":{}},"Be2sZkt1V8+itJVRg08H+KoeTMq8iCWx5hEDp/L6Yyl+":{"chainKey":{"counter":0},"chainType":2,"messageKeys":{}},"Bfe17CLNL0huuTF7OZ5qcjP+6I+D4drz+eoYz48EsPMo":{"chainKey":{"counter":0},"chainType":2,"messageKeys":{}},"BV1skmCDnwQPDKIhgCtifBFeb0WntJSM1etGgBkeIbQo":{"chainKey":{"counter":0},"chainType":2,"messageKeys":{}},"BQV7ANSeSdpy7lhCjVq8e2eT/7sqqjS/rMqLaV6k5soy":{"chainKey":{"counter":0},"chainType":2,"messageKeys":{}},"BWkk/r0IaNMo8wsFqL5KOvKfrdZXaMrVo4aiWrFVv2xM":{"chainKey":{"counter":0},"chainType":2,"messageKeys":{}},"BSErpDARx0mrUsTrOXiiSWdmz4AdVshgwo5wWvXNxCwH":{"chainKey":{"counter":0},"chainType":2,"messageKeys":{}},"BX36NOnlp/741HFJDFeQ5FUUon5ByZGkz2HpTw+tTisc":{"chainKey":{"counter":0},"chainType":2,"messageKeys":{}},"BWuwE5wpC9yKYg5EZwr1VVZs4HESMg+vpxH32077FahZ":{"chainKey":{"counter":0},"chainType":2,"messageKeys":{}},"BRHC1dIQ39JfisVhHeqzPMzYpK1ciMQr2WaJRGtnwuAE":{"chainKey":{"counter":0},"chainType":2,"messageKeys":{}},"BfNcKjbxmzqopqV2oBuHWBOyU/008cICpZLJbviR/WVj":{"chainKey":{"counter":0},"chainType":2,"messageKeys":{}},"BeipPlPcdIe8tUjyYkrKDbEJaEDv9SjglVjQbbw1xJFO":{"chainKey":{"counter":0},"chainType":2,"messageKeys":{}},"BcQ+srkwUxjzKxmADCUINl7xPEdCTWLFyml+b76ygStQ":{"chainKey":{"counter":0},"chainType":2,"messageKeys":{}},"BbRK3HMgDjqS9Achhc4i4e3AWt93cbgCoRApyqOmbK8o":{"chainKey":{"counter":1},"chainType":2,"messageKeys":{}},"BV25X7qkLX/u+Cv9uVt0y3R7g0onlYa70GsbZRRKoaI3":{"chainKey":{"counter":0},"chainType":2,"messageKeys":{}},"BeqZKlLu1ncyUsFIG57qDAFFEFO5qDat5fFZulxjPCBU":{"chainKey":{"counter":0},"chainType":2,"messageKeys":{}},"BfF3GQjKMA+JQ7XYebv8Mt6sQAO2Vekb8rbYba4A07oO":{"chainKey":{"counter":108},"chainType":2,"messageKeys":{"31":"TF2czSauV7eILecDYIYOASh0WefLzwPqMWHaNuX/M+I=","38":"6WDPKRKFffVaL1bCenE4IqFIkJwb0XGDAgqRy0TFNYQ=","60":"YcuGTEBar0nV9OwKXYu6NV5DI7GTsU5eSe7z9VeTW3Q=","61":"5XI9xei+wl5wVgcqw4ir81S3SBF1PdgxaZChdSidEhA=","62":"sNLkBQAliBj3RiXymIphOHKE8rzUE1ZnK331tVxJz38=","86":"GOw8EAOToz/9rjszsW/LEvqcu7em5pgy23M0mHYdxus=","90":"Ip7QovShjfRdtGfOFzVzB5mPU2k+5Szig4CoQO4ToGA=","93":"nvu0Dg8MbmUHrXbr9IKnWVlyrrPt5K13GPF8oC6Y3Co=","94":"/U3HYuM+30wYPNQTl6TxFnCWOmt8krtwsnbm5FjT1eE="}},"BW/EpC9ntflZY7roxWHNwV8iE0IDwLlBHsXppt89lYhz":{"chainKey":{"counter":12},"chainType":2,"messageKeys":{}},"BcREHCUETkE+K8Z+JxMp3G/AukOKWwq6LfpfP/xRgscj":{"chainKey":{"counter":0},"chainType":2,"messageKeys":{}},"BfL4ofq6BFBe6cYjFIf6dVN5AjMAeVqy26K5a1QOPeFx":{"chainKey":{"counter":1},"chainType":2,"messageKeys":{}},"BYDawk8h8lkL03WycQPUgmwJT9tzjgQhHFvDtTz1TjVw":{"chainKey":{"counter":0},"chainType":2,"messageKeys":{}},"BSoilomK3bLANLNLUi+Hb+jGum/J543PaZWOdipALmRL":{"chainKey":{"counter":0},"chainType":2,"messageKeys":{}},"BYkt+hRQ1iWkb55f4VS1yZ8boN5MmoEFHxhWzx6iocle":{"chainKey":{"counter":0},"chainType":2,"messageKeys":{}},"BaOYQHPtXg0GmK/jQzyPgtI50Sdl3A5YBc+WrmQE7psR":{"chainKey":{"counter":51},"chainType":2,"messageKeys":{"9":"dTbrQYYZiYuON6EHd5VyIcHHzQsdEqTVSdwLYLl5SuI=","14":"SjfV5dDEoTNJkI+22Pw2Uc4gK/LMJh7Jzrozahvgukw=","15":"Wxo8+5XDw5p7DaCVzejUPNVIOr/7+jcsm5MKNnRtUmE=","19":"/Jf2AK0jMeUuMYhRMpvonogcQB3hamop6ObN8VFsQoc=","24":"NWguDk1zUPvPSsIW/zo43VSKwHkDX1selOeM2PAAsYo=","30":"CDogWhg5FgCUFb5eT4NuIoiW1MBT4KAPHLA4Lrh2ym0=","31":"oPE/f2dZZT5RzAd+Sl9Z93w0A+sYnOommYglE6Js+7o=","36":"z8IXlXZaL+FiMuMvlZourCHJXZwn7bmYZH8tKjvUeEs=","37":"eBlzu4w64iyXevZ4TY5diwh5cln7nwrSewc8ejAyf5Q="}},"BZKFDXAFpw31P7/4+EzKUAvVydyfGR3yX769YWIrzmcu":{"chainKey":{"counter":0},"chainType":2,"messageKeys":{}},"BVTv6b2usi2Rc075TsX7jFtdVztMeP7EQLDMSso0MrYe":{"chainKey":{"counter":0},"chainType":2,"messageKeys":{}},"BUTIr7a12B710l2WgXEZ64hwfld3ahzYlxh2usrnsDAJ":{"chainKey":{"counter":0},"chainType":2,"messageKeys":{}},"BegLNGeNPHgqt8Z1duH+6wY3kNppMURDeinp2RHUz8EM":{"chainKey":{"counter":0},"chainType":2,"messageKeys":{}},"BfoGk5wZjF5BCJqsNabTy/vYwDY7NT/GOpnjH8vYzl8B":{"chainKey":{"counter":0},"chainType":2,"messageKeys":{}},"BUiyPygkvvMr1n53SAVVXyhUexSHp13O8msgjaJvKIAV":{"chainKey":{"counter":0},"chainType":2,"messageKeys":{}},"BSIYfB1wUXvWYuvzNZP65muHgDk1J0UtYWaksL2QcW1M":{"chainKey":{"counter":244},"chainType":2,"messageKeys":{"11":"2UdUQtuynPXp/n6t9LwuNxOU4zllFBr9qo1/+aDOJTo=","12":"/SudS3VfMmGK5g2WIOwBT1BVz4TdF+H9gp36gZ9v+kU=","15":"XfL+19eOM+D1AWG6UYEL6EuybdeD2WRIn2c3YXrf9uU=","16":"M0uMR5vjh63Aovs5xj8JK7LVps+NfRtwU6Vgw0N0Bhw=","34":"hnQVh2oCj+1TEErBp4bTeLx95IIbnYG680Cr5obNkyE=","36":"5v88Jy4pvuX1t42COXD2xNfJnynU5wLei0elKQS1pys=","39":"03IUMbjsdVA3wCX8dwylvwN+azB3YRPHDai75HFh1ok=","44":"Cjpiw/gTQQ8bPjlMqdhr+9UZi9u9Z+1i6ZyGa0spcQw=","61":"DwplcqFpcboN9juFrGmG49RRFSZSjg/dEfLKlZ0uYZI=","62":"lJb36oD0n/qOAqmas3WDAK1tCoEzEoNLaJNxHQawxto=","108":"GAtVp0f7jb2PykdPr++ylpOhffTAH105rt62vcBl7RY=","109":"8TZk72hrKbMmYyJTwNOBk3Qapzh9QsU95MANviNkgUE=","110":"Kk5h3T9OVgGLbk9GVi5CJ11WIOEOa/AL5FcWO28vdG8=","111":"+E2i8H9DzhHv0Ckbu41gWG0/5BQ+ddHz9+XWNnB9BmU=","112":"6B4lFmaaU1o1++nQLXaneecZha/7Z/Cc6+umbr/IXvo=","113":"+OFzxN3npSVwVnmNpEzP9kV+iv4I4Q0AJ+JQprd4ih8=","114":"CvVLW3/eTuC7w/dalb6N5IVDlCp8zeb5LB1iksoQLJU=","115":"iUvrMP/3wBh1/cpppC7NXJJnVwC0cMfsMUlSFGJRLTY=","116":"KvrVAFDLuW0VNVB5HJvNn6SNIgAFzfNU6PupMO/qZ/U=","117":"WLLw0GwqEnOmGagwtxRhViZ8RsTgLdApybYnPqGkLBA=","118":"SvYQEiLjXnsch5un3clAHKb3fRDyqlelHPdc50fowSY=","119":"94LMEeUo/ca1CVlMZh0RuBsXSH5xbtdNA0BNvQPP22Y=","120":"t5t2sTQw5V/9FrmKQIaa1E3Hcm8yBhwtTu/GZY8348s=","121":"ojJ2agpz2cNVRzFECHrZS2nBUgk9pA/05B/b3/kSITM=","122":"pkzBm8GhQQxI3SnKIiZMHwC23yMVPtJxsg4HAb1mLFY=","123":"4ER+PVU9242hwX5iHztIEDLiNQy60T6+3N/fHsvZ3xY=","124":"1ibYxQzEhzA9PKFwFjxpqs5mjLi1Ai6KXySEGSDhZZc=","125":"WT0C33X+iJzZy9iyk6d4lGAYIL5i5Luhedqr/bRUoUc=","126":"32fURqMlox/XmlPvoQdNMQV62eZGOAneHpROySvbg/c=","127":"YDqtLUTJATBXcIYzJt67sq8/0BaN43Etv+QhdaTy0wc=","128":"GX0kalgRn9ilcZcuxyJ+ccF7JrDqIMITD7U+QDAyiIc=","129":"cSveV8ni1AFz2pqRQca7F3mWbL4rmeXwXna7dXEOD54=","130":"BIw6LItVblEQA63J5+P8h9hZ99SbFVZUXKrWJYdMSIM=","131":"pKMIqQcERs/guDYwwy7g8xAXtujQ9ykCMYIiUy30J1s=","132":"Rbml3/a+qNyymnXKtI04SADfgvNzgnyDLf6JxDlL8cM=","133":"fKkxMw8uXdNBo8qe2gS73TNzDxQsMNjz1xn3QjBxfIU=","134":"jCCXwxDtbiZFaHsDtlPrds/zk5wGUY82LS5T/r8lYlM=","135":"D8gPh7k+0UtI674y81zZUZcjDJNkUOxLPsVXHPtkaa4=","136":"0Q4Bg6sZ/rJq3KF7ZliTmHjO8ryrn87HbBrsviKZ3zY=","137":"7G9wsYb0N3gE1CreywgkdszA7jpDv5bqsDUGGMNLgD0=","138":"+n9bv3WjzMI9Da3aUPtPrmbFgzUFBxv1sfGcXKsjo5E=","139":"z/JCxGRJ+vUSS4XBs/YzdqddjMVT7oyoD7stwNK3CRo=","140":"q20ovw6W7NGC8fY75RCjLJBos3SFypYMw16QXHyFPVA=","141":"AeGock/e8Hol0PgE6Gtx6RK0Zlz/gluee0u4r8gfmiU=","142":"ykOYiHeAYIftUCfC1/7gr78vQIzNkVMIZ3n8EYmSrNs=","143":"4cCCiMQCKBa0dI2Htii3AyYlY3ljeY6nEgzwbULetLQ=","144":"AoV5UGmHbIp67dnTFj5kDUTVVP2gM8SCJZR/Dil3BBc=","145":"3offalxyodRUR+0QtbKa+5oorE9weFMp2v6Qj/GBbpM=","146":"tMxszhq7F0UcwwWkwHjD1n8eHHHBHMm/NoORtBOz91M=","147":"wpy0GZxO+SL/QBJ1tlqbhl9LquzOHjz11DEc5/VuhOk=","148":"UPII+oggNim3KZLj+X5+6pPIFadNzWD869Q1tpGzWjM=","149":"40ETawXiMUBKr+SZeXM3uG0TH4Zv30Ce/OzWKyIm6xM=","150":"TL+lotycEKvWtyYHYKDWYOW+3Hgtl0lF6r/E5Ll2KB8=","151":"bQR2WEYFsGI8ZhXqWonbui0yElkQvc7rTSjcnv/qusw=","152":"J9qsJ9Jwjd9w4yRB1tZTlIBtHzPcPVlExnA1blAoYf0=","153":"6Pb+udqExoPlyUK6iQYUORov8HsGSXTEYMzNzIg3r6I=","154":"K6uQlivkPcLOl+FinbLd7l/UbguVT+KybfjhT63e+0o=","155":"C0VywM4MYrOq7h/geddapCG5aIwr7bF7x3HZy5mXfCQ=","156":"DXd0ONJXkRqCBN8MQkDp7AVGcthBrIVLFKWEtUMmNts=","157":"A09jFqfMp8NPAdUOiyjmCbDJsy4rK0riZp++aLT4DeA=","158":"0YrVD7Gium0g+QZ5lF+NRMUEcmXXUNpPgYVQEgRE4I8=","159":"qEye4ergBu+j+6pSJ5gZWzBf79piLSXKj+vDqu/7Oho=","160":"3KkePogini9ftSYNU3C5lc5g4U6Mi9AejB+Vt7rCnqk=","161":"AwH061cTHzUOl+JwbWkl1VuaqYsHif8h0EDVnKnixxk=","162":"PQkLc2b6IzDcFBgf5BZSWmVRel7ItVEvrneNMNsQXUo=","163":"YSk+sonIsPGqFE6It+1gnOa8D3fMWRSEvbYmtW6PXLQ=","164":"00CpgEEmGD2H7ZACr46uEXbTvbYVAsxfvvioRS54L+Y=","165":"8niWSoINGea/WrDx5IbYbH/+js9RCzdFWeauavS2h2g=","166":"lvRdpcwAMdxExyemsqQjFbaNaPEKjvxDeVq1eMMlg8Q=","167":"A18B/U2sOSLwdsCFSX+Zp2MJRlzzVXs9arSmGe6OmiE=","168":"js8OaMGjsXJ+3t1/0jjKnfaI/5oBjhiZgxVWzw4VK9M=","169":"AYlTVraMpuwiiZIGEMPnV6B/ZaORiu+NXIyUJA2zJPw=","170":"x6PmglFOTlPytz1fd3hvu9md8g9tjgfydwboq0ofmf0=","171":"f8Y0aN5HVI2DeeVSuWA/FxUsYv8IC/YZGjSWP80Pk6s=","172":"SgFG2aXtaO/pHY7I5C1LJdU8H8/2FPiY1HRoZc6W0KY=","173":"a5l9xapBtGAIb35c6m/J+6oluoBruTQC+wiwtrlQ2kk=","174":"Z6UlZTta7xRgc1YxRBfG+YmM3VyawJ1TVOuZg8hNXMk=","175":"xgjV0FhH1hedDkN2RtZ/2Qg2V9IeqZ8nIhrfjIGgHmE=","176":"qLp8lclnsJQLRx9Jc2xK5Lcoc86VomxrC0XUEuU4X/Y=","177":"gpuEtiv/kIJTKVJqYnoOAW+BwKAsgaWApJmXySkm4/0=","178":"hODQ/3Siz+YMeh6CyuKUAXbOjaUoToC2AXwGj2zXjaM=","179":"sc49s9HKPyR8VUnOjjps5cPRGGSKv5dXSUK0BSBiMwA=","180":"HtLCA9PHobrcmyKw6zYwobSh4O8ZPGjL1WzF5ojUpHk=","181":"l9aFwgINxiArUKohn4lyCDj3mh1K4dCMkdVhm7EBfoc=","182":"ReiLxs6Z9JLnvGsUnRV0uWJpjC1Xw4pt6k2Vgy59GNk=","183":"cIAeZlCaXgc5UExD00IDaFny4gNuasnL3sULVzyvHZ0=","184":"JdeuraQxwqcUEo2eenrG3QpWp90UN/uGjklEU3zWAlk=","185":"L/rjXZs4ntO1xQlL0RaeSEl+MvohoqpTNOx90ToJ/u0=","186":"/ytG1IalzF+LANUqe5FnsYBe4KcUsdW9t5Pn6b2Jmpc=","187":"kHY1g6z6qNUv3zrHCrk2d5gxn3EjqJTHNz+orRylvt4=","188":"KQajWmjomeyJ/FMxTSCWV4gf0GfX6hq5A4KoJcGhcL0=","189":"mUqIh6ALLxIjDhL89k2wNJaw9I1xQ6ZjefJeLczpL8g=","190":"mWJFshgwFKXXsl4/10o9JjXjWILab3PneV98Qve4l38=","191":"r5dhvDFA5eJAySSxHncVRVeBcbMgFzhb2ZPFQQVnvWM=","192":"mN9BEquZ+w7T/YucD7L9mXn+238q4imgdPTWIEUn/Cs=","193":"Es09wGtmeVPPuUl0mCH32vkle1Xad89utkhEuD+3wgc=","194":"d4KtBRNZJX9kn4VAfYaR8TFtU5eU+W7tLFxzO7riJrI=","195":"cXhb7uz7PPZE0UwTI4gDvp4Kz3OVjDM/N3RzqpzYCQg=","196":"GEIVkEVFl3LgUZ9YzpK22ct1q2leuVd6HPs8gNMIMDw=","197":"rl/U2Reg+dpLc0q9sU7t0AF8DjKR78K1CG2HIX4LaYc=","198":"BN6+L2JYgZM6pvTesoMZKvV+TJYBy7cYhV4d/jNCjnI=","199":"aYd3nqA/Uautin9s/EGOW2191FhDXc7S4v5c4xfYWz4=","200":"zzuWxg1n78Mo8qLTVsIaYVmeHxHzHo5s0QWVbSsQlXU=","201":"dByuhDHB8y1bal9i20BJtbSwGVh+xnGUFW/aLHv07oU=","202":"+FJ0J2EzUnRzdYBz8M5G8GKFDZMNih1/K0w3d3bPrCY=","203":"teNH6GppVTkOHaswtes4/5W7YDq5aume65hBCsD9stg=","204":"QAH3/op1hG291WMPcuIGN22AhXIM5KPQJn8JeHs7B2I=","205":"w0daWE1bbA2aDsg6Szv0napv0w93vq5wRzTn+JJw6GY=","206":"tKMjjghkvOfSa6IBShy8T0rBYplIOZaGTum/DnFYNpQ=","207":"wknExiQEnlCB8X/wtwDDmJva8DgIGowipT3yFGytSSQ=","208":"WqqWUbY2VJ7J/vjF1ep/Na9naRlVVUgklL7c3/NzEpw=","209":"KhhLOIrEoxSZrXXP5HyzEkA55zPWe+KVCBnLvroi/J0=","210":"JSVC9V4BvZLrGOb7hMWjUcV45r4aRy6SbkYLsh75lYI=","211":"hAxV2IvTEAp6HAfpJPUICe+GjeqJB5GphGzr3+78ayA=","212":"QY9SLEmkxqNSjBp42TKs72FV2Jb/laXQlRxmebaRhJ4=","213":"r/kCWkJGJBaPQZgP0Wi96ep14R8pfVpBTiCgA80rbLs=","214":"hW+WscvESfUMtrYKASqfKvzxz1ssrKaZpm5y/lCycYU=","215":"7pDh5dwbS9XLi7KR8nI2zWgIp7Ssyt4D2bLnAJUwPEA=","216":"xmlH9O49dVlVv956X3YhKosZCKq0HeiDNCUz3cHlH0Q=","217":"BBoVFZfSYEr9YnvuwyHF309G7M5+87qqCBX2a8JyVtk=","218":"1V4Deolo3HCib1n1KYDo1MkKYKqnxA8DsDL4LgYXoJQ=","219":"FR6ib8gnidBoFVlqorRHYZnkM1trH+rxK2mma2GpCSk=","220":"0VqLYslsq5QQTjHhMprZ5592giLjSW0mJ8xWhmrhwGo=","221":"nlg9vJ0q8btFG8vw/jmUvthfI9Lom3Ia/F2LfXQ2Rqw=","222":"W8oqsl7GfW3+XlYk+BBnap35A9JS8uCyNdtCUFdEsfw=","223":"WXP2pneW83SZX01NHphwLmCXptYw7JsRAermCrRZPLA=","224":"AFss4LpKig5eoe4lfP830HgspQ4lg32p7Afn5wG35Mc=","225":"fQPH631Xh0BCu+8s56wL8TNBZmHgQK2j2dQSrLpmgZ8=","226":"LqIX3hfrBWjGEC9siu6PjQ6svZfD+ePznjRuUrqd468=","227":"CmiPW9FNIDzO6GCh9iA4/DnzfQGHn6uiGw/NoUAC4vA=","228":"yZ625Ah2g1VetJqgECWy8zBJ0/tQynzY4S46edC9ICk=","229":"LQx7Ti4dFGany7OXjmj5HTcIPUoZZfljJazRvLhK638=","230":"AxxMImxzBpSgemCltXEoE+OM7srh2PuBOwtXe580mdg=","231":"ZLaZEGDIEMWRGkCHdQ/WedlGbxZst0DtJ+VsR58UZjk=","232":"IIIU3fXIZWclChofQckG4Qc00A2SXb8ZZIHVCS1ow/w=","233":"u8rn1YJdQqupNQ79eAQi2dQwgPMsrdMY0ete7Gp4uYs=","234":"8AJ3ZzFyBTh37YrH4EC8ycDmEC68t3e73B27wfD1Vq0=","235":"zWRnjqL3PeEAMWTfRcGki/v+E95Mzk1N9RmbuyYE3fg=","236":"v1FSmCc2gHCWe88nWaRQLfFKuI3iizs2xymDwPjn2FA=","237":"Tn7iPOi6aaVJE2p6gdJBCR0+4j5oOGTcwnaJjmhEi6Y=","238":"Wj9fw4qilPYAXwuEA4JrlZgGX5D8acWU9+dCkda4+ro=","239":"nrkrP28xZR69vEacfNhaTCTWZ5zfX6vIbKUqRvninI0=","240":"Ve2qFFxV9JZao6LM+8Gk2kC+AhKiNDAtH9hdRuuhjZw=","241":"PI/NK0xp7ScnitOUEV9g2iN0PmSelZoKldekJKstXwQ=","242":"5TiRmIT5Viffc21kxJKyS/nbpCtjrY9w9+J8XOfvhxc=","243":"kgxenrZaHb+2UlHo4zUCgSjODUFuJTkgsRWLnByR9dI=","244":"ytmy+BWAi5GBzxFzvX0hV44/lbIptJjof5IMGoX0HHU="}},"BZfpC9uS+4mwfo5JUoEu+8R1xnW23/0OTwGaY6ML3X8v":{"chainKey":{"counter":0},"chainType":2,"messageKeys":{}},"BbyAFbJY5jdXWNdus/0VzKuTDW5/xEBxCaSCmRRBpK0J":{"chainKey":{"counter":1},"chainType":2,"messageKeys":{}},"BaRMiJhRktvkK9bxb0DhEx+3Vw7lCOphUVQY1DH5CvhZ":{"chainKey":{"counter":0},"chainType":2,"messageKeys":{}},"Bbskgt93Sey75LAgODBspM10K4TgKVYwDvUz6r0taZ5V":{"chainKey":{"counter":2},"chainType":2,"messageKeys":{}},"BXNNMmMWpdKQTGW8qanuAQb7fj+67WG2Ec5eXjUCRAtX":{"chainKey":{"counter":0,"key":"37+d30kgYd/KTu0QzV9uNNmjKLW2C6TdoJkQLITf2y8="},"chainType":2,"messageKeys":{}},"Bb5Z9G7508UKZirYmZO7webXOQayI9meEpIPvK5XzmZy":{"chainKey":{"counter":1,"key":"i55fWiF/4agf5CdTWNVJgUjme3GdNAMiyhFnSs9LFy8="},"chainType":1,"messageKeys":{}}}}},"version":"v1"}