{"_sessions":{"BaOeThS5Z0ggRKxYmgKsopC1aAIopAA644aXrqORB5NP":{"registrationId":145046092,"currentRatchet":{"ephemeralKeyPair":{"pubKey":"Bai/D7xSEW09Eq8+3pUHLL9ToUWbWkNaw9+7xlKtmFs0","privKey":"cLASJtIkmtprgO6p5sB+Rkf0qfJQvO/jGY50aiGpRFM="},"lastRemoteEphemeralKey":"BcDM0KJ+LXFZU4G2aWGFvi49X2REHFZeIi1XnCuwXjdL","previousCounter":0,"rootKey":"jGNJ4eOyHVUPaTjLLGCBAMge7GX/vx5NlBf7v9lkGG8="},"indexInfo":{"baseKey":"BaOeThS5Z0ggRKxYmgKsopC1aAIopAA644aXrqORB5NP","baseKeyType":2,"closed":-1,"used":1701295244145,"created":1701295244145,"remoteIdentityKey":"BWJopaG+ZOOoh+9Qulvj1J9vGRcbnm/1DuM29AUhTTVx"},"_chains":{"BcDM0KJ+LXFZU4G2aWGFvi49X2REHFZeIi1XnCuwXjdL":{"chainKey":{"counter":1,"key":"pKzhMF6rGSFvwVmTGThTMGZnfYYArt0xgS53D/OvcfI="},"chainType":2,"messageKeys":{}},"Bai/D7xSEW09Eq8+3pUHLL9ToUWbWkNaw9+7xlKtmFs0":{"chainKey":{"counter":-1,"key":"tabyu9aCgIAS6S08CD0HIFWQI8cO/FafnRVT12EmaJo="},"chainType":1,"messageKeys":{}}}}},"version":"v1"}