{"_sessions":{"BUeei75R2nRdDDO3GfqX5ztUYTpXuVyX28llmo5ZlsJp":{"registrationId":1985738934,"currentRatchet":{"ephemeralKeyPair":{"pubKey":"BfVCDZ4K7SnwcSjC2bE+WwTqFjAEnAMfxLl9Z7TujrIh","privKey":"WOW3RFLett0bNlecaPR5KU8+SrUzQheASSxsXzKOHmU="},"lastRemoteEphemeralKey":"BTtym27kQ5bE0UudoBkj+GYicSWB/x7u1vDZ4otl93JY","previousCounter":0,"rootKey":"5Cgp/FoPqv71bsEseKhtQwnd2ifUskg/YsqhHkl660s="},"indexInfo":{"baseKey":"BUeei75R2nRdDDO3GfqX5ztUYTpXuVyX28llmo5ZlsJp","baseKeyType":2,"closed":-1,"used":1702289496366,"created":1702289496366,"remoteIdentityKey":"BYKuiWNI5rkcCS/BSxKXkLz2E33iGKYPv+amCO1XS8Z0"},"_chains":{"BTtym27kQ5bE0UudoBkj+GYicSWB/x7u1vDZ4otl93JY":{"chainKey":{"counter":5,"key":"2RpRId0nG0Up6K19fL09w/yFur1TQ8kks4o8UMnpGlM="},"chainType":2,"messageKeys":{}},"BfVCDZ4K7SnwcSjC2bE+WwTqFjAEnAMfxLl9Z7TujrIh":{"chainKey":{"counter":-1,"key":"k0qyDcVvyFIuvMPtEeAlO9eqwK1fm7FjTmHX2Ingnlw="},"chainType":1,"messageKeys":{}}}}},"version":"v1"}