{"_sessions":{"BbP9fYwpeENfPz6I6P+avtYT8r/dN4IYa1PoZSp2GiJx":{"registrationId":296794935,"currentRatchet":{"ephemeralKeyPair":{"pubKey":"BRBW4ICOtXgevNWirkfpsN42y7aMg1cBjgz2ixjeLdMu","privKey":"8JpB2mUzGXNLmvlbCz4kwD4VtAYrp5fSR6PTN42ZiGM="},"lastRemoteEphemeralKey":"BUX9Ew96pOatZga1Zkukb6JvVN0KzLo7MEeMbXQPigYd","previousCounter":0,"rootKey":"lw8l7HX74edD0OBooKXIFDGnte/bpSILbor5k9Z1Zvk="},"indexInfo":{"baseKey":"BbP9fYwpeENfPz6I6P+avtYT8r/dN4IYa1PoZSp2GiJx","baseKeyType":2,"closed":-1,"used":1702289493226,"created":1702289493226,"remoteIdentityKey":"BSkGmHwQwL//Bww4YvYWf79MLx9/Rfq7xPz2UttCRYFk"},"_chains":{"BUX9Ew96pOatZga1Zkukb6JvVN0KzLo7MEeMbXQPigYd":{"chainKey":{"counter":1,"key":"B8AnzbadE9sE8oJ6vMLvMtEF4fusP4NXd49giJ5if4Y="},"chainType":2,"messageKeys":{}},"BRBW4ICOtXgevNWirkfpsN42y7aMg1cBjgz2ixjeLdMu":{"chainKey":{"counter":-1,"key":"AZ3NEeZrDdAGTSC64bmnIhfBAXErm56havqZO+5AV68="},"chainType":1,"messageKeys":{}}}}},"version":"v1"}