{"_sessions":{"BcZt88nqocyWYT8G9OcpmxHD8Lj9Ga4ZLafpTaVl+hNp":{"registrationId":1349713266,"currentRatchet":{"ephemeralKeyPair":{"pubKey":"BUpEOfJV6BRMVjTMHi5uA59eBfpvTZq0ReObatXu4GBf","privKey":"+N1b/1UumxMRz18GGYMvKjfsLv2fsa0dNlrpHCuZ9nc="},"lastRemoteEphemeralKey":"BUMpGzyFSx0kJJqFEP/L2gnj/1zuSeh/5nzUEk+5q4Ap","previousCounter":0,"rootKey":"B3q1LmYDqs8KBRuBwyR4CfVkFAh4+CeRopeVkwZn+0A="},"indexInfo":{"baseKey":"BcZt88nqocyWYT8G9OcpmxHD8Lj9Ga4ZLafpTaVl+hNp","baseKeyType":2,"closed":-1,"used":1701555658726,"created":1701555658726,"remoteIdentityKey":"Bf4m5xyNWJ7dusvQkLud8kEfKWzYa1c7ccCaxBtHWZkT"},"_chains":{"BUMpGzyFSx0kJJqFEP/L2gnj/1zuSeh/5nzUEk+5q4Ap":{"chainKey":{"counter":3,"key":"qNtn4S8+DYYjyfOHzmfC37d4ZFV++N8tE+wHY63W/mI="},"chainType":2,"messageKeys":{}},"BUpEOfJV6BRMVjTMHi5uA59eBfpvTZq0ReObatXu4GBf":{"chainKey":{"counter":-1,"key":"AzlUxev+NAepyJHmgbBeUNwlmEFky2hNJabMs+8A+Zs="},"chainType":1,"messageKeys":{}}}}},"version":"v1"}