{"_sessions":{"BSMKPQcnlAwIykWtxK8J1ASLW03TVLaHtRtNcSf76W5Q":{"registrationId":809520479,"currentRatchet":{"ephemeralKeyPair":{"pubKey":"BYY+JRGYYZzm/u0PDTwk9DcF3Gj7qoj3G+QBKXY2bHVo","privKey":"4BeKxbMgewfjVwKL3ebuVC5CTwIOQBKqbG1C/9gZQVI="},"lastRemoteEphemeralKey":"BUFdE9cy26h51BW4kpiE0jDRtiqdtT6m1qwAZMb3ufMB","previousCounter":0,"rootKey":"g9eT9Lr3xYbY2bryJcZwbzeqxzwpZe4FR+ZCmgg5ODM="},"indexInfo":{"baseKey":"BSMKPQcnlAwIykWtxK8J1ASLW03TVLaHtRtNcSf76W5Q","baseKeyType":2,"closed":-1,"used":1701295402043,"created":1701295402043,"remoteIdentityKey":"BXaWT/cXNyD6TM0tNGmVSJ6zlbktuq5VOe/Hn/iV9W5n"},"_chains":{"BUFdE9cy26h51BW4kpiE0jDRtiqdtT6m1qwAZMb3ufMB":{"chainKey":{"counter":24,"key":"z5xjM2XLZwJRUeJhj4kdQWsyUCWEoYL/d2GneeoYjtI="},"chainType":2,"messageKeys":{"3":"bo0QSHkMelPK/RhPT+tJ7r8C36L3TVyIVa6CGALRQGg=","9":"c76lEXdaRAytJs6WevVtgniO4oz0hPe7rBRra+l5YlQ=","18":"0TVUkQhpykO4fl/1UNz7TD53rWpzg/G7VtO8Oyl25KU=","20":"Xhoueoyv++I4PBZEPRvq55ZOD6tldBhjx5SR4aXoByE=","21":"Cz2vbqexjPSqcxnlmrO/+lcFckrfpptfK/vIqMvNEUg=","22":"6RyNvG7UHvVprKX+0JTeEIQB4CJ0+TpI8ZtgnNcwTCQ=","23":"w4C/kZVtCY3yxjjhZu4Kov5CoEpmVGz9g0t8RtQatpA="}},"BYY+JRGYYZzm/u0PDTwk9DcF3Gj7qoj3G+QBKXY2bHVo":{"chainKey":{"counter":-1,"key":"sZTGs6g7gVnhEn3iQLWVW7NzCceHZH6eKbeia40vNdA="},"chainType":1,"messageKeys":{}}}}},"version":"v1"}