{"_sessions":{"BR6IDFtvLzfRaIlcoN9ku5PT8pG1V7nxFa/fYCbyEzd5":{"registrationId":2012418355,"currentRatchet":{"ephemeralKeyPair":{"pubKey":"BRySBSRi0nmS0RQMBj5UW4xUJ9m+nWnQr2VVIW0AsKo/","privKey":"0DEwQitems8u9+hm0YT1sO5I+NvdyFlOtSrqERnLlFw="},"lastRemoteEphemeralKey":"BSKuHZM4kkw7lNB9bYESeZM2AkM4RC9c+ayC9tdbpeZR","previousCounter":0,"rootKey":"RM+W0P2wP8PH6GVUXHWfk/RYzCwUDrRZ0MWUhj/qdPk="},"indexInfo":{"baseKey":"BR6IDFtvLzfRaIlcoN9ku5PT8pG1V7nxFa/fYCbyEzd5","baseKeyType":2,"closed":-1,"used":1701295236280,"created":1701295236279,"remoteIdentityKey":"BbLYTbkMZBt5l44NBZV55Lfg2uE9ORX8xi1Ql31XWsdk"},"_chains":{"BSKuHZM4kkw7lNB9bYESeZM2AkM4RC9c+ayC9tdbpeZR":{"chainKey":{"counter":53,"key":"KHgU/iAxYqCeMSkmgHTiNUidcH1e+FMsAoWjjhWfYmI="},"chainType":2,"messageKeys":{"2":"KHTZBqeyr3CX7tAHcsQuwBbQiT268sQjiRQLYiW49rI=","3":"t/6+wrudgyEMxZLuNKvHTVmfoftAFl4hnbfpT+9i+lU=","4":"fEtysd3zXiXboQvO8Pgp/VNxY3V95D1LQNYYC1WwmX8=","5":"KEqcUa/vXD5k1f6i4cWOELt3HKo5pIz2uDm1PQbnRpo=","6":"rcn1DLqOoegyjIHuWY4s9u+no3GSmVAUUmG1qFMUhEc=","8":"YIUNGkmdN259jxTk/Rfhot3BamGdtOxI7H3Ri8Nu9hY=","9":"Vu8JrZfYRWvEmrOXyYrzu3bT6VjWbcti54nosOeVj/c=","13":"qx2uO2UZQ5+WMbEswbHtoJOQEyOEgjvufCoT5lOdFIk=","14":"phHZlRRDDOSqRHi5VoV9XVOyqkpbqamNTWq5yIdFF08=","15":"v8p66FRuGibbJnR5WanB55Y3UqDsk07kcLdhBv0yzfs=","17":"B+kIogRA9DFYprSu6gX5cU0+G0uYPQjtA15qgSyr7K4=","20":"tkAb+nnI0/JGgvBw2+3hVhOGMaY/U4DzUNzTbenkvHU="}},"BRySBSRi0nmS0RQMBj5UW4xUJ9m+nWnQr2VVIW0AsKo/":{"chainKey":{"counter":-1,"key":"Nj34hftVBJgSBZn7t8rfHlIC1Y/XVLbYKcvVV5LX1uY="},"chainType":1,"messageKeys":{}}}}},"version":"v1"}