{"_sessions":{"BdNJ9StImdATyu5HLqOtbc/rcbvqjog+UChyod8EIYgY":{"registrationId":70200376,"currentRatchet":{"ephemeralKeyPair":{"pubKey":"BTPiNtDtXcpEMV+ZmpaQFVrQY4Tmv84ufOhoKuApDeNI","privKey":"ALcZNGdDoXC81tabXQ9te/c6rLZdIw74mjuq+PwyU3s="},"lastRemoteEphemeralKey":"BTwBH2EVF8EP5dgi/Lgv37zuwtvDzP7vCcPddp518tUr","previousCounter":0,"rootKey":"GyGZpKjBEasn329WSNTUMgPXf7jjQLJbLFZRmvITHfE="},"indexInfo":{"baseKey":"BdNJ9StImdATyu5HLqOtbc/rcbvqjog+UChyod8EIYgY","baseKeyType":2,"closed":-1,"used":1702790483039,"created":1702790483039,"remoteIdentityKey":"Bf9kD47pE5iGVqAsC2TdAvdOSOKCklcdprsIB2PT9Fcn"},"_chains":{"BTwBH2EVF8EP5dgi/Lgv37zuwtvDzP7vCcPddp518tUr":{"chainKey":{"counter":0,"key":"PNB0OgmqkB74EcTUsM7cSZXyQCPip0MrtV5Be5/f1Y4="},"chainType":2,"messageKeys":{}},"BTPiNtDtXcpEMV+ZmpaQFVrQY4Tmv84ufOhoKuApDeNI":{"chainKey":{"counter":-1,"key":"xg4RUkL6OYft7YmNoubEqlZu+w5IN2218CiRB5tmD2c="},"chainType":1,"messageKeys":{}}}}},"version":"v1"}