{"_sessions":{"BagpiYcvvOi5ORsdumjNMmWY7PhOVNNqLBykenRKUTlB":{"registrationId":1074903434,"currentRatchet":{"ephemeralKeyPair":{"pubKey":"BThbeJPQ9CXIqBTuJ/YIRUgbzlDVL98oS7rGHWaQx+QO","privKey":"INZG/ShnEkzjTV3VqYDXM/PpDx7S95YCsSefhJWrJXY="},"lastRemoteEphemeralKey":"BapqjOiBUCRj5TR77zDe2q32G4gfX2ibkV6+owBXrAIg","previousCounter":0,"rootKey":"JrRFNH0cZnrj61oCHDScmIedIgcyqCcfPqCHAdSROXk="},"indexInfo":{"baseKey":"BagpiYcvvOi5ORsdumjNMmWY7PhOVNNqLBykenRKUTlB","baseKeyType":2,"closed":-1,"used":1700703478581,"created":1700703478581,"remoteIdentityKey":"Bb/BMPyrNI6be4plYsMxBjJ8NNv0qVfnhwZL59axU5wr"},"_chains":{"BapqjOiBUCRj5TR77zDe2q32G4gfX2ibkV6+owBXrAIg":{"chainKey":{"counter":34,"key":"hS89UYhflkdZtgV9kLaqLUG/gdf++6EWFlCJS0cqOUs="},"chainType":2,"messageKeys":{"2":"ejUo1A6EzI4/3DI8ISzOIUO4Ipn7Yo8aAfPhtHrPB8o=","3":"kCWzG0KNRTr08R1xVT4zR4ka1RxzIOPiWQZySDIzh3s=","4":"gDiDBtw4G1yizSQIHs4DqiNig2xm1rszrQMISQe2LQM=","5":"aH5FVuaHPDiMrv/K7a3w82D3WzRGdp8s1WCuCVA+UBo=","6":"AUWuvGThi1pEX6HXTE7fOfgIDUGVn40jy8fHWWUXwjw=","30":"hmlaIlqEdLSoosk9219fdJiBfPqzwAbFeDJfwjFitnE=","31":"Ul7FZqpWr0EjUqRCQEi/FDjxYVcFnanqabdeExdRH5c="}},"BThbeJPQ9CXIqBTuJ/YIRUgbzlDVL98oS7rGHWaQx+QO":{"chainKey":{"counter":-1,"key":"v2ONXXi4hcO3hBnxmvyvZadakdHyKjozyDgcaaNGAww="},"chainType":1,"messageKeys":{}}}}},"version":"v1"}