{"_sessions":{"BQ2AWh3Sxl6rdAjo24DHp1gYFaVhHvxoXBYopWxr92FL":{"registrationId":1606982883,"currentRatchet":{"ephemeralKeyPair":{"pubKey":"Bb3F09sTz00i5Ep/+TJd9sdroyYQvNZV/5G58cqt+o0j","privKey":"uPhLa20S+ADbpdAWatgBd4+WQPJ6c9uv7od+iQlw42k="},"lastRemoteEphemeralKey":"BSys1egrMF9RIhU8QXqmHSx8fd1jJQmeSVPhK7FLknFc","previousCounter":0,"rootKey":"J94mJTghbIx+fkzQPipyJ85dgefIOI/Q485E8F+Kno0="},"indexInfo":{"baseKey":"BQ2AWh3Sxl6rdAjo24DHp1gYFaVhHvxoXBYopWxr92FL","baseKeyType":2,"closed":1706612603481,"used":1701169018432,"created":1701169018432,"remoteIdentityKey":"BQ4yROGQUL/Am5hhDwN1crO7zae+vKMR+fCJziDYLHRe"},"_chains":{"BSys1egrMF9RIhU8QXqmHSx8fd1jJQmeSVPhK7FLknFc":{"chainKey":{"counter":120,"key":"z8omAvrxy8K1EPF1sYdzJYGUPelUoXObqXAG8foW4MI="},"chainType":2,"messageKeys":{"3":"i/ith0K4jZoCEENO74pegCrwRWMuSYaE7LI0Tr4qdN4=","10":"KDkAPdDSWLHFPyWESXH1jBJogMrrHikUj7/yW38sxYg=","11":"V72UkByQcOQnzNOYhcrE52iJF2XbyEc6zT65AezL1UY=","12":"4vl4A4lvBKP5tl4QvInCCiifSMDppH87d/lw619KfiA=","13":"jc6HMIcrcBHrbjsEVAzaEVY3DNqq47P5B+4Wscrzfik=","14":"Ec3QwBs29jX+/C8T+HOo/yDTCSvwLDexRpTulb0rcNI=","15":"ojwm6cXfOUloaFBzFH0zLqHZ438xa+2EniwZd0UU18Q=","16":"ErVhW0I5XFj7eROUr6uZ0+YCbSggKNe5y7Q74fR7y0A=","17":"XkbXqucPipTsm+Qrxmj3rKeoX/V29K/yf3CP+otBICc=","18":"4HrXyVQwwE6Elp/Wj1BiIR3IvlCfN/aQvx4/hLnQcJ0=","19":"V23eE/EC/URdqhqMOtI0y7OZ8DTyz+Hhw7SfmyEJP5M=","20":"tuSiCszj7+zwOYjEUVYxoTKV2jJ3tzIWJeru13ZR5/0=","21":"rEbyMCghUnWg01ACxX8/oCP2bIQqp7hz2NpNdi6fkTo=","22":"zAppmWTSW7cjFR9gw2i1ntxLzcxht2f8qG7/gMG1YG8=","23":"Ow6WLSIxz2lpe2Uk3HtJcPsGq2uPu0mLWrAbQVWMTvM=","24":"nOGHt0MlcZWgi+LIMs4YBWo/G+2moFOON109VZBoxBM=","25":"4LmR/b66FP/I7mW1WVxXjqm1uabgkb7kNc0E7efQtaM=","26":"+Pc/EV5Tt4iss2nVDbkPkdIgqRy6TmnixmjtRp+7iYw=","27":"AXE8P8Y3Cet2/59M39HnhtzDVFeXTLJlw281iIgi9Mo=","28":"afTwvlaAPAVKNHT5zEJZLc6LU2fXTx8Vl3y00NbJjaU=","29":"t+TKincT1Poo15qmpmLaEn1yEFiE0DQJL+gszRDLFMo=","30":"Y1Tuolj/ExaHnJwbQPINbasayRGdLc0lb2BlIPp8CYU=","31":"aPMQqzvM9DIoKnVgc9zT5hva7uu4zry+RVl9pFLrZ5g=","32":"tyCBkreLi7grpm81Vg332CKbfE/TPDKsBNc/C5pfcvg=","33":"sRZSFk1fv7cHWsPkpQOqSfLsEAp32kbPoquyNrhsYWs=","34":"6GDT8JRVdAhCJnZdvNo8PN6kcIDZvGh9kx/B8u0MxWw=","35":"9H0GmtDhUt+evOVBUQ4V5nNJ5azoet0jgQZRZ5MVMlU=","42":"BarRZhUwRuhfnyOfqWV72HgFC1YkOz03Zph8ryLr0XU=","53":"LeBJaKeYJcV2kMQMBT9SUvr723tsDjKUi04D15JtNIM=","56":"khh4N+nSeWabL73lxgSd94zTEdMylFmwtYTd9DISjmk=","63":"BJ+u0HyiymUQvidtSoE4+Hs1/7HYUTABlqKbmjGX6Kc=","68":"RDDAwxqXP0dDY60oUefZz56DGFjgHSsOEkcJL1pFVXQ=","81":"ApGEfGenFDBJQAK7LNE0cW8aeOwvhoJ/S5SlmXSbOKQ=","94":"+L0/bRzPcoV0eZLvtDfYEfNuPd0QPTjAy91hfEOspAQ=","99":"pY7kD3dWyKuhQPffeV4CR0fQcRysqdnTI9HfFMqRZl8=","107":"cx4SGUWgTOwSnnTeVaSpXfKufgZi4x28rfXGjw2Tko8=","108":"6z8zZ+dJkNoxyqs135hNFxpmRd+fUuyhIW8pBeKy0g4="}},"Bb3F09sTz00i5Ep/+TJd9sdroyYQvNZV/5G58cqt+o0j":{"chainKey":{"counter":-1,"key":"TuxOL+zpH4DbyRrNUx9jJwya76Vl4X0m3x+mEYGDPlo="},"chainType":1,"messageKeys":{}}}},"BcX6q57VP8zf0sEnCnVi9s07XOC/Pue2eTjlsgwbiB9W":{"registrationId":1606982883,"currentRatchet":{"ephemeralKeyPair":{"pubKey":"BelCGg4vFkdjVRLDNp1H5seQIK7U7aFU774NwGuvtRUY","privKey":"cGTBWLjdqgGL/TnB7wf/ZN0A3MHcEnPri9cH7TiGEXs="},"lastRemoteEphemeralKey":"BQk6HkmMQPxZQQiHQmtFYyDo03SonxmBRfjd//PB4VQT","previousCounter":0,"rootKey":"3Rn99onUk93tr0dwxEk2uOwBDzr/gcsG0yt0v7HiZuU="},"indexInfo":{"baseKey":"BcX6q57VP8zf0sEnCnVi9s07XOC/Pue2eTjlsgwbiB9W","baseKeyType":2,"closed":-1,"used":1706612603504,"created":1706612603504,"remoteIdentityKey":"BQ4yROGQUL/Am5hhDwN1crO7zae+vKMR+fCJziDYLHRe"},"_chains":{"BQk6HkmMQPxZQQiHQmtFYyDo03SonxmBRfjd//PB4VQT":{"chainKey":{"counter":0,"key":"c4K+67ECBeZ972hkZLDiIU3N41KDeDSDh5Yrq2A2ntc="},"chainType":2,"messageKeys":{}},"BelCGg4vFkdjVRLDNp1H5seQIK7U7aFU774NwGuvtRUY":{"chainKey":{"counter":-1,"key":"s+ujsmF85bUsSMf8PfZT47F0GNHtKcX2VkwVcFW2eOU="},"chainType":1,"messageKeys":{}}}}},"version":"v1"}