{"_sessions":{"BcqvmK0X1VNS1u4ctjhN4prVx0rPvFU5FXNgZmzNRuE7":{"registrationId":794234657,"currentRatchet":{"ephemeralKeyPair":{"pubKey":"BdTauNkTFsd2mrAItJBrz9qskyFalOmNyGJ5cJG5bUt7","privKey":"SNE17RHybRo3p4C0cK7LGmYJ8MDcgLgkygo33ZW8gns="},"lastRemoteEphemeralKey":"BW8FyRIwYVxPVvlCJhLrK09MF6cwuhBIwEivTLU8vkwk","previousCounter":0,"rootKey":"2+t9swrSUsZAFZfdfAopXb2jv0GOP+TFbEwOjBdRqOs="},"indexInfo":{"baseKey":"BcqvmK0X1VNS1u4ctjhN4prVx0rPvFU5FXNgZmzNRuE7","baseKeyType":2,"closed":-1,"used":1701295236454,"created":1701295236454,"remoteIdentityKey":"BU0jajkT9lhewYskz/1i7btygxFap01uxoeAyrNmC4I9"},"_chains":{"BW8FyRIwYVxPVvlCJhLrK09MF6cwuhBIwEivTLU8vkwk":{"chainKey":{"counter":1,"key":"0fTz2R5aGc4IG/GmzJ5IkU6zo73MgymbYrpStozviYU="},"chainType":2,"messageKeys":{}},"BdTauNkTFsd2mrAItJBrz9qskyFalOmNyGJ5cJG5bUt7":{"chainKey":{"counter":-1,"key":"GARMfJwL+SlHw+UYq/WvJguUWTXHbhv48kRl6h4FNJM="},"chainType":1,"messageKeys":{}}}}},"version":"v1"}