{"_sessions":{"BTCHpjXGM5H6UXH1t89clRruHNtFyrUaOg7SnVxTQoIM":{"registrationId":1390706810,"currentRatchet":{"ephemeralKeyPair":{"pubKey":"BZJPbvd+n82ETkLMcgLoEgHaY40gtRGnj9NljYTlRZJY","privKey":"qFJe3Q9lzbzj7iLqmkT0tlf7KaWTPgfE4sl482lUBHw="},"lastRemoteEphemeralKey":"BdUNG/FhxZr/4isEdSn5wlffenJM7dz1yfkLy9NCPY8/","previousCounter":0,"rootKey":"biVEw9/Brc+r4WzoitAiLrHGrbPUWahTubCrHrKB9rs="},"indexInfo":{"baseKey":"BTCHpjXGM5H6UXH1t89clRruHNtFyrUaOg7SnVxTQoIM","baseKeyType":2,"closed":1701209935642,"used":1701209934781,"created":1701209934781,"remoteIdentityKey":"BVO0aumG8CMA18Mxu4sDZpjhLyt/6eIKz/P+tuIkRAM4"},"_chains":{"BdUNG/FhxZr/4isEdSn5wlffenJM7dz1yfkLy9NCPY8/":{"chainKey":{"counter":1,"key":"pYZjZKbDxcz98ZDoiJRmng89OxhisvL7BQ/uN3vQ8mw="},"chainType":2,"messageKeys":{}},"BZJPbvd+n82ETkLMcgLoEgHaY40gtRGnj9NljYTlRZJY":{"chainKey":{"counter":-1,"key":"43XJD+ZF1FEAPhp6vBzxmJXrEKMTmhQzPv/bxOlrEpQ="},"chainType":1,"messageKeys":{}}}},"BYJQ/4WQzdXPeV6M0bAdC7dtg4gc+iVP/j/0oJ6SGFd3":{"registrationId":1390706810,"currentRatchet":{"ephemeralKeyPair":{"pubKey":"BeGTTaL1Dd8ca9I436PTRDj3GTE3svjDq9YovERbWx00","privKey":"UNRQkRvYWW6R8I1TNVehj7GzEFEItHHD2Uux6i2gWXQ="},"lastRemoteEphemeralKey":"BRz6Hb0THOMp1IC9TvbNsqfBrvcHhx/uuI9cBfWC440L","previousCounter":0,"rootKey":"PGhkctgq/Jwl1xDIs6BwCzEiCqkQI/XDT9E2g6GlGXM="},"indexInfo":{"baseKey":"BYJQ/4WQzdXPeV6M0bAdC7dtg4gc+iVP/j/0oJ6SGFd3","baseKeyType":2,"closed":1701209935985,"used":1701209935662,"created":1701209935662,"remoteIdentityKey":"BVO0aumG8CMA18Mxu4sDZpjhLyt/6eIKz/P+tuIkRAM4"},"_chains":{"BRz6Hb0THOMp1IC9TvbNsqfBrvcHhx/uuI9cBfWC440L":{"chainKey":{"counter":0,"key":"wyKPC3jkSa+NaszpbEfys4cFBReUPGzEe4UJV+A8nFI="},"chainType":2,"messageKeys":{}},"BeGTTaL1Dd8ca9I436PTRDj3GTE3svjDq9YovERbWx00":{"chainKey":{"counter":-1,"key":"quBDt6o1FvNPKNuPXBuOaakBE/zxr3JwdR4qps4IeuU="},"chainType":1,"messageKeys":{}}}},"BV3jgUb0K5b4ruQwZlchuVJtwLiN9gH8LbbCJTWhuXNh":{"registrationId":1390706810,"currentRatchet":{"ephemeralKeyPair":{"pubKey":"BWdu5XJdvEo6oGIQW7JNjndGN18DWDTuyy+gCdw+ZehC","privKey":"kP8gjBhIMExfcgakynLO8HbmlxoQuUc1YzHMAuECbkY="},"lastRemoteEphemeralKey":"BeE1Dxn3GUqojzDHtiTZOpq5J6b9bn6x/DO8GBOqZsFn","previousCounter":0,"rootKey":"Bc51JnjenQ6WlsMwxARaLzak4RpQdmmWLlu/81QVNwQ="},"indexInfo":{"baseKey":"BV3jgUb0K5b4ruQwZlchuVJtwLiN9gH8LbbCJTWhuXNh","baseKeyType":2,"closed":1701209936388,"used":1701209936003,"created":1701209936003,"remoteIdentityKey":"BVO0aumG8CMA18Mxu4sDZpjhLyt/6eIKz/P+tuIkRAM4"},"_chains":{"BeE1Dxn3GUqojzDHtiTZOpq5J6b9bn6x/DO8GBOqZsFn":{"chainKey":{"counter":0,"key":"VlgV6Pseut26sPC4ZScqz7yQxpRXVKqxUHkZczs/VsY="},"chainType":2,"messageKeys":{}},"BWdu5XJdvEo6oGIQW7JNjndGN18DWDTuyy+gCdw+ZehC":{"chainKey":{"counter":-1,"key":"m7g6c463TkBLDjTjRI9mH82IAWB6xPU8qycKD8jw3rs="},"chainType":1,"messageKeys":{}}}},"BUN8xlObhOeGkLUWZynXudQViTAMOfKE/Zzu7WBW9h4r":{"registrationId":1390706810,"currentRatchet":{"ephemeralKeyPair":{"pubKey":"BeUI0VwrXwOzoyLRmMagfZEsOFWHLgP7Voj5ey6CmMcN","privKey":"IAcp6bBij/2C3ss9LCzmnc1Clc0DmdsrWkE5lYt9UFo="},"lastRemoteEphemeralKey":"BXR5DBRmQs9POAuxUBzfXRbrz+SRXVYcsC/3e7N5Yh8j","previousCounter":0,"rootKey":"mpS4oxW9nzDodwp0CaOwriP38ovMOTB9agoYpaoH5M8="},"indexInfo":{"baseKey":"BUN8xlObhOeGkLUWZynXudQViTAMOfKE/Zzu7WBW9h4r","baseKeyType":2,"closed":1701209937886,"used":1701209936404,"created":1701209936404,"remoteIdentityKey":"BVO0aumG8CMA18Mxu4sDZpjhLyt/6eIKz/P+tuIkRAM4"},"_chains":{"BXR5DBRmQs9POAuxUBzfXRbrz+SRXVYcsC/3e7N5Yh8j":{"chainKey":{"counter":1,"key":"nF77kwBf1akntaLauqyBmoZWnRRn1h8NRWheOVakLe0="},"chainType":2,"messageKeys":{}},"BeUI0VwrXwOzoyLRmMagfZEsOFWHLgP7Voj5ey6CmMcN":{"chainKey":{"counter":-1,"key":"Kmnn2FEag2RoZMV7UXiqteX0PZuiIoNO9SI2/Tq4eHc="},"chainType":1,"messageKeys":{}}}},"Bd6p8VHvKcqioEgPq+qPfph+yNQ7bOdQOFIv3zM/2IsA":{"registrationId":1390706810,"currentRatchet":{"ephemeralKeyPair":{"pubKey":"BWsMZ2nqUlbj/5D9b9AjpArEDY6Mt4sRPQMr7TkNKn86","privKey":"EJGneHaL/EMGJmlD4HnXZgexnmzuYKVLT8j9BRzSq1M="},"lastRemoteEphemeralKey":"BRDkrOSgINV7nZp/hMYaOU/b+zpMLnA5TAnSuL6H7iBj","previousCounter":0,"rootKey":"4WLVOZWIrXlxHYJh/8BZ/gQQmu3A8IZpw7NhuGSjcDo="},"indexInfo":{"baseKey":"Bd6p8VHvKcqioEgPq+qPfph+yNQ7bOdQOFIv3zM/2IsA","baseKeyType":2,"closed":-1,"used":1701209937904,"created":1701209937904,"remoteIdentityKey":"BVO0aumG8CMA18Mxu4sDZpjhLyt/6eIKz/P+tuIkRAM4"},"_chains":{"BRDkrOSgINV7nZp/hMYaOU/b+zpMLnA5TAnSuL6H7iBj":{"chainKey":{"counter":73,"key":"NKLoGhKxmtwDI+Rtp9qEC0FF2uZTxdq7cd9Fx5700/g="},"chainType":2,"messageKeys":{"19":"Xi0adoxF8f02ngS9C3fAIjWETTc78XQSWJHDhcfQH74=","23":"X58w0nHWVZninOLuxg5PUItfvwrl2yo4XhSqJ13opcA=","27":"yZ5pVvJM87wfHTW6yyaGsDFzYPp9bGrx7auyBSCzHd0=","28":"d0xrqXjNIduPR4jmO/HabVMjOQgnYD/dTC9beoB1E5k=","36":"HthbuvdKaiwzXW0rBrNAnFELtj0qZiUgHCt7qtmuaxU=","41":"PaPUuPxi76NKEvyML4KW3iMu/1sE09GFRFVhWt0KyWI=","56":"CrSoYJxl+L/rmLvaBaU4B/vvstAxizp2bCGGyo5QHos=","57":"GAJLS7ZWHb8773A765YZv8UBA4SUI355uZBex6prjTw=","58":"CCJHlzglDzJNmhM+x2qqd8I7js9wMX4CJQnDOjy36YM=","61":"poG1sUtVdSaQZPRulV/zTojBpn5ef/JqXZZjn8Sx2j4=","64":"1uW71nr31hCHljh0rXnNujILpotOKtpzuR3aVwdMMcA=","65":"sUXbTzqh7il0owlEu8IDc5Y7dxwq7sGvmogIcIIvzR4=","66":"veFYVhIbmmSv22UMR0/EwgSJQ9VRQiL68J8d+svVyaw=","67":"AY9IYWyZEr7hlZCrgDFqfbouHa8E+p5bbTNhrDA3h2Q=","68":"go2HzoXZe4nPoJCQiXz0Coen0CoaJJPLizaQK8pkGWY=","69":"bHzt8pNk3McmBYR+La7/m6VfAGB7KbUjPDJpFvsEUuA=","70":"v32IwBhLSuIsB333EBfpPo/bh0EbNPgpZsGRr5mMFNk="}},"BWsMZ2nqUlbj/5D9b9AjpArEDY6Mt4sRPQMr7TkNKn86":{"chainKey":{"counter":-1,"key":"QLfFUUteAIy0xkxoLxow6X6IxhYjqLbnmkFCbn59prE="},"chainType":1,"messageKeys":{}}}}},"version":"v1"}