{"_sessions":{"BbiQ/UWGFQDi/K4C1BFWY3wgZfRIOjaZXtjxCAlqCV4o":{"registrationId":22844233,"currentRatchet":{"ephemeralKeyPair":{"pubKey":"BZXkUtB1i+cXR4xrQz54MRa6K2TURZHOJn+3G9yDO5hB","privKey":"QNBTWMWI3QbozDtYubpswGm0UXTIAnAQev41seiaLnU="},"lastRemoteEphemeralKey":"BesAKw6QJAlIaJ0C45dnyA01QRctt1TGAzjIPBrAmLIm","previousCounter":0,"rootKey":"Y8jPrc5VIGU2zHaysZzS73xL7HVds4UkWCIH+6TChw8="},"indexInfo":{"baseKey":"BbiQ/UWGFQDi/K4C1BFWY3wgZfRIOjaZXtjxCAlqCV4o","baseKeyType":2,"closed":1701155948267,"used":1701155931682,"created":1701155931681,"remoteIdentityKey":"BZWJO3+nFOC/cmIuH/z8sOMU2YfkEzIKNxP4XO4CNzg2"},"_chains":{"BesAKw6QJAlIaJ0C45dnyA01QRctt1TGAzjIPBrAmLIm":{"chainKey":{"counter":2,"key":"qPIZthcua+MOpNU3+z9D3e8AY+6Kku1/s2YPdSp6zmU="},"chainType":2,"messageKeys":{}},"BZXkUtB1i+cXR4xrQz54MRa6K2TURZHOJn+3G9yDO5hB":{"chainKey":{"counter":-1,"key":"SjiN7s3DG2nID9lfI46gR2LFQ0FboanoON70Y+pEeag="},"chainType":1,"messageKeys":{}}}},"BdoYSNYfGCk6W2/8hHgHvy0i91WYGVouVySzgpz7LqZ6":{"registrationId":22844233,"currentRatchet":{"ephemeralKeyPair":{"pubKey":"BcP/3qGTwX6s0kkvb68Cb9qYNZgM5S4cIU2bXfE9XGhh","privKey":"eNtv/Oja2807G/HxgDNnae9zyyYlpwuS+6c6khUQc10="},"lastRemoteEphemeralKey":"BQVM82ui4XNFn/Qxw60VpoNcj4XgpmuE93iI+T23Mf0L","previousCounter":0,"rootKey":"BEoFyA0YNYD+QI6KBqNoQ4k34l3apH9yNDAimAG02vE="},"indexInfo":{"baseKey":"BdoYSNYfGCk6W2/8hHgHvy0i91WYGVouVySzgpz7LqZ6","baseKeyType":2,"closed":-1,"used":1701155948290,"created":1701155948290,"remoteIdentityKey":"BZWJO3+nFOC/cmIuH/z8sOMU2YfkEzIKNxP4XO4CNzg2"},"_chains":{"BQVM82ui4XNFn/Qxw60VpoNcj4XgpmuE93iI+T23Mf0L":{"chainKey":{"counter":48,"key":"+LnDeKJwdXjG0SZFrkQjZtEKuoxFG4aQWc4biEeHLC8="},"chainType":2,"messageKeys":{}},"BcP/3qGTwX6s0kkvb68Cb9qYNZgM5S4cIU2bXfE9XGhh":{"chainKey":{"counter":-1,"key":"VpzfgShqsCI9GmijHliHrh8dUqNbzGyX9mvIFMAeoCs="},"chainType":1,"messageKeys":{}}}}},"version":"v1"}