{"_sessions":{"BbHI0vDnJC+wSO6m6gUxIsB7wil+I8CxF7PLXHAt7kYO":{"registrationId":117018431,"currentRatchet":{"ephemeralKeyPair":{"pubKey":"BZg8AbOvlO1EAF/g2P8U94WNApB8UBnci06fgD9dOMpw","privKey":"0PROqwhKzRrGNfH2uISWgcchmZtwb/VFvjNeKE1tkmI="},"lastRemoteEphemeralKey":"BX7S6One5w7eSNcVaO5PagezoQA4jDBVFJqNWGHON6Fc","previousCounter":0,"rootKey":"pyiLCkr9Qn3y/g+DQg8bFePKxwG2GPAnqTk7ErRUmCg="},"indexInfo":{"baseKey":"BbHI0vDnJC+wSO6m6gUxIsB7wil+I8CxF7PLXHAt7kYO","baseKeyType":2,"closed":1701209928921,"used":1701209926230,"created":1701209926230,"remoteIdentityKey":"BYh0ovBGpA5U2agBd2XPnKtbr4W3cS//FZLZh3HBB8Ry"},"_chains":{"BX7S6One5w7eSNcVaO5PagezoQA4jDBVFJqNWGHON6Fc":{"chainKey":{"counter":8,"key":"aoAV3WRfC94tg7gkGKHbFCYfbG72oPbXvaqQcWOSj74="},"chainType":2,"messageKeys":{}},"BZg8AbOvlO1EAF/g2P8U94WNApB8UBnci06fgD9dOMpw":{"chainKey":{"counter":-1,"key":"nACooMRtUx7kUhLT2lZ9hSVeBE8hMUmUz7ltFy48aiE="},"chainType":1,"messageKeys":{}}}},"BYUKd24vU150NSrwq9xtaYXw9cF33kGp25dvSOEumgll":{"registrationId":117018431,"currentRatchet":{"ephemeralKeyPair":{"pubKey":"BaYEJaFrwv2EZqZbKiRQYpZa29f4rUOWrjA6dGPzAD0+","privKey":"UBjkci6W7H7utn4NlNhUIS7AaRE64xBVgHRjV+vHFk8="},"lastRemoteEphemeralKey":"BWuG8hVejzHhxQHz3T7W4qFvtdSqoXcgxfGwvxQQYugZ","previousCounter":0,"rootKey":"xEOMLXDIx1fwPYlY/9gsJA68vygXoAIIB4pDg6GLO7Q="},"indexInfo":{"baseKey":"BYUKd24vU150NSrwq9xtaYXw9cF33kGp25dvSOEumgll","baseKeyType":2,"closed":-1,"used":1701209928937,"created":1701209928937,"remoteIdentityKey":"BYh0ovBGpA5U2agBd2XPnKtbr4W3cS//FZLZh3HBB8Ry"},"_chains":{"BWuG8hVejzHhxQHz3T7W4qFvtdSqoXcgxfGwvxQQYugZ":{"chainKey":{"counter":0,"key":"9Y/0rcAKnnP7/C1KLCfsk3apD4RkkDtFrEG60wZY/Os="},"chainType":2,"messageKeys":{}},"BaYEJaFrwv2EZqZbKiRQYpZa29f4rUOWrjA6dGPzAD0+":{"chainKey":{"counter":-1,"key":"dpvxNHkdybfGuYjG3YYxWsN3iuIF6+ttsct25eQuYA4="},"chainType":1,"messageKeys":{}}}}},"version":"v1"}