{"_sessions":{"BUEuRXj2NQ+KZf07GbZUV1jqbNwRGa+PPaYiyrBOEcNN":{"registrationId":1466921557,"currentRatchet":{"ephemeralKeyPair":{"pubKey":"BavtW5WJjSdp9xiNoYL4a1qzYlU1aL6n7Aq0MpvsSdFv","privKey":"WEqJqOemJNZZB4RAeK0H9ksq0/VrtW2+mkrwbR5kiGM="},"lastRemoteEphemeralKey":"BQ1QWrxgJX2nPkByFvYy5VFS7fxQgIVLfhHchTfyfPAp","previousCounter":0,"rootKey":"W/4hkyIY/4/gas2rIwurZ2AootenuIB2kK+VeyiNCB0="},"indexInfo":{"baseKey":"BUEuRXj2NQ+KZf07GbZUV1jqbNwRGa+PPaYiyrBOEcNN","baseKeyType":2,"closed":-1,"used":1701169343446,"created":1701169343446,"remoteIdentityKey":"BRjxbKmvaVM9j5YGUfGdGQc1cny2Rb5OPg+wq+qAB+ND"},"_chains":{"BQ1QWrxgJX2nPkByFvYy5VFS7fxQgIVLfhHchTfyfPAp":{"chainKey":{"counter":393,"key":"u4SQzU0HWT5TvRoBF+8BYgt7b2N0HzjNBMtOBqtfpx0="},"chainType":2,"messageKeys":{"0":"SGCk2vApzQKW89x5FZ8xTS0ZXohAXF3B8QkQfNfDtq0=","1":"YPYdwT6jTpzkWEvIky5WvEH9ae3dQ16ej2T7JMw0d3k=","2":"5vogU/Mk2R7BxFGp4DuSLlk0fCklotN+IzkfSlZEHBc=","3":"npxEVodIH8krb0AeG479hl9YdKgUPQnRXvHCmPK3QlQ=","4":"5Dc44xzkDtuk73uoOblGDw8yb869QhE4MI70J0Ugsjw=","5":"k1p4JFjYrVv7I31rhP/4tsRskHCL3zYBGc2Atn54gbs=","6":"831MhBDcC3Y5PMqTvtTqJtfnVr6q20jwCMZ/lLweNv8=","7":"1heMh8Ys6t6fgljFTLHToTITWlIbp6Qyb/XiYDXtriE=","8":"BeHDGmvwMu4YT4zTNPXcfNkZPm1hsq9uraTKoLZ4CMg=","9":"Re4S+eyOCcReqTXFtjZOpzKJ8zvvhMhWqXNhpTtu69Q=","10":"pRZVc764u/UJs0LE47M2yX6z5Bht0bmV0m0ANHMlOwY=","11":"ycsox4UKiwYQgHCHJYa2SIHw2p1ry29CfoiM2uu8VK0=","12":"b8yD/Nw5TdBknodZtmEIous6Y/sI738EvIh5DMWD4qc=","13":"VQ7+RzFbQyjAahk6u/Yh4je+pT8QF31YKBgG45spzFw=","14":"ysvK2UpkXmR6dahiLH6zhtOfvxykD5YB/+QonG8tzcg=","15":"qJ9DFnwVvAPzLi2R99xgJk8Amz4motGSmK4VIVAayBU=","16":"aS/swpgsuNCKaWFaVjTDkWLLX36ImLsLL4bhsAcEazg=","17":"lGoPc22euIAHUdTk7oN1yUgNtUZhXml5NGen1ndupOA=","18":"Vrz1iu4Pp/qKtJ2tS2THQB8+rjexhJ8I6pZAx+K5Hc0=","19":"2xLzJl4wipK4boEkHuxsRvqVdZvASC9dcxm/d8b+ido=","20":"KptvMC4z/kmyPsBUWySBdsqDxSUN3IbHRcN20JPfIBg=","21":"n1bkHnOY1ENhaMlXQt5q9z1cOczuRVqVAexQlO0gX0U=","22":"ZV4PUjDB1b4EbRWzzvGAPxEgncsdhc5ll6xlmVHbgsg=","23":"WrJlU0H12DV4RFC4+5DuLRxygAP/WR9VJ2lqXXfVce0=","24":"w7m7YC915jde32KY420fDGHA+241fFYQB7wumszYS6s=","25":"UIy3jjE441lAubB2ok0AXC9b5zGUJ5i+fGrbf8sj5as=","26":"tXtLqge4C3uM/KvHfsQKohusLTs9gJOEPQ8y70svVyM=","27":"PCgtDWXWQcGPhA+W6tOFAHDzaiPL5iVvxGk9G3r2O2w=","28":"04dmTFjiwx+6HBgcrabQkpvbBb0O6fbQkEH9jn2kAeU=","29":"ErpQKvwkzhFaKMyCqORanIH6jgJ3B5WdQUZn0gviVQ8=","30":"UcgRgbBu6QirdNP77ECGMfJ6pd93ZmeFrA8OD/EY/aY=","31":"7puhN73R1jZj1KYKEHADmWrI2V26SYP+AQp451S0aws=","32":"h3p39lTGGK5f/yYI24akOl4HXKHithPHgSsCXiAqBJ8=","33":"NgsHO7pc2houbNAaeGkEV1FzYn/8hwC29q5K3LVWniI=","34":"TKYT1T4v6wpvQcMpK1B2M3TVu65qTQ0NA7tngkBcxRQ=","35":"1nL27hAOCve0PzNzR2W5LSmjxAqUeUBw0ncVxGYthZI=","36":"ejWxPwhhw2v1Tv/VcoOsbjf9RlXw2mykdOi/Uz8+w1A=","37":"tESXfVPiROvOSEbwfxT2gsBqn3KTPH0YkLvUP4Jbwg0=","38":"3yxrCPY2txKzp/iQF3/8pbMaf5pM7KVnH4NzOCqqFGs=","39":"t5ML/uJXZzoK5B6j1CWra/7Sb4/ch6Iqxn0awx+HLK4=","40":"cV7EwhLzmbYBLTDxgueYfpA3InaEyaFZdCL8dwqBKlI=","41":"7LmHMhTfv2FH4A9NKitEzkXZddZ/0py0zKp1+s/jFw0=","42":"mKcodqXPob3erdIX9C8cBLQ6wpv61x2NRx04Qhnyq7o=","43":"60JpJ5T51/jZMr2ejcdLNkxdkShu8OAiWM3VLjqqGNI=","44":"FeAOrkdBxCfHA/d4xAqJHcJi7zbxxQCkdP8ELAhZZTw=","45":"l6MWX1qV5mgMiaIv0kQQ2HdMA90s592PhpiwEYCUp+8=","46":"sENclcRpL4L6hwIvviuEHLfMrArXLZOLGQIhrTO54LM=","47":"zAKiRgrymoNrhl+xy6Fh9GBo3I2grFCkwcCbUr96rqc=","48":"IW58rOoMyK88Nebl1SVq2BpbRVgaPt+RF4bg86xCCgs=","49":"cZAOU7dVvElUvzR03tTaL/gQYIcVOvJx8nbtrTaanko=","50":"o2ER/O6mLPLFcc2fxFQZ1kDg+F+mKB+S8hgxZ+xmRe4=","51":"Od77TxRvupQ+vyQHbqE/UftuyaV/DJ4fojFKNZZcVkA=","52":"R6R12c8Vcj10ZvCgo6F09leodu/r9BlfN4CncxBFMyQ=","53":"SqZqj9TZLf1pR0nUkBhf7kIDLIDkTvMlAGEN+Rg5dIw=","54":"MJ3u+lkyi4wQnR/VIJlIsHbe77/FEhds45XGFHYjLHw=","55":"hLtBi00QR7N7juSOMLLebc1Bxcm9uwyr9qc6YZfs6nI=","56":"ZiQb29HDHYny3vNb78+fr3mrBA1kSPJ9V97Lo9zSWuQ=","57":"7yS2ebKRNdX1m7pJkC94KG3L/J/DCgGCNM7smf8M1Zc=","58":"qN7b+OfI0KZhF4HF564OUizFnep3SL7KCpUdFIHxU5g=","59":"RSBCP85c+h5xP4QHXjZZj752k6DRHPWnNmZW9zxyejM=","60":"70brHpYU5PrXlDcnF5F3EwIHpsegxP5rWMRgdnlGiO8=","61":"YcZRxOnF9C8PYoJR5gbbZDqetGZjapHCK3+6HIlGNlc=","62":"wQKUoU4iPdp8rJOuet42J5NOJpj879WJuwxVmFngWYw=","63":"kNlT2dWJap95vpDcYU1CMh4jvqAc9fLlqQObKdjeyKc=","64":"BZ11JXksbfLKjAax0GIj/wEYEYF+bDfityu+HC3PtP8=","65":"kIri8p4UoPfU81HPiHig8/wxmqpb7x3d2K/2NwSAhb8=","66":"WJvDuf0DcLZRDCWWFvPirbWZFH3yMtZ9tGPCvyVyFf8=","67":"Ueeiu18hx2jLC0RzxtHOw1GGmvoRoJeUMIKNLt1aBFY=","68":"AZc7dG/bXmLjPefdPF0HO/Y0vHMZFaGfYvSBg6FsxPQ=","69":"tovCopOQolWEKPOqwPeMwwfl6E6y4op3DHx++riIHOM=","70":"Lefwz2eENEY+2MgrSFjdLw9MyRCCyYsPwurEvB0CyHQ=","71":"xVbCcWEO/p0Pfz48cRx1t1DJqjrBqI6HHv6ploonI8w=","72":"lLTqQ0ZEQFYUaT8JXPujVfNPcLxy11jlIFxWQhVmeis=","73":"qqDep2/PmzVGsbfBhlzklIP/nv83DBAYuRI0CJ9P+Qs=","74":"qL/oqCtACfzePCG9SoiXxqaLqoD6Bet/pf+TgRRhanw=","75":"V/5ismgYUkZhghmIeflsynUi6IQbUx4IYZAtRJDpuD8=","76":"Zn60qMCziUtBXS9BtRciQDszqGPdRPmAQRZfQ5WzSKI=","77":"m+t1CfGgHvHfngEQZI8bDBg06WWGQmP6Qu7WIr+T6jM=","78":"pKvKPdXXgdlszrrpeVGGSKistC+xrk8nlz3YV1A1aE0=","79":"/xNHP4NW7ukXtaNX51sO6fR2aHDP06VguExjMGv1jog=","80":"25Qfjs+eB+2Pi8s6haVEbekb9CiR4T+vGWWV52JLaeo=","81":"LoRL/xXtJVddGUmXZWXVcSZalyoRGObI9z/Hsw8L+yc=","82":"Zj5RSC5e5wk74KPXpgi4aMAu9Whgi1UnP8hIejAuyvo=","83":"r2h/Dk72gGBoj0i2WIhNIvsQRelMtgoYIAXjb5jAD0w=","84":"pIgGFbUQVPrY0VA2Cn9vRgZe4RBH9w1WPqwcdSv/Hms=","85":"UeASCzhWmVZTsxu+sE61XCCVrmpEh2V5e+6TNzz96Yo=","86":"0WRRckcaxovswqZU9RVT7mRsA3SH60SOoAvFLnpy1lQ=","87":"zZdphFuQD32vB98xkF+ZDE43XLWTDuIJurG5QZm9HlI=","88":"H3zlJn9ixlibE4LpIgXX6Kd59hepwgUiy5Rrf32RswM=","89":"wM4iCkzLJKEFeMaGIROK3u4oaaV57w4B5UoaMx+J+Pg=","90":"76W5dQlQSBH2fADmU1T6tcmu61g7EzED9DLe5xYaWBM=","91":"AZTjSdDzM178MvqA8yrJI5p6UJzdWsXU2SmwhRe3csY=","92":"NEeNIUAn46TMG7LOdnmI7Gn/xIBf99pcpc8drCSE13Y=","93":"OTAI3LC1BM5Srn8Cz/FSh/XqWT2z70BRYerDcidH20U=","94":"wrME58etmvm2QVlAV9zD+SS92qnk/CydrBvGnuEncI0=","95":"QOuypGllcEqpB3skos5eNtNdoIWWDNyrEFqsYoHptuY=","96":"Wc2LqgWH0EiFLMhvnQieirgnsyIOrPXO5h8faMCrOQM=","97":"OhwpDDiJlyoOE92fB24Z+XHHUjvYPfDGlFxbxnkzY4o=","98":"ONKPpuStzftvQ4fxIWoePDYiC+G98mM2m65HpkW0fkU=","99":"k4c1v4uE4dHG6S1iYO/JSLbxpZOlCHcdwTHZ9fLmSms=","100":"ydx0ntZS6qT8X1Q5bzhi/ePmWD1Y1LBqGSnSpMohvQ0=","101":"g5476DTXwK3slg/Q+YGuSFXse1HG5nYPWdsd11FpWh4=","102":"07pQ/jvxqGtYg4JcwIjKni3bZ9w9XJiYGepr+1xUQRQ=","103":"cHwA8Cse9Ux7sLvm9Dva9MkhsvdRwxiYfwxsW86rSuc=","104":"VgwAOMQJ9fKMzv5IWNOPl4zyZr8nY3sRwXy62+sm57U=","105":"VvZ3ZaiNW+c4/KuoPtm/Ehyn52QMhOM9aA154Sih7qQ=","106":"Orza+BdbJAtIWHd3WbrFYEMfv+E5LktdjsWdVIeq3uM=","107":"OUjVtevPTw3mAyOoaf18vOHOjVtT7/wZyen3GFf+E0Y=","108":"OUDw1CwGE9wCImFR5NRGXODNlj/QxizFTgnyfyiX7OE=","109":"Di37M6ewtpkFj6bBGJejR+z9enc7KHexEReJ7zkn7cI=","110":"Mye3kEqAfelWp90VnTAkT+RmxryQ9CDhEn06FE64Xbk=","111":"ux8TPZgtuai1zU3FRA441QUOkgezPx/bsF1Cc1g2hCw=","112":"GvsT8VdKbzm11HsjnTTebFYGpJQNvYS/OiPgil/V3nQ=","113":"1yjTyuuHHcYFs8tZ5RW4B8yQMdMNCp7JFGiuZsDyuBI=","114":"JV+9XNr8Lqa4Si2p+pnHEw4/8zuUHlAgU3lumh/RWVw=","115":"YAvX3mrw/dhH4a/Hqq/TUPJ5WKSGf+sbqflURzuNFVQ=","116":"WhDp8Sxwuneb1MxXzH0aKkvBli9YqIo8X8BxfS3ucFk=","117":"aeJgTgZP2o2zLYFatHKM3fluXpQwI3/zivdhuvTpxSU=","118":"hH1nA5TVpcfg9Mf86t4P1S8BZP3IvGC+YVrcdSZf7EI=","119":"gkbG636xJRAsF4LGTs2/detEcDdtLF3x9HlwQs/Hm/I=","120":"nQkA7JVQ3i2Ip77B3t5o53FcjOyP05j0RNzw9P+DsFU=","121":"8dDo4U2lBX9c4s8SrTTMDlQjiCovFs0/yCEpr5Z/ZBw=","122":"Mf7SNVEtjURGvYje0XI2q/x22oStTb5Yuz4D8q5gqCw=","123":"imOnugMACq+NtCZsyT4bDtwNY1j4ryA2EJacYpjbejU=","124":"JuUxtOWkxyjTIpHklXqLtzXmphnw2BB4w11JewSD4tM=","125":"zRzhjHvXXoru/+CMSoEWJSVxfMH1guYbRYkhq4iKNDQ=","126":"z3/4porYnDg2UoMkWBjpXkJoWU7f0+u6HMV8HkIQ6Dk=","127":"Fqw4J1DYw1ib9Ae9b9mBkx/YYxsUGb+Knr6BCYV2Wws=","128":"fpxVtX0aGo3SQv2WAXncuLg22Md96L6CHeZNcAjCeI0=","129":"uiRbzP6kS5UnkADHQmMzqIge/BRvj7Vs8nVn/NRVYSM=","130":"Hmj2T32024e49jTOf2rCeNYAjDAZWJRfmOa8Ph5j9Ng=","131":"pG6AN69+ZF62/AuyXNrkXcUwxV28GdctFh33TPaFPV8=","132":"1wPD3mUFRzI09BARM297rEVhHlZFjvKw0wYglQqKoBM=","133":"IjwN1DYMb4kRGk2nmc16vySgTDyidRaMcDLNVx0j2Bw=","134":"tztBRuaIfKHvjnkYOIwpsNUCMC2uHSVeke83P8fyj+s=","135":"r5DQcyYkZx9TbbpMqJY2GxC9VIDyFQnXQS7O2vEtSeQ=","136":"EjwXiNMrL2q7vgv8ku4pYggJ9iqE04jdblHHLVYFAF4=","137":"2XS5ezOlho7giOcFQWKxFBFSQFfPyOyWVCpTeeVH5Xs=","138":"3GvyTi2Uo0u92tH56SMPBxJl0kBAxfMM81/eKU4cTM4=","139":"CCY/mrCHtsHZXgcRHO+oo1hgZ57h8FPugzAcD6zdZo0=","140":"kyH2cy5DDZGYtMm/XLMR1f44Glb7gAWmMMGVZvtqSp8=","141":"T4ghzkmRVkw6pG+IcEhdwnRJEP/A8XG7nvUGwzXhcTQ=","142":"5T6EvguOVVdps/YzsM57eYJCY5yaPakCvWuEQUFu4yM=","143":"ahj21G0D6N1bKXXWjWsKFb7xbvubd0W3dZUcGjB/CvA=","144":"4m1p/GdaCTS0dJttC2jnHGr4A1hVqOuR3SP+1/Fjxnk=","145":"OAKXea+BU5kjzRTsDQDtx9qnMm6FGuUPHFvX24uioP4=","146":"L41XSFI4CiOf5s4CdTkdRAgRvIzHa9VJ3f7f6TVToy0=","147":"DNSSKG127CxHkK41yEH/uDoW/J9MUQ77ZVmfCPVfeJU=","148":"wbH/ybuEgJUCcN8UKseJL1ejbSQWmaB8OyUCEJoR1Ew=","149":"PSCbogL85aNd53YauPAEFlV2P7/+uSOGdHUwlTQvkrA=","150":"tPXyx7LiNFPYeRVTOuJPvpzROXDK1HiVZBbHL/kOXEE=","151":"6s0azX1LkJhl1O/Uz1A5Ks15Orr16nuS+g2oV/+G+Fg=","152":"TYgqTItdvCU7ZkCf20JH2GmffZs1T40bDosCo3ucQU4=","153":"wvnlx06O892/lvbOjjbn1ODmYQKal58Cop2GJoPYoA4=","154":"VenW1hZKjc+jE7GGuYBLCzZSr9pRw2PFq8BJu345yfo=","155":"Eut4LHh4NAlq6GFTAGqg1Iw+51iViWUgxHqsP6kn4C0=","156":"1HwBqqN4m8+S04eHSSMPbohDHIMRj1wo1+DQ/3XhCcA=","157":"uLNElKhoQp9SA7bFU4iVBWRRiCmwLc1FLBuoGMuN0T4=","158":"7sd6AaZzKF7+If8E8k+hpPr13ONu8Kj99y8MALgMvTU=","159":"wtGoBnRX52/IfFf9lyFPk3hOsOdf9Zubjod4bYNHizU=","160":"HGrGYAtmMwEvwMNwANtTYXRCRb3GXAO+hfqA2rD03dw=","161":"XCzwoYL9Qdv2mWI51a4ZQNcrhTCaO3yPT4lnny5dJEU=","162":"o7DaplolVGu+RKZKWWhkW1XL8B3/Bg8mWN0T3AHKy9o=","163":"uInZN9prNVJg8+p5poJrf55m5X9v35wAqnXAx8heI6s=","164":"FrA0ww1TUaLNb9iBCGk4W9LyV4ppE1+nEeL18UypEHQ=","165":"5NAxGBeIdyn0m6ya4pi8y9Mp+A9zjXRMciDHtg0kQUM=","166":"XSwUdFkHhgezOblAZTgpcrWJUxNmCiQRGtR5ZQeFjp4=","167":"Gymzb7MeL9Zhcq2d+jfqvMW079992xyKyiY/hLjUrVg=","168":"aG/ndIvNxFgDhrHnkI+WusWennrWsoHorcSkgCHS7as=","169":"5KGnGdaDDGhvhDUBiG4l6qay7Y658316CF1D9gz3le0=","179":"EzHB/4FDVhyM2R9NU09kQmxwbGKwtC0ThJ1LkVlxkIk=","180":"MKSkwNWjc22ZrzoNSaTNNr1mpuSsa72i+Jf5uf7abKA=","181":"aQPRPu1XcUENTDbUG5WNakrLeGEq1JftT/fX80xJx/Q=","183":"Evbc7nf59v3k6BOgrxPctec+etTJU4LCTSO0pNjXULU=","184":"gIWd/MLHvMXqmU5Dq1XQuSgCAv2VX9hTe33R9S2U4xQ=","185":"tF7AAk1P0U1TLwL4wE4rES3o0WyUbF5/tmw71eqKWNI=","186":"IQhF874GPkh1EhSLPgPSmqxdpRf1ftvHghx28bJCtEk=","187":"fbneROeP+PHqPSm8c5XylrVv5az41c3zEpr9gSeF9Nk=","199":"tzSK2fUW2zOUGKmbcZsmpc5vNbKEGI2An10RTOl1GGE=","200":"8RSakrlvKuam2/b0wfP1WGVBscNE36LxmKim16RRq54=","201":"K/fRBeChzyUTXuLUIe4fSnZvRdyNRcVF6fXMi6RxR7Y=","202":"j+a94PsldRgednLYOnxeh7mOiUUSu4X6o5yxlrQa4hE=","203":"ZSK6vhSfMae47JWBAIk/XIDDy7Canzn3sqvlEUDOxDI=","204":"LgNvLbB1+5b2m0g4w4VxR9ANRdziNP9voGXRdDr7EYQ=","205":"DT+9YlKS91u5eO7NQKk8s1z5Bg/xD2EQsOd9Jm+NEt8=","206":"e30Gn00s5xQVIFHDQ3Yl0PGNpGHvS6wSTNWoOCdRghE=","207":"CtrQDylrrvZUe+lo2rguQtg1NFDxPLCseIYSdAH6veg=","208":"uB+lnDpvx/O1B2O01W4k4ATQHpfAL6aX19WVSSRcl4g=","209":"HpZCHlmsbe28gQwEQBe7If0LpaNENBgXHbBMy5CONgo=","210":"UHz4XIjJ9Vm8yWiW21oAhf9GFLaT01jrQT5d1sIcNCI=","211":"YqZY/XvkOEcutJbOIQOpIO53PcLnilPwJ+TH8A2pTMU=","213":"w4rezMradyZp1OraZlxpDvS0paK8wPmNmxiaKJVE0bc=","217":"U84PCdd8hVawn+neB5//+RNoxJodzbBA7UxFlH3YHdU=","218":"/19mpVpB45ENFi+DYMGQwOWYtStfrpOx7EtOO7xZDXY=","219":"Q+3NgNkCoNE0dGpuZsuIZpU+CuVfVdVmu5cMEkwjJuI=","220":"PnQR8k8YNmMQeo6hX7L3SctuT/ut3OvzjaIuTkJO+jo=","221":"v+UQN+UujHtle+3uyGie1PVv38VlFwgTvnuyXr0z5n0=","222":"yWjFhzEiRMs/BTTQt5BVMxg75vwvqC66kRRIqVzXpGY=","223":"280gtNAB9pNNAp7TI8dw46huw4ZVQDRWv5v0Mhuao0s=","224":"9lee1aFOByxcls64NQ8dIVPVtVfTYS68iyusJlrJ1N4=","225":"W9/nbyPvKrLSi2JkJPpUNAB5sI6iZIy50u1gvnENULQ=","226":"3B4WSuPQQB6f7h1rXKk/5hCBmDEmTlrOJDv88AabfzI=","227":"e7BMj90UT0SABTonKSOnN0vXK9FWewNW0bs51iSwHEE=","228":"FcpbipPwnZlx/2N5m55aynnWsAv8sjNmtAn1Uwvo54M=","229":"9CQ9k2U+SO5Og5AYOw0JjT/OT3Z34FLN20sbquKwt3U=","230":"xemxMGJ9gkIQnqI9kQaeFxafY9X6mghzPsyoE68VIDc=","231":"K59+kdfx9a69ZjdJ3U/74rCVGwtRFaJtDnMPV0kh090=","232":"E8qOnLUUd/RIpTxjyR1Tzhw95GvY9bAJzi2QJAjd/Bs=","233":"JyvZFOcm4XiTPJr3RlyASsGkwwar6E8/WjvRPbkYD20=","234":"XBPhKDNlxnnTTW+sY5QtZkkoOI79U2LJP4XR7EN0esE=","235":"8oGs9QGpbQsX2NTNbFPun0AGxvsUDP12EybsbiV6TDM=","241":"Wytf2g9RnlVW+RHH9i8C3jNQS2qCWEQ6v617SbMxCaw=","243":"bvFUYf+0qJ5dYI+LeAEqdBcb6nsSQDgR9jWWJcPrBnI=","244":"tDHF93cEF8w/fuRzm7cGEsoZGH3R5SJnS7SXLUg3p28=","245":"z2n80xDmnXObr6RDYmYxpkeb3wzFBC1abH6dJiPUxDI=","246":"iIPnKCRLLMfayZ/YOQDZJ3SZn/JcKJxGfRAY/tAI+EM=","247":"QQDEvtDN919COjqVDTJSS1AOA2s/r0x5uYujdCr8YJQ=","248":"TGCK7bLBymxfeeupPZWQIJf5BnKNDHS9XqAN891re6o=","249":"hlFpyeHVVma7X4E3+5xL3YogdqLan4pGRBGfkXgugiY=","250":"t676BQwU0yEdxPcLIq85MyfK/Lm3ka1ekwQfTQz5Gko=","251":"ZpLT2bON+PAx6dNURXEaUBc/RwD9LBCy7/5TKyBiXfw=","252":"MvNyJ9mWsC6lEtVhVIuYaMqrnPmXk7x4Pa17V4vdhIo=","253":"QpKJV1KcFldIk213o2FQSF1JvG+l3MLrEDCv0tkbGc4=","254":"OSFSNM70/CG+3VYs8QfYkwUkgCB7hcm98MgHo1aMJ7o=","255":"TCOqebQwVUgvbqm4mpUYZDTJ84Xt5Gf/5g1PxPkQOx8=","256":"N+j7omVbg4UH3yt0E+zYjfMml8yhrAOKUKIh2AL0ygU=","257":"QFpsTQckQ4Yt0Xe6cEgDRfULAAtfYmOxYKNprww8FSc=","258":"cw21Khg66c3l/hIywIgOE4ko47F3XnkFfTKpbTgnU+s=","259":"61p9cRwiWedAv4k6lrcImB9IqYuhjhUA7wLv0j7N0/A=","260":"VV/yxXKJhbCYxcvKtabemkZCprYbHOvSxqbMrE1pKqQ=","261":"WqdpBIFt7SJS0OBgZDy+QkzaEgNfkePAhkal9yR7uKY=","262":"8xdgHhr5O3Q4Q+03gSj3hBXDO6wCwOMLiP5ax2/R2+w=","263":"mN15J7H4P0KodVf+lvZwq+vThLH3grUEs0IbzTkXdq8=","264":"rmz3JCGl9lmJuP0qHYPvlKC1y30Bh3dCwSth1ly7YuA=","265":"JUCSfo1mAJwDsrSew8yExFbeVS5I9avUkj/7J5lB2qo=","266":"J96uW8n5q+Hi2PznG7FqEQ7Q73RelTwlbtswLM/NhEY=","277":"grtCQJuuvDTxvyHVUPK/dhrh13nUcbp3XYfj3YBJpBU=","278":"vqxhIl3mOCEmxewiujnzfokuQzT/ROgU9nGED9c+ufQ=","279":"KgtdJHmndPq3zVfyx3Sw76cDX4/ZqT17gdPA0F82/us=","280":"o8Cwwzn/OmNeRjI6sSIPADif1l6pGT5SU6XB8eNaRVI=","281":"Q4qKEBYPgF9Pwjcgj3626aHnbCKn3obiO+y1ifoH9lY=","282":"lh6R/gynQdZDRlj1lHC9ftm6Gqpyfa8oexRiuzMxj6Q=","283":"D3RJ2AxOm/CQER3azRX6dsXJMXcRWC2QrgpuPgBZW3k=","284":"7kGwhWf7b082awPEdefLTlyTlAgiZGZY5L+lSN5YaJs=","285":"qFsAn42osigf2yfCPlQ2cJxuznAx7WFQwSygWjCA2Ck=","286":"caG2ewL675fsV7br/GiQsN5cwzBhP8l2EqSk5hSmMdI=","287":"nPIMNgY9B+Jouc/P8NnJNAyydTXWnv9DgAgXfsaIEEs=","288":"/dcA/1Lxi1SJ6cqjZqc8WdIfRorhiNi5/6+QK4oTlGc=","289":"VMsnZ3JxQEncyKItZiN8+wa021mFjiIXSgdIO6yzcQw=","290":"dqdG3QU2LzkJXhh7+4aUNXoc6TfpmnAOwyZXVy/my+U=","291":"4Zk+843010dnpGuIA1p/wosojfOHmHJOMPGRBxQzXKk=","292":"scRITljdUF2I/uMl3Ls5x9BN1SuPa3jeEHDROaXvgSc=","293":"JyZg4TtFgPSfLeVKZt3/Z30QcIZ0U89yT9GjDtMVBJg=","294":"o7i7QoizwWKgjUPQBzWYZDMYvRKPUR60jWzUGkcjZBY=","295":"h8Dmq4zBt+y8xvSHcl1bbANlk+dMSjOiNd96IPCLsNc=","296":"2EEVxF9R6T1oPSge/BPXf5jMihemd4ZAt0fZN7BWeWQ=","297":"069fWeaGmD+BUM6GyHdRPXvePvwJ3AFwyC2EraTpwoo=","298":"WxQQ97LQKN3ibAYeQNeLsp6NJaAojB2SIQPwlDSfBW8=","299":"a3vKsw8CxfTd8XMPRz09BULTF+KsowQYBqQlZIGrvBw=","300":"yasg4ANk2QeyIijQTlGvurqgzNoEh5ULSCXOwpMxeAc=","301":"4CUReR0KqlO2lluooPBZpKw4gk7ykJZ3ZunDMkZhB9o=","302":"ncn+TcTcoIJ/+tvPA7F7wd8qYxqSH8zup2jfFzprnPo=","303":"MullY+xWQDBpXgwBbhDw0uhm314PH9bhBltHkSM2Wno=","304":"v5EbarH+K2GCRzI2ZtZt7g4vcqsYvPFhNp1EUQ0VZH0=","305":"EFxYyQ1Xyt+B0jK+FhAKRaw/leMCSEBANQfRV05p6Vg=","306":"PslOG4MIIVpHEyaj79Pivx6Bft21ydnL0Uy/mwnAPyo=","307":"OuaSEzCeJbwIiGduBuvd12ZlPy2y5TDQsMgyi8Gy5aE=","308":"FjLJTHCrn9d6PIOG1vkbpd/usMi2N1jfr1rYeHwhYTc=","309":"gf7jKX8LX4Xy43H1XnfPdUv9EF05NVhkf2vcuGEzl1w=","310":"RFMAubzOVImY73MbVMgT3iWBdnoFgRU57fCzfmwdI70=","311":"7UZQ7HTRegRKK4eII05oh4NpeFE4FJzK3MqnVvjGH2c=","312":"wfpVI5r0TS2zmPXfQhbfrEv0wUu0vyg9ZlXjlf7Q/3A=","313":"hPUEtml8nInlkb1uE97ktfrRTR9kzxf9onlmfwQn2nE=","314":"nLcFFT8df8FG1Kk5TCoqMlqNZ7sKa5Ittxsx5q3dV1s=","315":"OJ8w6uqR3ATo1PII7otlPRfeeAjU32V6GqIHdG3A4OU=","316":"XJr2vEkxmW2QtCJsOd0qwILT5nThEUD+/LSiBOhBwKg=","317":"iT7CmL4oDTkDH/wDA5zQPKLpt1K+wUNoBcR4j84Emzg=","318":"09G2B2SKYok9Y5bXk+86v5H2iQ/hlbBEMs6UN8575/o=","319":"KtYRBgF6rcsvMP7GbnehNZuoDaIXbFXvfJh8dsWSUaE=","320":"cBSrM2HlFjdlozwIBxz5gpuODFHU9V41qWpUW7Syd+U=","321":"OAG1mwXE3fbZdbJthmQsD3Xq9ZGmnyjsiL9URav1LM8=","322":"d7qTl3rBas4SfziaXO1acMK5TB+LgWgxV1qv9F2pw2g=","323":"cYKnTYaSxTF4XhQA51ZKuORdQ1mRA96aQlmn3sTsfnE=","324":"5j2QG5ITuc/eUpsGlHtdCun0HclDEu1zwr3XUcKQmT0=","325":"HLc+ACSrkWNtO30VAWhvrtEZHxG8+SJtwtVfeemxms0=","326":"98fL4y/qBwz7w6gIib6cTOZFZCbnaD8pK1jCaDGSDD8=","327":"okPQ6+MEYZT3H5IYkxdzdUgm9w6YwvLOJGNXZgLE49Q=","328":"ykvQ0xJKbNCNjA0YcL3y6OUPpc4TFzS/6t3Vo8stoJc=","329":"TrKlglHHELPSpaJnQEdtNaRjlxLeQ5iMHBk1+hx7/aY=","330":"fKJhNqxgp7nmgfJWH15IbTQ52efGQaV0YfSl8hRzuTQ=","333":"kDjTHedbrS7U83hZ0oKFrtz1CCmKvsXJQP56nC4234c=","334":"Iibncv0018CD5tyKgjIpTtw45WBrx27yI3FXGetSq7E=","335":"M+YkSZSTqiL+E8e5/0uu9gkKfGHzK7PcjBTf2CMJbVY=","336":"iN8IWg0IpRpSJcZSH1CvlOvwVTnX/Pjqnwro5uODA+c=","337":"WwdD4wt1tBKuSTvLURKrbImt1wyEyZn1ccKaGgrDnxg=","338":"R7PEUU9wLYVOd1z11iIwjHecA6SvUf7CtDKSfJ4Rzqs=","339":"wsdZs7+DzvSyCgCa6kTGjlEW7z9mXYNnFWse16TmuxU=","340":"3px/JpflCcUIJ/wJJjF8eR5xevVGzbCX0zrsqMmQAxM=","341":"Kfqs4KYNxUO243cXDoJULEl/z/6URas7C+zHP3n8HJQ=","342":"OqOS4dqirm0KN9eMWgaywK2jMZZIi3iotPecO4NHSho=","343":"5kSDSPoXBL/7vMad4ZLghY88VFGuaM34CBhn4xw/8zs=","344":"3wzuM+OB5djBGchX3UMOFJbrk+i7T7KdEz39PBj9s9I=","345":"+rRB6wtvsMzIw+mdpttxIijWfRBi7WpxxypB/pM47S0=","346":"BUGZOObiVyF/V/s2XrKhYctLFzCfhBsYsRfyQfpTDzg=","347":"fCoPukoVuHUSsJCmgkNHN3ri8xIAyCTNNdnXk8JQ2To=","348":"JqJtWh1xNJkLMxWpf3gent2HuMoBVCNFGyoHIglEsZA=","349":"iieyIFo9ZIt9s1kRyP9ZsBIR+5Wbs+VAngSZZBmh+As=","350":"WuhHBm/4b48yl3b+JnlKKQDbbGOs36OP3oeIO5TCmN0=","351":"o9vw2N88bLEa0AhJRSXQ+tWPC7ITYtJjpo4EqR6H5KI=","352":"GZUhVgytANIeFRTPuuMAxT/c9NkwNa7uEtgzz2cSt3I=","353":"fkft+QGWJAotnEgnMUSntiPtpcHKaidgTMOVeaOInNQ=","354":"BCyttWvh31TBFYIXr6JzfDDP8Z2j6KyyDI98C6Co0ps=","355":"rGx5FUX2uaon1CLYxL//qq+4D9MfOXQxGdx0by9uSvc=","356":"20GrLNNZKRy3POVHWlL0B8z1YhvvCTnt1NLE+ATuHjM=","357":"H/tyJQzVn0P8vsacn3+dRxjjNVD3RSOYidrQcaur134=","358":"GUwDxPHMiWf86DzlIRvlSoF5iD/4R845jwwKaRiuyjo=","359":"O/6Co2dFSv9WPfL32RqgKWmWH4BJG1Xp1t1RS4NorjE=","360":"Jy51GwzLHz2kauwuY6oTIM7VM533b2rkPEHMDA3jqWg=","361":"wse3B4+4Ko9jZeubKFqbSpsp8W1NUKP5SNg+hPwY1KQ=","362":"nmrSwjgO9aPmFRVv9l66uIC7zSqfPxystcNH0V7J6mY=","363":"krNKpI6LRzxxkMV3eDDAbZv0IT+08IuDCUquIaHDvTg=","364":"QkdqloPzu7fpINaz2c8uiEJxrtc+qIBoPgUsAXnvzM0=","365":"Az3qHVDd92g5UFwnm2EPoYHRWoE/ttOPprf1nM2GNio=","366":"0uVw4YIHqg9xTSvWFTU0g9fWEkxnnsRDm9UK1ntoUSM=","367":"TP8elxJQz2ZrtaPmrrQ8d84F1fGRLQ2GQqHy/cZHTBE=","368":"ERA72WFQgo6phkx4cajMtJt4HMFdqc/PnwcQD4mVISw=","369":"57cdR3tmkqH6Nkq/JqD8FcVreXO6Xmya4V8kE0EAFoA=","370":"2/e/UGF4EvUYNHAEjsmY2kEXHAfiJ/e++sCRuRRyoaY=","371":"vEGHvdzmKEJbFKrliGvk4Qkt4hVx6DSb/JmEAnhoTcw=","372":"a1Vm/DcUzljrNK5WkvF30/SU6E+y+ilxwhJaOUqgvzw=","373":"f9STcYYXbYCqP0J+3XwtEyt5DEPnmmB/aR1bivJLxlE=","374":"j18ndEC+22T0i5/RLYwRXijArYItp9tkS6/9eENqugo=","375":"9nxxj+67legVTFanUPqjzQktrvhKzR66bR4nxhXjUSE=","376":"LVdVHITHFtvo5ogBstE0iGh1qp4SewXQGfj0pOxbE+s=","377":"y5+Yoz5QLlJVtrY1KQphjM0P4qpkPl845eluOUXtu5o=","378":"A6taxzHkE83VE5+c1ZcmeCiucfmh5KRVyFk30FwvDqs=","379":"CtGViEN2+yBw4FHB3CynQ/bIH2UhUJZ0KvTV+15u2pw=","380":"6Dx9Pa+GtBEJpZp5wsgk4YaWIS+PnF9SpXDZwrgs8fI=","381":"mv6IQyzWi9gTzbFXbTMDzXfAm2l7xj5vTyxBoeTA7qg=","382":"8fEVgfezVu8JjUTx51ghg/4fY1FDtF6NAJ6Y07kLUSg=","383":"4L6Sugp+gu9S7ALPKHAIV3MloCICSBDCgiaRCZlhAVs=","384":"lzhTrWTnMzPZkUj2ARLQjFV3XSqPdIXWu9BTLJRZcP8=","385":"RuvKcmCahhLcqzVmHnmSBr/qxLmdS+rIW4kVdrHQNxA=","386":"CFQqowGpRVHDTE6SBNz/Fepkool9A/4Sxzzh7KwNGNU=","387":"fVTgbEsT/B4pba+GTXIrh87S5clXESeZDKI37xEkf8w=","388":"Zh2Uxqz9ykqV1eFvBJmVqNPAoGvneB/0IbhvTt2pivA=","389":"SHhu8IfwrKDZENk1o9GX/RpdS7orLq7bzDbPYuLAsP4=","390":"IJCiSWY5uva5wNi3+XwYikWwrsTdl8885OJrLnG/fQY=","391":"j/hcdEvQbu5ALfUSKOzbFVWE8weyTHxixY1v0XjKy8w=","392":"CogJGON/YZ3NDyaJHHMQFaVwCp/DQEPXk/sqkt/FBak="}},"BavtW5WJjSdp9xiNoYL4a1qzYlU1aL6n7Aq0MpvsSdFv":{"chainKey":{"counter":-1,"key":"i2iueQS/fEuV8mc413lc5fRCe/8/6D8/Aw5laqXesBc="},"chainType":1,"messageKeys":{}}}}},"version":"v1"}