{"_sessions":{"BUTW6mZVvJP3ibVkGIayz2m081BqNM8+1uO4J2t2uXYi":{"registrationId":769273882,"currentRatchet":{"ephemeralKeyPair":{"pubKey":"BRn87heKFQLaTMc+lrwTPhx7JVvbqH64davxfPJoBywS","privKey":"IMlMuWMpwYs8g4IkChh89cAiB28MbIxHIsvzLPVET1s="},"lastRemoteEphemeralKey":"BUO0TmqDMpu+Wra60hhKhnYOMa++W0fCur2I1CCtl1tL","previousCounter":0,"rootKey":"5/3x7UuTKfd3dKipSDzgyIcSZOaOkd2/2Oc6TczpqRA="},"indexInfo":{"baseKey":"BUTW6mZVvJP3ibVkGIayz2m081BqNM8+1uO4J2t2uXYi","baseKeyType":2,"closed":-1,"used":1703498752582,"created":1703498752582,"remoteIdentityKey":"BfZ4NQuI1vEo+X1xkWDc+QprePbeZO3zbC0uBwtK7nAF"},"_chains":{"BUO0TmqDMpu+Wra60hhKhnYOMa++W0fCur2I1CCtl1tL":{"chainKey":{"counter":24,"key":"2rilmgvPeguTarQ2e8zGEExQp62ZaMZFCB5w1BfDNkI="},"chainType":2,"messageKeys":{}},"BRn87heKFQLaTMc+lrwTPhx7JVvbqH64davxfPJoBywS":{"chainKey":{"counter":-1,"key":"+S3xxNwf3TXeYZlJEjYyUuAYMVtzwWXW/UKgov3QpaU="},"chainType":1,"messageKeys":{}}}}},"version":"v1"}