{"_sessions":{"BcZIK9OfcM9B1pPFBD1jbN9u+9NhCbOzeYTBBFl8YaIp":{"registrationId":1117013809,"currentRatchet":{"ephemeralKeyPair":{"pubKey":"BS8zdVllNnMUKzN2TrTkQ79uErVmSPg+Rd5U++nEp9IC","privKey":"qLs4A2Sn+BkAO07XdwUApW1CqSYVZc0eeZbjBxwraks="},"lastRemoteEphemeralKey":"BWVRGFm/c+EkjX5KnArtFKTUB1uhsZHjvjg3dou0d0Z9","previousCounter":0,"rootKey":"bpukKT9qJ1v6t743u1iaCxq0E0n8FBI/wnQsGuf1enw="},"indexInfo":{"baseKey":"BcZIK9OfcM9B1pPFBD1jbN9u+9NhCbOzeYTBBFl8YaIp","baseKeyType":2,"closed":-1,"used":1702289501703,"created":1702289501703,"remoteIdentityKey":"BROiaYvmvd3p5zVkIFHIecwgQARIZAiP7HeI5CE/0jcO"},"_chains":{"BWVRGFm/c+EkjX5KnArtFKTUB1uhsZHjvjg3dou0d0Z9":{"chainKey":{"counter":0,"key":"EoP/1RYFsK1LcKE+mu2wpc/CkE5j6HEsCvRL3TTXcxQ="},"chainType":2,"messageKeys":{}},"BS8zdVllNnMUKzN2TrTkQ79uErVmSPg+Rd5U++nEp9IC":{"chainKey":{"counter":-1,"key":"7JMbvNTiVCeACS6l1/u0r8Ec6EaLAlJgLbYB5dReJfg="},"chainType":1,"messageKeys":{}}}}},"version":"v1"}