{"_sessions":{"BQTL20Wf53oV5Bv6o4oyN3bF103KtvpcHrx67RXzERhG":{"registrationId":1641302433,"currentRatchet":{"ephemeralKeyPair":{"pubKey":"BTEe6KtsgzKjeuwQtbMaEMj7/Q/BxJdzErIqycTsjuoO","privKey":"+DpfYzOnIe1AMhlQsMaAZlqrysRZtsG+EyKzlXG8w0w="},"lastRemoteEphemeralKey":"BY0mJoaq+mrqa4M1yd/Zligmb+YL5wnKEayXQ/o/8/9z","previousCounter":0,"rootKey":"nO48uffeDt9foVQFcDMzW9bQ1m2LkbUC82CVLobU1/w="},"indexInfo":{"baseKey":"BQTL20Wf53oV5Bv6o4oyN3bF103KtvpcHrx67RXzERhG","baseKeyType":2,"closed":-1,"used":1701334120118,"created":1701334120118,"remoteIdentityKey":"BTNDn7/iWDrKBmNWPSNc4A+UiFVEsYB4hUw6WdmpuHVx"},"_chains":{"BY0mJoaq+mrqa4M1yd/Zligmb+YL5wnKEayXQ/o/8/9z":{"chainKey":{"counter":5,"key":"zk6ynQaluxIVgdU2xIx86uwCj6VbJxrupoqhMmHfu9w="},"chainType":2,"messageKeys":{}},"BTEe6KtsgzKjeuwQtbMaEMj7/Q/BxJdzErIqycTsjuoO":{"chainKey":{"counter":-1,"key":"81q2iSOgSo1DFmkwzXCfZBficFUne4wKiY4XcEwoDV8="},"chainType":1,"messageKeys":{}}}}},"version":"v1"}