{"_sessions":{"Be+5QyHjwaUXirb8oCZfkxDKwJfM32OC+KKAhvgBzchm":{"registrationId":1861235124,"currentRatchet":{"ephemeralKeyPair":{"pubKey":"BTig4LywiH4LhlYiL7UMbDK8QLqKK3rpNSTn5cBBQ/0d","privKey":"wGK6u5OsmEHi8aZZVVuiP6bhA0otZb7neR9gJNbi51Y="},"lastRemoteEphemeralKey":"BYxicKxUaYHIaxtgeHSXobPnD9HlcbftETMeT/cJxjIw","previousCounter":0,"rootKey":"Vz8BqHrkbZgB8uWxepTcY0ddRAgUkceYgLdM8hlX+GQ="},"indexInfo":{"baseKey":"Be+5QyHjwaUXirb8oCZfkxDKwJfM32OC+KKAhvgBzchm","baseKeyType":2,"closed":-1,"used":1704752372131,"created":1704752372131,"remoteIdentityKey":"BRYfVpXy4UDk+theDKEDhSoXOSAs63txsuGqI8NrE9p1"},"_chains":{"BYxicKxUaYHIaxtgeHSXobPnD9HlcbftETMeT/cJxjIw":{"chainKey":{"counter":1,"key":"+p1Opuw0rVCucWUwttjjtre7f2dh+JL7MJ23P7Iu+ZM="},"chainType":2,"messageKeys":{"0":"moz++gUi38IqwGoVFVFXMnhfexNsnU8ta2OdI7YN3yw="}},"BTig4LywiH4LhlYiL7UMbDK8QLqKK3rpNSTn5cBBQ/0d":{"chainKey":{"counter":-1,"key":"EQY4QX6adgcAJvr3OzUgBi0R7eI5DK8j8HLuhJuroUQ="},"chainType":1,"messageKeys":{}}}}},"version":"v1"}