{"_sessions":{"BaLbEh8KnQSxA6mxkV7rpnuN2FhvLgmL0D9k0YuzGa9L":{"registrationId":660574366,"currentRatchet":{"ephemeralKeyPair":{"pubKey":"BSL4tO53sywGp1Uvpuv+oeIalgioYCGgCRvglKJ3n4t/","privKey":"2BQcxzGYrDe6hi1MJSvleS6xZt+uMAkPZPfkqci9gXA="},"lastRemoteEphemeralKey":"BToWU1iaL0o27LKA+MxGUBpAglwWkMMSldvYZnBD6EMk","previousCounter":0,"rootKey":"YduvxONfbSFqlMQTrBj2Mu5fMIrIZ9XlDiBGz6WyKkQ="},"indexInfo":{"baseKey":"BaLbEh8KnQSxA6mxkV7rpnuN2FhvLgmL0D9k0YuzGa9L","baseKeyType":2,"closed":-1,"used":1701305315300,"created":1701305315300,"remoteIdentityKey":"BcIMe22g6WN9mwmnO1yQuBz/nRQdz5jFyKEmSz/3NvEA"},"_chains":{"BToWU1iaL0o27LKA+MxGUBpAglwWkMMSldvYZnBD6EMk":{"chainKey":{"counter":12,"key":"kAIX/4SgUd1e3VyVAyxkihZXe7s0gas9pnEn6jtjSjo="},"chainType":2,"messageKeys":{}},"BSL4tO53sywGp1Uvpuv+oeIalgioYCGgCRvglKJ3n4t/":{"chainKey":{"counter":-1,"key":"WVqC3EXHkViDbeTH4BV4zo+5hp+Ibx8fMC3yLsOqW6s="},"chainType":1,"messageKeys":{}}}}},"version":"v1"}