{"_sessions":{"BRHXZHY51Pqi6lZ4ev1KdqjQqYHyTil1L0MCZt9Pzwx2":{"registrationId":22144714,"currentRatchet":{"ephemeralKeyPair":{"pubKey":"BZK+cnuO3t5fS/iDgVVqHWl3OwhwimN0CNnXSwkcbEZd","privKey":"EIAdRhX/n7y/ao6p0gziSA7G/6b+m7G5WIQ7XIMjeFM="},"lastRemoteEphemeralKey":"BeQnbW3AKoMa7I9cYU6Rjv5loFyG7VJs1iW8tnmY1ytj","previousCounter":0,"rootKey":"MQ/SRuuEeKO8NMw1AU3+4zUarycVbAC2u8UVdAT/R6I="},"indexInfo":{"baseKey":"BRHXZHY51Pqi6lZ4ev1KdqjQqYHyTil1L0MCZt9Pzwx2","baseKeyType":2,"closed":-1,"used":1701295236611,"created":1701295236611,"remoteIdentityKey":"BR71JMPCZmRompgPhBQPJf4W4qkiYvdTMpkgOVJcMa5/"},"_chains":{"BeQnbW3AKoMa7I9cYU6Rjv5loFyG7VJs1iW8tnmY1ytj":{"chainKey":{"counter":9,"key":"cEpKfXZg2yw+huoobGzMl0q10tNqC4dtLtHfTOVbku4="},"chainType":2,"messageKeys":{}},"BZK+cnuO3t5fS/iDgVVqHWl3OwhwimN0CNnXSwkcbEZd":{"chainKey":{"counter":-1,"key":"6HTD4HvHHDO9SmpdxRZVmPwvqojeBHdFtehNhhDThAY="},"chainType":1,"messageKeys":{}}}}},"version":"v1"}