{"noiseKey":{"private":{"type":"Buffer","data":"aIwPh2fAPnFTmf0olVx4p2q3uXX+6e/26D8fmrAt/nY="},"public":{"type":"Buffer","data":"WIKnWpZ0483pIC9MJUe7prLYhncG9NdA2kRC6meeRxM="}},"pairingEphemeralKeyPair":{"private":{"type":"Buffer","data":"8DLKzFp+iWxpkogBcGOzf1fRH8cOZYOLjmqHOWHuH3I="},"public":{"type":"Buffer","data":"JIj+RNELeGfyVzJRtbAyr0nZbJYFu0p/GpSuvEwYABE="}},"signedIdentityKey":{"private":{"type":"Buffer","data":"SAEiFB14soImryqAMeCCtYOHFMeIDIF5KGZn6oNu6Ho="},"public":{"type":"Buffer","data":"fqFSyfJ7FICbbia6iTtAxDX9DPOlt2xylOvkWkN5unE="}},"signedPreKey":{"keyPair":{"private":{"type":"Buffer","data":"CCoOSuu5vjbA0fixdZiUPzbOheNZ8xJNhY5x3UJa8UI="},"public":{"type":"Buffer","data":"TQc3gBZkElnO4QGuFbSar4T3axIsdWpxLtkJZIkswHM="}},"signature":{"type":"Buffer","data":"HhB//r85us+9KdfHvdIKJgEcAAAVx9s/wv2lb47qpsi3peIf4xEMSkleCyw0FW5QT25rI+AHyFnd3WPJFF5fAg=="},"keyId":1},"registrationId":118,"advSecretKey":"WhGHqvuK+BtEf4QNmyMvdAmCjvcCwezt8X5kR3fcWIs=","processedHistoryMessages":[{"key":{"remoteJid":"6285176916306@s.whatsapp.net","fromMe":true,"id":"E187AF1F4A6C37B5979D1080AA79ED06"},"messageTimestamp":1698967281},{"key":{"remoteJid":"6285176916306@s.whatsapp.net","fromMe":true,"id":"411BE75E6B6F2EE592D01905A7AB8AD5"},"messageTimestamp":1698967282},{"key":{"remoteJid":"6285176916306@s.whatsapp.net","fromMe":true,"id":"91548B37EF84BC594BD0925D9411FA37"},"messageTimestamp":1698967288},{"key":{"remoteJid":"6285176916306@s.whatsapp.net","fromMe":true,"id":"1C4815FA919BE73922C861D722B5B731"},"messageTimestamp":1698967297}],"nextPreKeyId":68,"firstUnuploadedPreKeyId":68,"accountSyncCounter":1,"accountSettings":{"unarchiveChats":false},"deviceId":"38octfr6RYKK8T8ZJR-uIw","phoneId":"7c347350-2bbc-4bbc-9635-b684cbafb152","identityId":{"type":"Buffer","data":"NTXMWISIk8VDKu4WFdFzx65XJbU="},"registered":true,"backupToken":{"type":"Buffer","data":"jLShg4iS0dIeCOWCUzlowqiO2+4="},"registration":{},"pairingCode":"K4WPYWRH","me":{"id":"6285176916306:6@s.whatsapp.net","name":"SiTotes Bot"},"account":{"details":"CLfbsfoGEOrdkKoGGAY=","accountSignatureKey":"SpaiIPacapoXLk+qfKVuUfHbsqpkSo3wjLPQEr34EGc=","accountSignature":"NzpiVyJlAJ0Bv1w57fd/VHMmW8zbdVrOC925NW1QNrJFLV3MT661C2FSEnmO+VZChHZhMIcUIG+v0dgBtyqbDw==","deviceSignature":"8/iwW5mmQhOrRQsoSc0ock3tlSVyOrq10cHOysLNQttnH6UaCkyUyN+0Mof7lTAf+Q0nFaW7DkscinhxhvL2CA=="},"signalIdentities":[{"identifier":{"name":"6285176916306:6@s.whatsapp.net","deviceId":0},"identifierKey":{"type":"Buffer","data":"BUqWoiD2nGqaFy5PqnylblHx27KqZEqN8Iyz0BK9+BBn"}}],"platform":"smba","lastAccountSyncTimestamp":1698967511,"myAppStateKeyId":"AAAAALgA"}
